site,dnds
1,0.659358449143
2,0.456570349429
3,0.388063576228
4,0.527138122062
5,0.515160688788
6,0.0764924950737
7,0.197296628586
8,0.308442249622
9,0.5615304426
10,0.853475035658
11,0.732281633957
12,0.545811986467
13,0.583478438559
14,0.896303972361
15,0.608072863306
16,0.182566686704
17,0.492131788057
18,0.613559969488
19,0.790742806561
20,0.10678580769
21,0.38388159699
22,0.714185299125
23,0.5024500436
24,0.471484547298
25,0.715094272841
26,0.765231962182
27,0.558899787362
28,0.635493466123
29,0.763176255905
30,0.85478032509
31,0.879968967823
32,0.468288443117
33,0.681286464561
34,0.748619385837
35,0.44002760324
36,0.392468550783
37,0.373930549594
38,0.135968909242
39,0.326352740917
40,0.478409525411
41,0.823414319055
42,0.071231264691
43,0.130101429887
44,0.576570168211
45,0.540681455116
46,0.1467939906
47,0.514539256879
48,0.710816909422
49,0.683279409682
50,0.624029325621
51,0.824591069608
52,0.693645798481
53,0.700176886789
54,0.75568832025
55,0.197862840027
56,0.725278997346
57,0.901059272328
58,0.762939070217
59,0.634641417237
60,0.502794465409
61,0.747778425817
62,0.750347348715
63,0.605831162007
64,0.819520592252
65,0.664231753879
66,0.595094299277
67,0.428835286747
68,0.517746141884
69,0.439453131448
70,0.34765828818
71,0.506693348149
72,0.035566242709
73,0.463567488009
74,0.673522693073
75,0.722672851219
76,0.592039113383
77,0.770391119193
78,0.762136973251
79,0.500463286694
