site,dnds
1,0.770993129198
2,0.702964762043
3,0.500138036898
4,0.603474214111
5,0.53586501085
6,0.58732626624
7,0.340662662549
8,0.0132358934298
9,0.636120318673
10,0.126082964713
11,0.514744279216
12,0.715782831231
13,0.74060854139
14,0.818623830765
15,0.769709558742
16,0.867975797845
17,0.753093216915
18,0.854528676337
19,0.841979216622
20,0.87201260588
21,0.871187142241
22,0.836129108291
23,0.881387242268
24,0.862335384975
25,0.747599182603
26,0.726451027344
27,0.500538632154
28,0.801391389893
29,0.474740437974
30,0.455222744558
31,0.516208716663
32,0.518922704009
33,0.0193650033879
34,0.0458755755509
35,0.556702350156
36,0.652613729378
37,0.511495777659
38,0.723059851015
39,0.604961919946
40,0.890869507255
41,0.77715382073
42,0.821986216428
43,0.899115207866
44,0.6171263201
45,0.833834901989
46,0.842777277749
47,0.842454060383
48,0.847634856583
49,0.783625641122
50,0.862873288636
51,0.698722363204
52,0.606481681468
53,0.384062481947
54,0.755468764586
55,0.565380105471
56,0.715538720996
57,0.0128907688304
58,0.128950382147
59,0.215324829627
60,0.224967965686
61,0.826198760789
62,0.821571274887
63,0.893567608983
64,0.892903921265
65,0.678218375405
66,0.782989143486
67,0.837709391171
68,0.714005982089
69,0.879215290432
70,0.731380156077
71,0.882926560042
72,0.862078701812
73,0.775868534532
74,0.834200660803
75,0.843083086078
76,0.863108465777
77,0.902062694977
78,0.866408385708
79,0.883582402622
80,0.749413682026
81,0.817387329485
82,0.786216744177
83,0.456792935937
84,0.608731647746
85,0.546143588115
86,0.731614521805
87,0.0342880513937
88,0.603494902844
89,0.41514887266
90,0.803187032877
91,0.821363172456
92,0.754996478807
93,0.917430095919
94,0.792989535228
95,0.746707166423
96,0.837185555081
97,0.891552405239
98,0.824228555638
99,0.770224551509
100,0.666002529554
101,0.711347086051
102,0.575251572192
103,0.464103258256
104,0.574674641453
105,0.740710657579
106,0.135780558671
107,0.0554446044696
108,0.596015726525
109,0.138351619823
110,0.879514833976
111,0.76793127624
