site,dnds
1,0.669677560467
2,0.474906276731
3,0.414986978268
4,0.541735892226
5,0.529384877878
6,0.106295008722
7,0.282778050915
8,0.345183642444
9,0.578599652631
10,0.856532135991
11,0.743286125937
12,0.565030261976
13,0.61670524954
14,0.90241341426
15,0.622390304516
16,0.202635451953
17,0.510390145196
18,0.630408567232
19,0.798381385979
20,0.1508630799
21,0.435526225094
22,0.725446962243
23,0.540790893426
24,0.494307772299
25,0.725285931116
26,0.772865547133
27,0.573483973722
28,0.651634700887
29,0.775109357629
30,0.85995473657
31,0.885959499104
32,0.485845952042
33,0.69261917742
34,0.757096388934
35,0.457359118758
36,0.450417780833
37,0.454751710835
38,0.157035218796
39,0.346070728697
40,0.499191765965
41,0.830028529618
42,0.10114301383
43,0.209983912323
44,0.591959657973
45,0.55810645666
46,0.200205163734
47,0.532189175535
48,0.720641241873
49,0.697923299163
50,0.63804768165
51,0.827664073112
52,0.710310905344
53,0.709046669083
54,0.784189509678
55,0.221442822339
56,0.73463417152
57,0.905020335935
58,0.772360814236
59,0.653030765135
60,0.535531825164
61,0.757969932113
62,0.762480746172
63,0.615486077465
64,0.824126521557
65,0.686878676271
66,0.693276394453
67,0.452417180604
68,0.531983291756
69,0.47215538971
70,0.367032384025
71,0.524106113084
72,0.0728671688199
73,0.497046878004
74,0.683956131884
75,0.732007353221
76,0.606393882568
77,0.77670033398
78,0.770310097889
79,0.524674390174
