site,dnds
1,0.402628220782
2,0.371706536354
3,0.474927165001
4,0.482010135457
5,0.441972343066
6,0.565313401312
7,0.331811903589
8,0.329542836363
9,0.435933578903
10,0.702579647825
11,0.79202716967
12,0.889955225356
13,0.489243087331
14,0.831263144196
15,0.6261638414
16,0.432569810075
17,0.505185007789
18,0.755904386951
19,0.53083126402
20,0.783369521952
21,0.770386427366
22,0.520612860698
23,0.773301333952
24,0.648088381192
25,0.433115901281
26,0.448095255403
27,0.515264651279
28,0.536720372086
29,0.55531315901
30,0.275327186676
31,0.248062949932
32,0.479222499664
33,0.26037823582
34,0.753621995173
35,0.650129723742
36,0.817364519044
37,0.755828141609
38,0.648452947879
39,0.459195813496
40,0.761273190076
41,0.734125650154
42,0.600421134837
43,0.750847332464
44,0.649809511044
45,0.783145201597
46,0.508690962337
47,0.692013112227
48,0.854880039823
49,0.842665062831
50,0.694710839447
51,0.525565164947
52,0.413215215044
53,0.647649270054
54,0.694095534013
55,0.801920632076
56,0.212183983539
57,0.731249524733
58,0.577963392416
59,0.813524746584
60,0.366144440754
61,0.648235316065
62,0.669904069424
63,0.805784889599
64,0.602359443275
65,0.812422766832
66,0.640359421169
67,0.609831686853
68,0.3550113578
69,0.542498437936
70,0.716137814636
71,0.670461691135
72,0.660439063206
73,0.202902300543
74,0.437200182805
75,0.110092083992
76,0.584613370556
77,0.340851842696
78,0.638002850022
79,0.883401821753
80,0.631484070379
81,0.717057467627
82,0.610537109249
83,0.596454499905
84,0.806051335363
85,0.794908844875
86,0.608691265319
87,0.603229663208
88,0.769942803446
89,0.778256248338
90,0.495307742954
91,0.749623644545
92,0.795187649887
93,0.700300944045
94,0.818786086757
95,0.761992992357
96,0.834998515909
97,0.649245368398
98,0.899823958759
99,0.789878463008
100,0.849744842028
101,0.85277974445
102,0.905920138797
103,0.8715673176
104,0.86917917515
105,0.875499795588
106,0.900872617791
107,0.913533874038
108,0.908951758617
109,0.774542849914
110,0.888713316873
111,0.932860152835
112,0.842906838784
113,0.914517532428
114,0.883027849669
115,0.915764531711
116,0.939032213576
117,0.890629796036
118,0.883330785505
119,0.910927293368
120,0.892253695059
121,0.859270875396
122,0.961666774719
123,0.92402168597
124,0.923243858375
125,0.898119657557
126,0.865512521504
127,0.881544982421
128,0.860092850889
129,0.844456663075
130,0.792622886123
131,0.77455146939
132,0.793140918257
133,0.685382987745
134,0.838920323363
135,0.704872047621
136,0.786880450053
137,0.730091808741
