site,dnds
1,0.658244403217
2,0.555813123721
3,0.365746326525
4,0.717024361008
5,0.625367844289
6,0.272479340107
7,0.56517049744
8,0.530351046148
9,0.761280858273
10,0.715924742366
11,0.705399830292
12,0.545298716452
13,0.447593012087
14,0.855540331587
15,0.774026450982
16,0.65727879193
17,0.375830022323
18,0.496852577445
19,0.5806094151
20,0.574804827059
21,0.349788129429
22,0.504265206794
23,0.619274077063
24,0.520842615391
25,0.490420319974
26,0.543159815077
27,0.708458027307
28,0.585395406073
29,0.176396578915
30,0.104698324159
31,0.160790802703
32,0.510584289857
33,0.701167632441
34,0.734549544886
35,0.746744822837
36,0.771730679053
37,0.814308691388
38,0.685883430714
39,0.332829758014
40,0.70038987212
41,0.761786748572
42,0.535158118292
43,0.649133665026
44,0.765396050274
45,0.264005807758
46,0.499826507956
47,0.642112642047
48,0.616684937507
49,0.288865397966
50,0.605691997012
51,0.53691995985
52,0.695874646027
53,0.835339540836
54,0.748316338332
55,0.437698034077
56,0.697988709602
57,0.80691004497
58,0.554503357434
59,0.44790969952
60,0.840636570578
61,0.846658744385
62,0.686189416615
