site,dnds
1,0.591479776401
2,0.570829446936
3,0.21237138906
4,0.705406460007
5,0.697333404145
6,0.416477157478
7,0.591652997328
8,0.488978927312
9,0.590186163088
10,0.499270420586
11,0.242251828388
12,0.369957360641
13,0.666755648606
14,0.510961330156
15,0.190804621415
16,0.210567983272
17,0.629032897622
18,0.696967855479
19,0.436520004475
20,0.434247933349
21,0.528632390035
22,0.406280282952
23,0.441256237895
24,0.416494445811
25,0.554140845518
26,0.454009227629
27,0.204442566753
28,0.594473920357
29,0.614920677743
30,0.356311635218
31,0.550152305983
32,0.639111310086
33,0.259727353261
34,0.0651893229386
35,0.701714078991
36,0.738771679788
37,0.50884229359
38,0.393972690341
39,0.596391463538
40,0.659420488286
41,0.181018065561
42,0.277354584358
43,0.685742286111
44,0.234572505042
45,0.730354425412
46,0.627310528454
47,0.750995131046
48,0.426776997654
49,0.123323897024
50,0.74417447104
51,0.666741633062
52,0.190001206481
53,0.718762949811
