site,dnds
1,0.388340448685
2,0.343642936503
3,0.453695810252
4,0.465205457483
5,0.367658091374
6,0.549833151918
7,0.239337134188
8,0.291799363181
9,0.402561620535
10,0.690882072101
11,0.784742753516
12,0.887308120013
13,0.473376787606
14,0.823670298867
15,0.6098111381
16,0.366037720318
17,0.487953623423
18,0.74879708951
19,0.499157608837
20,0.777019300975
21,0.762608293383
22,0.486954061553
23,0.764679286995
24,0.560426565497
25,0.394202775314
26,0.431251459186
27,0.497939691483
28,0.521975874768
29,0.539781590395
30,0.170749906585
31,0.223546866644
32,0.452741933004
33,0.231826158747
34,0.74546397401
35,0.638123651875
36,0.806462909793
37,0.709763894001
38,0.620325728016
39,0.425880250953
40,0.75169881997
41,0.724361551909
42,0.584317859529
43,0.742874168974
44,0.635894361334
45,0.774504437996
46,0.47290076435
47,0.680768734545
48,0.850956041365
49,0.838133180321
50,0.677555550401
51,0.512333944894
52,0.391388189126
53,0.625837023133
54,0.687039290165
55,0.794395085837
56,0.116431260033
57,0.724027790871
58,0.563759561028
59,0.809366006627
60,0.340347586762
61,0.637624538062
62,0.655899073906
63,0.802246291408
64,0.588693749108
65,0.805929427081
66,0.631061151643
67,0.596122306058
68,0.254799835835
69,0.529271061587
70,0.707783886788
71,0.661223128304
72,0.646449470785
73,0.178531165182
74,0.423984601871
75,0.0408979369483
76,0.57259884367
77,0.256472785648
78,0.612404658475
79,0.879988576292
80,0.597606272316
81,0.704835048039
82,0.580508345779
83,0.585281811225
84,0.794522459875
85,0.785887007813
86,0.592237152577
87,0.549602748558
88,0.761141513741
89,0.766723608873
90,0.454734128502
91,0.73352785967
92,0.788051498354
93,0.692662741508
94,0.810158462931
95,0.752431280029
96,0.828384029584
97,0.633107022907
98,0.876615845581
99,0.784052284154
100,0.843746204853
101,0.841641159734
102,0.902669001696
103,0.868210305423
104,0.862340304192
105,0.870238636964
106,0.897812230275
107,0.910922553584
108,0.905595522527
109,0.731099042646
110,0.868789858457
111,0.931187193512
112,0.837629075895
113,0.911493860257
114,0.878933591308
115,0.91233536022
116,0.936336364147
117,0.8853770264
118,0.877291142923
119,0.906476604776
120,0.886029507833
121,0.85343709179
122,0.960885051929
123,0.921083277408
124,0.919798429317
125,0.893743419646
126,0.860642307958
127,0.877615069744
128,0.855041246231
129,0.838905544487
130,0.780652506322
131,0.765478313829
132,0.785796139861
133,0.668271615096
134,0.835603280985
135,0.699363959249
136,0.780694297992
137,0.719026817651
