site,dnds
1,0.63318024583
2,0.664018058986
3,0.295622930048
4,0.76383581548
5,0.76383581548
6,0.502427566787
7,0.584998033598
8,0.591347676552
9,0.76383581548
10,0.479223508706
11,0.512863108105
12,0.456337527756
13,0.681400316056
14,0.635810264037
15,0.211067699137
16,0.241534145607
17,0.707815700869
18,0.707815700869
19,0.469000995642
20,0.512863108105
21,0.554673498148
22,0.49483228102
23,0.49483228102
24,0.44134808561
25,0.549653150944
26,0.502427566787
27,0.272145414649
28,0.635810264037
29,0.635810264037
30,0.384735985129
31,0.635810264037
32,0.635810264037
33,0.302245628667
34,0.093014883915
35,0.707815700869
36,0.707815700869
37,0.63318024583
38,0.479223508706
39,0.566639117553
40,0.591347676552
41,0.202816242525
42,0.295622930048
43,0.76383581548
44,0.22834589108
45,0.512863108105
46,0.664018058986
47,0.76383581548
48,0.477866950805
49,0.163818798751
50,0.706417558893
51,0.707815700869
52,0.202816242525
53,0.707815700869
