site,dnds
1,0.804354660786
2,0.808379804085
3,0.547198986962
4,0.676449212414
5,0.603406998422
6,0.642489119661
7,0.33911148455
8,0.248359379299
9,0.692154833257
10,0.200675573428
11,0.595604148988
12,0.745298972254
13,0.849634408204
14,0.906780004168
15,0.906746722294
16,0.883890513391
17,0.882315281685
18,0.883095219784
19,0.894350462829
20,0.883180884726
21,0.928602827803
22,0.934195104263
23,0.90685153644
24,0.862581007964
25,0.838436410985
26,0.832386651132
27,0.686502166481
28,0.883118297472
29,0.54289566769
30,0.54289566769
31,0.206815675814
32,0.588247462748
33,0.280228961951
34,0.248359379299
35,0.642971605814
36,0.703203702431
37,0.651032437613
38,0.808379804085
39,0.745298972254
40,0.839172651064
41,0.885546464297
42,0.876723033947
43,0.900963598428
44,0.819338825736
45,0.892759194592
46,0.903938853849
47,0.91085708792
48,0.835220984016
49,0.838719342098
50,0.927351039312
51,0.838436410985
52,0.668453969314
53,0.607288765611
54,0.804354660786
55,0.642489119661
56,0.791200096836
57,0.280228961951
58,0.429436308105
59,0.206815675814
60,0.466486016063
61,0.882402929938
62,0.906746722294
63,0.885723965447
64,0.927388110105
65,0.792679735937
66,0.875909645756
67,0.88294218947
68,0.883992330832
69,0.883489912893
70,0.850760098649
71,0.920897539037
72,0.883069583556
73,0.875852158187
74,0.876167431872
75,0.898150173676
76,0.906949898841
77,0.922525310536
78,0.927717825995
79,0.927442303677
80,0.866020784961
81,0.886897638083
82,0.686502166481
83,0.547198986962
84,0.646033794605
85,0.636655723413
86,0.765230898896
87,0.19969474066
88,0.651778635233
89,0.487863651543
90,0.872910553431
91,0.876723033947
92,0.838719342098
93,0.914492757129
94,0.882693289581
95,0.800448352187
96,0.884302630579
97,0.906746722294
98,0.885546464297
99,0.779852710655
100,0.725027798153
101,0.686502166481
102,0.676449212414
103,0.547198986962
104,0.639815264677
105,0.776866475256
106,0.33911148455
107,0.202603291587
108,0.643880694828
109,0.206815675814
110,0.892759194592
111,0.812108744836
