site,dnds
1,0.65960214943
2,0.542410155291
3,0.495343323038
4,0.708111406539
5,0.643776543922
6,0.36752917169
7,0.585442193982
8,0.561933627945
9,0.758706820599
10,0.722526355965
11,0.704099279317
12,0.573670061437
13,0.501710559965
14,0.851512470245
15,0.768545550793
16,0.686230083902
17,0.444808748849
18,0.569026619051
19,0.628735538936
20,0.605260352988
21,0.434324192462
22,0.536871006115
23,0.637420999002
24,0.529220333244
25,0.5061548287
26,0.576507621609
27,0.717929138118
28,0.583079712772
29,0.423246713033
30,0.35682998115
31,0.476959235127
32,0.559020477732
33,0.718397548304
34,0.738039123368
35,0.744086093803
36,0.776001031205
37,0.823225021441
38,0.694743210852
39,0.419285653631
40,0.697257269155
41,0.756073429413
42,0.554127771567
43,0.664537563728
44,0.772431076629
45,0.430101545575
46,0.535496219171
47,0.648549921497
48,0.627597948468
49,0.391242542003
50,0.613208482968
51,0.609040749664
52,0.711826436836
53,0.837010292561
54,0.770530364626
55,0.505275754388
56,0.701492287804
57,0.795845220421
58,0.62352927051
59,0.542498186097
60,0.834424896559
61,0.845336573076
62,0.69221735452
