site,dnds
1,0.878810126796
2,0.850880104208
3,0.68603000122
4,0.90209147275
5,0.874165547354
6,0.845509607802
7,0.703072654495
8,0.641400669555
9,0.874376729405
10,0.811205548651
11,0.556056341589
12,0.49998071309
13,0.270412088831
14,0.533865434751
15,0.74132390728
16,0.7080217209
17,0.824246224008
18,0.67770981681
19,0.287757841849
20,0.723214457365
21,0.79972987819
22,0.686519015141
23,0.609893864574
24,0.755285778322
25,0.7963406463
26,0.204639032339
27,0.632828335196
28,0.769635550445
29,0.711159743583
30,0.828059763145
31,0.939079756341
32,0.767981534745
33,0.557788532909
34,0.41532911177
35,0.496240029597
36,0.446436200062
37,0.225269353232
38,0.541085793958
39,0.479335875494
40,0.451706834117
41,0.404771280191
42,0.27952494029
43,0.0253361086138
44,0.452546960386
45,0.194644997677
46,0.481736039242
47,0.63135225561
48,0.702208011433
49,0.405919026912
50,0.614624442806
51,0.625776094697
52,0.225927889979
53,0.438315172559
54,0.520478450897
55,0.657194833671
56,0.366197564704
57,0.763518769886
58,0.492327730075
59,0.703387249957
60,0.491531156588
61,0.6780890788
62,0.727025548178
63,0.720779858233
64,0.45410501754
65,0.688779677758
66,0.239636121893
67,0.246266353844
68,0.640628341582
69,0.119339855496
70,0.0445424882798
71,0.437319098488
72,0.252295786341
73,0.0747199291874
74,0.781323149528
75,0.495939041301
