site,dnds
1,0.587764546379
2,0.56833566345
3,0.205714875183
4,0.703495187055
5,0.695190939092
6,0.41138790073
7,0.587952756848
8,0.485327380067
9,0.587934841806
10,0.486027143091
11,0.237220495985
12,0.361942251821
13,0.66403904965
14,0.498668387564
15,0.181679874712
16,0.200209929909
17,0.624892365128
18,0.694988624127
19,0.429852944304
20,0.428169504633
21,0.524585091178
22,0.40066012472
23,0.435244414591
24,0.411759179695
25,0.550768946789
26,0.45003954449
27,0.199650781727
28,0.587286955023
29,0.61026217196
30,0.351415222858
31,0.545093195723
32,0.634847919635
33,0.254227549587
34,0.0557726031861
35,0.696575805919
36,0.73577794654
37,0.50352912902
38,0.384914620539
39,0.592893105989
40,0.652867165376
41,0.174713783169
42,0.269395308567
43,0.683026925553
44,0.226382558977
45,0.72800044853
46,0.624820024895
47,0.749759989171
48,0.42185971314
49,0.107429447485
50,0.742412437563
51,0.664228389929
52,0.183235006355
53,0.716957160415
