site,dnds
1,0.935209157883
2,0.916594790213
3,0.816503769982
4,0.937613996504
5,0.675320430516
6,0.758380982408
7,0.541191049843
8,0.629721593586
9,0.315264744895
10,0.569700330678
11,0.459719476564
12,0.848687126766
13,0.707265013871
14,0.659059319052
15,0.813414873035
16,0.813826686795
17,0.490218820817
18,0.378675828388
19,0.378900877726
20,0.0515209932058
21,0.570540236119
22,0.363701791282
23,0.831839272581
24,0.803028362417
25,0.882258006223
26,0.881337233787
27,0.910891162083
28,0.882476898611
29,0.839994927419
30,0.845190712603
31,0.858795903462
32,0.819565821561
33,0.878483475334
34,0.779281573069
35,0.883447784094
36,0.704248471273
37,0.443705278451
38,0.649299060617
39,0.617769187952
40,0.418439044369
41,0.519798253187
42,0.559919614303
43,0.187417671315
44,0.0570258739387
45,0.721939879219
46,0.0980754049479
47,0.744907037311
48,0.0445598113751
49,0.146461712834
50,0.621156351257
51,0.57801151136
52,0.474170737953
53,0.349918937055
54,0.830489306861
55,0.83120025135
56,0.527378358484
57,0.814089222589
58,0.839317837468
59,0.802962861253
60,0.783373457904
61,0.755082596883
62,0.829760518721
63,0.853407770903
64,0.810934151588
65,0.668885455474
66,0.813314304966
67,0.880032223589
68,0.864832762715
69,0.865685516435
70,0.881407630017
71,0.888718408827
72,0.913201422225
73,0.86167098486
74,0.849979477584
75,0.889670348573
76,0.943879214872
77,0.891836895834
78,0.880687896525
79,0.814744016535
80,0.910265414325
81,0.880687561561
82,0.882173473122
83,0.90324275635
84,0.867337952254
85,0.876823245099
86,0.844612419691
87,0.853604029502
88,0.897385341959
89,0.858018503524
90,0.861765318963
91,0.859866391371
92,0.810329492265
93,0.806479877282
94,0.84445696371
95,0.829433166998
96,0.648414489899
97,0.741547628441
98,0.679831316645
99,0.604584357784
100,0.719876307519
101,0.756500621747
102,0.783111905229
103,0.823274541189
104,0.823548411097
105,0.771563712228
106,0.811415418913
107,0.768184725946
108,0.813335077458
109,0.838087444
110,0.879386517116
111,0.790308835139
112,0.830182576001
113,0.670088627129
114,0.547792857718
115,0.499158715465
116,0.61670987146
117,0.30414606929
118,0.164691328143
119,0.625406913907
120,0.726910427121
121,0.554513980169
122,0.903628713096
123,0.913861719612
124,0.819002244248
125,0.628689456645
126,0.755885532213
127,0.851061106853
128,0.899259166606
129,0.782620868403
130,0.818549846287
131,0.544114864712
132,0.277987539984
