site,dnds
1,0.934912559823
2,0.91649268335
3,0.816075839389
4,0.937458359468
5,0.673895583616
6,0.754747531839
7,0.539570659804
8,0.625117196497
9,0.308988225309
10,0.564925541072
11,0.453157119788
12,0.846729461767
13,0.704245985764
14,0.653515470866
15,0.809967013203
16,0.813264035152
17,0.479815863274
18,0.359238218975
19,0.372206067028
20,0.0496400197658
21,0.564965802152
22,0.358991711102
23,0.831389693767
24,0.802247171962
25,0.881810455317
26,0.880786559788
27,0.910492192167
28,0.882078305109
29,0.839531830377
30,0.844616137209
31,0.855808846392
32,0.818650910993
33,0.877129485538
34,0.778879963173
35,0.883033595541
36,0.702062720067
37,0.438455939935
38,0.647248667829
39,0.617133876005
40,0.413372348882
41,0.514810017253
42,0.554727793994
43,0.185698740814
44,0.0550129177515
45,0.721230923707
46,0.0898253996454
47,0.744000233741
48,0.0392470205343
49,0.144441742277
50,0.616591977798
51,0.576630160843
52,0.473266581239
53,0.252261163726
54,0.82819135261
55,0.830556988329
56,0.521689366872
57,0.813400498719
58,0.838826437296
59,0.802021966557
60,0.782613518167
61,0.754436169959
62,0.82910044499
63,0.852603140795
64,0.809147992582
65,0.667572645005
66,0.812703253467
67,0.878751463134
68,0.862215690435
69,0.86384279971
70,0.879590414566
71,0.888391962711
72,0.912072027845
73,0.861013208938
74,0.849434988494
75,0.889248629913
76,0.943564922503
77,0.891307890786
78,0.880097680074
79,0.812587150824
80,0.909420148064
81,0.880343063767
82,0.88175853196
83,0.90282275555
84,0.86683492893
85,0.875151881663
86,0.844132956667
87,0.853295503616
88,0.896663087571
89,0.857506750619
90,0.861053255972
91,0.859307852559
92,0.80964373756
93,0.805715333115
94,0.843854781451
95,0.829059104534
96,0.647469978726
97,0.740820622459
98,0.678886686312
99,0.603925273075
100,0.719268148546
101,0.755518384472
102,0.782605257515
103,0.820886710926
104,0.822973138631
105,0.771142700657
106,0.810881191502
107,0.767213105146
108,0.812605245426
109,0.836132188989
110,0.879074165281
111,0.78880563617
112,0.829419877048
113,0.669491709743
114,0.544240336764
115,0.496320192013
116,0.61512019445
117,0.302361396652
118,0.159972226991
119,0.622529137662
120,0.726065291617
121,0.553292253532
122,0.903293430748
123,0.913477648222
124,0.81756136987
125,0.626805602316
126,0.755358143661
127,0.850564408075
128,0.898941159059
129,0.781842683679
130,0.817988778724
131,0.542673026532
132,0.276116587059
