site,dnds
1,0.387844150641
2,0.34333945125
3,0.45132586897
4,0.462729578132
5,0.366097638191
6,0.546944849544
7,0.246591900763
8,0.29159724407
9,0.403359510694
10,0.689936261302
11,0.782311834471
12,0.887243015804
13,0.470485402126
14,0.822705333217
15,0.608420022477
16,0.36992375141
17,0.483578729188
18,0.747397660194
19,0.493438581234
20,0.776825260001
21,0.761734806233
22,0.488932581108
23,0.763715485339
24,0.570142746706
25,0.393615680465
26,0.429593293957
27,0.494646017448
28,0.51955409372
29,0.536606750299
30,0.17099900437
31,0.218331482885
32,0.45045496391
33,0.234301596337
34,0.744072456296
35,0.635897028025
36,0.802947263214
37,0.708266726775
38,0.621936849511
39,0.424897376413
40,0.750514762455
41,0.723434591484
42,0.584420084133
43,0.740901318263
44,0.633613472841
45,0.772809379547
46,0.474837429379
47,0.677137907199
48,0.850990260578
49,0.836802667416
50,0.67539445852
51,0.510818793899
52,0.391866608115
53,0.625124179896
54,0.686433919179
55,0.792080341492
56,0.118924796025
57,0.722455937791
58,0.561772842758
59,0.809238472805
60,0.336483749369
61,0.635782704215
62,0.653309743349
63,0.80204026439
64,0.585771636571
65,0.805078144666
66,0.630939938134
67,0.593587500277
68,0.263381702251
69,0.527020854957
70,0.706478700604
71,0.659089517441
72,0.642931949639
73,0.177131801775
74,0.421400640202
75,0.0503834434755
76,0.570578050922
77,0.257977376018
78,0.611405851334
79,0.879006523316
80,0.599364376217
81,0.703205114505
82,0.581562458928
83,0.580933906405
84,0.793699186488
85,0.784693698372
86,0.589860736043
87,0.545097388473
88,0.760560265026
89,0.767151880733
90,0.453819580477
91,0.733227323904
92,0.787334953302
93,0.692581992268
94,0.809710959425
95,0.749995071395
96,0.828368983998
97,0.629775768107
98,0.876713956756
99,0.78254193116
100,0.842540252375
101,0.842335905212
102,0.902646719501
103,0.868085648946
104,0.862546239412
105,0.869107644225
106,0.897759224366
107,0.910904195768
108,0.905488035366
109,0.735267113078
110,0.869019545744
111,0.931085577045
112,0.837552477518
113,0.9114526324
114,0.878955612635
115,0.911220727844
116,0.936364899999
117,0.885450005006
118,0.87751371167
119,0.906591751704
120,0.886001448763
121,0.853421156684
122,0.960870085522
123,0.921067822953
124,0.919871374012
125,0.893795772072
126,0.859257813773
127,0.877575323983
128,0.854969170272
129,0.838980299643
130,0.781223500773
131,0.765901841097
132,0.786090148956
133,0.667670839752
134,0.835560099241
135,0.699016811666
136,0.779810260916
137,0.71934968212
