site,dnds
1,0.473340078494
2,0.771046910217
3,0.723745714225
4,0.369070747409
5,0.0763515513473
6,0.788353167788
7,0.564806204933
8,0.0298398242781
9,0.592399366899
10,0.784358723705
11,0.496045594037
12,0.336735800654
13,0.738093121662
14,0.68902702228
15,0.433495552598
16,0.694616458618
17,0.199880918468
18,0.216075176641
19,0.622692863168
20,0.691119150945
21,0.339285951525
22,0.356034375533
23,0.751659883056
24,0.763398995272
25,0.190988921743
26,0.615186902181
27,0.809835944553
28,0.542216455553
29,0.379271211385
30,0.727971480025
31,0.483918607245
32,0.440081694053
33,0.470415087916
34,0.57813661331
35,0.509375105099
36,0.859779641669
37,0.748800453751
38,0.247614630664
39,0.499550331663
40,0.680265053866
41,0.316544699256
42,0.306338021049
43,0.536554231494
44,0.387187695104
45,0.521382268165
46,0.471889285995
47,0.436899416718
48,0.636691089005
49,0.727745904877
50,0.515016489101
51,0.711699766646
52,0.683932436814
53,0.54079089264
54,0.0215693542438
55,0.12402045735
56,0.334915386437
57,0.6017708409
58,0.66332846556
59,0.80243602715
60,0.774315876779
61,0.735322172084
62,0.499875133477
63,0.500402085905
64,0.238325874789
