site,dnds
1,0.772033430212
2,0.70470072938
3,0.502225593652
4,0.604957337142
5,0.537081888814
6,0.588581861024
7,0.343291016362
8,0.0305610375634
9,0.63814817077
10,0.13112422513
11,0.516637256382
12,0.716774220967
13,0.741670207056
14,0.819452822112
15,0.77079827537
16,0.86830817915
17,0.755539130413
18,0.854942373955
19,0.842657703386
20,0.872323276112
21,0.871809352149
22,0.837916527621
23,0.881727536221
24,0.862861013783
25,0.74818376191
26,0.727456162062
27,0.502848039797
28,0.801842118306
29,0.477310938246
30,0.461278422374
31,0.517647834418
32,0.52191246038
33,0.0291380203938
34,0.0548568285814
35,0.559068253492
36,0.653717618544
37,0.516651876942
38,0.724289181178
39,0.606752223616
40,0.891140865601
41,0.780058361793
42,0.822289147884
43,0.899357139215
44,0.620836248211
45,0.834522192244
46,0.843196541285
47,0.842919083715
48,0.848274953388
49,0.784183567294
50,0.863564313185
51,0.699662615638
52,0.607807090164
53,0.391162180306
54,0.756800452445
55,0.567945408353
56,0.716483198964
57,0.0416295913867
58,0.134186247136
59,0.217739506448
60,0.22952123217
61,0.826847321811
62,0.822479982257
63,0.894019134282
64,0.893196254116
65,0.681027822678
66,0.783815310975
67,0.83965904238
68,0.727240253961
69,0.879781150873
70,0.732046677751
71,0.883283340439
72,0.86236931052
73,0.776588728861
74,0.834700873876
75,0.843674383784
76,0.863823753842
77,0.90304556439
78,0.866870058729
79,0.884489924317
80,0.751283315465
81,0.81788404225
82,0.787085904185
83,0.459452213961
84,0.609870018031
85,0.548766256922
86,0.732933404775
87,0.0393749869397
88,0.604634240998
89,0.417706902281
90,0.803696953182
91,0.823568553534
92,0.756172450416
93,0.91769683261
94,0.79353503391
95,0.747513316983
96,0.837724968832
97,0.892177565537
98,0.82488481536
99,0.771430367187
100,0.667293167254
101,0.712979548127
102,0.580425845261
103,0.469168021841
104,0.575542837165
105,0.741946190027
106,0.140228371959
107,0.0657664208392
108,0.596926677571
109,0.142204027822
110,0.880104565532
111,0.7685911183
