site,dnds
1,0.935266919072
2,0.916586533079
3,0.816823879192
4,0.937598728661
5,0.674866706786
6,0.756377957606
7,0.541359762268
8,0.627289295478
9,0.315214554496
10,0.566985656358
11,0.456244199767
12,0.847517224969
13,0.70589890499
14,0.655631299773
15,0.811528669219
16,0.81397276053
17,0.48510210476
18,0.367773982577
19,0.37497140982
20,0.0560588505413
21,0.567586119188
22,0.363257554519
23,0.831796581053
24,0.802801893944
25,0.882202072578
26,0.881203746882
27,0.91089007265
28,0.882414319402
29,0.839932315435
30,0.845102722419
31,0.857089155191
32,0.819414695365
33,0.877677949309
34,0.779213568141
35,0.883355549669
36,0.703232624765
37,0.441086373048
38,0.648723306254
39,0.618147636401
40,0.416178519796
41,0.517128418162
42,0.557268023672
43,0.187679233392
44,0.0642522484293
45,0.721803092542
46,0.0985597880943
47,0.744922345824
48,0.0431295751449
49,0.149413690163
50,0.618278461938
51,0.57858645866
52,0.474556906019
53,0.354166874351
54,0.829198809446
55,0.831208618745
56,0.524325466147
57,0.814558496158
58,0.839372500905
59,0.802462843676
60,0.783646896152
61,0.755118992287
62,0.829591611769
63,0.853652963585
64,0.809930682784
65,0.66927871683
66,0.813644287994
67,0.879337552297
68,0.863315287457
69,0.864901452112
70,0.880436505434
71,0.888661187116
72,0.912675778099
73,0.861676461997
74,0.849947025982
75,0.889695806842
76,0.943818322679
77,0.891709451991
78,0.880764138111
79,0.813796109635
80,0.909795262588
81,0.880594088927
82,0.882106950428
83,0.903218519591
84,0.867254817761
85,0.875780504427
86,0.844616704613
87,0.853521110859
88,0.897085136713
89,0.857924137359
90,0.861726279159
91,0.859866720527
92,0.81046613732
93,0.806266884547
94,0.844469703927
95,0.829331784567
96,0.648966885742
97,0.741586386338
98,0.679568896718
99,0.604907847322
100,0.719869470291
101,0.756744671219
102,0.783011691185
103,0.82212224545
104,0.823454409631
105,0.771560580933
106,0.811344816369
107,0.768636142481
108,0.813567971827
109,0.836766857916
110,0.879329505438
111,0.78960526676
112,0.830282660447
113,0.670451742558
114,0.545882822878
115,0.498068127596
116,0.616277067111
117,0.305315935013
118,0.163996206207
119,0.624238060055
120,0.726825722716
121,0.555447788312
122,0.903566188188
123,0.913882332028
124,0.818273930526
125,0.633044888991
126,0.755919558593
127,0.850941781612
128,0.899292488671
129,0.782739332428
130,0.818553456122
131,0.544131237136
132,0.278996119355
