site,dnds
1,0.588628982357
2,0.569016265771
3,0.207237790683
4,0.704384895748
5,0.695561895402
6,0.412417399541
7,0.588446208414
8,0.486256229867
9,0.588208985599
10,0.48788752779
11,0.238354862836
12,0.363763975603
13,0.664563873831
14,0.499698717701
15,0.182958665332
16,0.202922808476
17,0.626378295283
18,0.695272689018
19,0.431859722562
20,0.42903520633
21,0.525854419784
22,0.40148820191
23,0.436183189511
24,0.412747286361
25,0.551675790533
26,0.451165866811
27,0.200415411349
28,0.588610248457
29,0.611454869399
30,0.352589156166
31,0.546040371629
32,0.636288707415
33,0.255393480199
34,0.0569672609102
35,0.698515847254
36,0.736956197649
37,0.505665587442
38,0.386697833594
39,0.593783723952
40,0.653927480957
41,0.175843948683
42,0.270799206179
43,0.683858272226
44,0.227358277427
45,0.728430039026
46,0.625505333055
47,0.750015484395
48,0.423099371818
49,0.110722658008
50,0.742563675481
51,0.664608222781
52,0.184453887749
53,0.717262355647
