site,dnds
1,0.446407954035
2,0.641903942091
3,0.781809510537
4,0.571200474774
5,0.864073640789
6,0.376036129849
7,0.477249268194
8,0.794933962358
9,0.549168394172
10,0.223762886929
11,0.47735208547
12,0.655492406155
13,0.370939264052
14,0.237663467642
15,0.638579340551
16,0.618688414685
17,0.262066346998
18,0.489396148346
19,0.693403600409
20,0.522163183775
21,0.745308095264
22,0.273988677479
23,0.556634264751
24,0.476858414416
25,0.54760853492
26,0.484163130474
27,0.262103916964
28,0.596812473063
29,0.603043338962
30,0.214677941706
31,0.552950977001
32,0.675630352392
33,0.733931734248
34,0.480298576138
35,0.236803719996
36,0.617396373904
37,0.638929149407
38,0.820660571544
39,0.781800890434
40,0.738290422067
41,0.605292328001
42,0.707555309527
43,0.383797301853
44,0.476959345246
45,0.377841964373
46,0.381599643348
47,0.440030612312
48,0.486810245612
49,0.274897896127
50,0.63736651312
51,0.507450148413
52,0.298962619563
53,0.0424501234363
54,0.379925509001
55,0.487286767354
56,0.415333137545
57,0.726325809061
58,0.762944349579
59,0.747981580418
60,0.334301811714
61,0.639508950839
62,0.201552916336
63,0.480348449417
64,0.28441808017
65,0.416157710035
66,0.702202808591
67,0.0854933582824
68,0.126003807566
69,0.635560696411
70,0.45854632416
