site,dnds
1,0.746344415947
2,0.746344415947
3,0.771778532584
4,0.771778532584
5,0.539993098272
6,0.656914088958
7,0.704600223918
8,0.708486959944
9,0.654534191497
10,0.529855753327
11,0.266976994152
12,0.486002317776
13,0.506802181761
14,0.394393984128
15,0.34714680504
16,0.274531341312
17,0.506802181761
18,0.644648741565
19,0.745699688057
20,0.54226642591
21,0.746344415947
22,0.627582362328
23,0.736055301245
24,0.707189376558
25,0.704600223918
26,0.707189376558
27,0.707189376558
28,0.771778532584
29,0.771778532584
30,0.832495018808
31,0.772174180486
32,0.746344415947
33,0.54226642591
34,0.746344415947
35,0.771778532584
36,0.704600223918
37,0.707189376558
38,0.771778532584
39,0.746344415947
40,0.567751698834
41,0.771778532584
42,0.771778532584
43,0.567751698834
44,0.571381758921
45,0.772503424473
46,0.771778532584
47,0.647341820739
48,0.736055301245
49,0.74674525559
50,0.704600223918
51,0.746344415947
52,0.832495018808
53,0.771778532584
54,0.704600223918
55,0.782927097306
