site,dnds
1,0.588166619582
2,0.568608861307
3,0.206483175044
4,0.703735277623
5,0.695421087175
6,0.411954337649
7,0.58834064397
8,0.485760116184
9,0.588154379077
10,0.487624638932
11,0.237897817807
12,0.36293701455
13,0.664329544153
14,0.499992701976
15,0.183447795845
16,0.202029903038
17,0.625491993606
18,0.695194398214
19,0.430695547602
20,0.428853855518
21,0.525086887138
22,0.401283591273
23,0.435879753144
24,0.412278182136
25,0.551162039651
26,0.450514430241
27,0.200137350802
28,0.587997398023
29,0.610793876246
30,0.352078740604
31,0.545676852112
32,0.635344398702
33,0.254852975094
34,0.0567403781101
35,0.697245419862
36,0.736139640873
37,0.504288241855
38,0.386014842437
39,0.593277246381
40,0.653601408116
41,0.17546194885
42,0.270276343714
43,0.683328244108
44,0.227344702767
45,0.72825371067
46,0.6251166484
47,0.7498906548
48,0.42247310846
49,0.109879665792
50,0.742580294967
51,0.664491271898
52,0.1840188709
53,0.717149783458
