site,dnds
1,0.424471270513
2,0.565715323897
3,0.670401556318
4,0.6611449937
5,0.516210334065
6,0.658230251722
7,0.776062825041
8,0.423149867471
9,0.696719496371
10,0.686508659936
11,0.52148288244
12,0.311163896789
13,0.678028052078
14,0.595487141138
15,0.57701638432
16,0.844474666664
17,0.695584157413
18,0.530504042038
19,0.507688589484
20,0.774327072342
21,0.801831144648
22,0.660708300022
23,0.789005745187
24,0.678619721739
25,0.719360081363
26,0.839427764796
27,0.682265211829
28,0.660740476831
29,0.798703554691
30,0.876452993781
31,0.513152381428
32,0.813773409281
33,0.850061489665
34,0.700288347993
35,0.54253017546
36,0.663351838388
37,0.769181594482
38,0.315547280617
39,0.862948481811
40,0.680450024418
41,0.729193985552
42,0.826760849825
43,0.615391395177
44,0.465657591353
45,0.82112062677
46,0.896907552489
47,0.532013352866
48,0.705065926387
49,0.780514856337
50,0.651100960029
51,0.653770182627
52,0.842082304889
53,0.777227346481
54,0.57129633664
55,0.611055842832
56,0.820995218797
57,0.623088249189
58,0.530010767871
59,0.479420409677
60,0.783920789081
61,0.386427009336
62,0.471679376671
63,0.805122311816
64,0.526260041017
65,0.777101912362
66,0.750193232869
67,0.705461781928
68,0.475254817097
69,0.797079267098
70,0.759979996118
71,0.65821289398
72,0.619761454415
73,0.763854114352
74,0.763346459677
75,0.656816979896
76,0.65083168571
77,0.737251852091
78,0.724292482303
79,0.710513269097
80,0.732768800214
81,0.815849140601
82,0.700138703697
83,0.758897604768
84,0.638532570241
85,0.774339748437
86,0.717389355463
87,0.685738416361
88,0.716329777432
89,0.687706594414
90,0.675452956641
91,0.414744841872
92,0.266216678434
93,0.505356254339
94,0.651655017378
95,0.697823855578
96,0.672023723841
97,0.659595759536
98,0.639252583826
99,0.567727388605
100,0.718129394472
101,0.671526465195
102,0.560094221296
103,0.693211747071
104,0.696383421921
105,0.640017249234
106,0.60875083162
107,0.726481559999
108,0.730928957706
109,0.628977165935
110,0.576429906045
111,0.659384462507
112,0.408960768908
