site,dnds
1,0.464759474531
2,0.784242624607
3,0.690063938774
4,0.842011123311
5,0.798727439693
6,0.625572659712
7,0.565516599217
8,0.742589374472
9,0.69709217056
10,0.525059024735
11,0.850250168951
12,0.62647392011
13,0.575517922631
14,0.641030621407
15,0.644857597588
16,0.876231377674
17,0.650264107874
18,0.55493743308
19,0.77203382194
20,0.778115760943
21,0.750011941101
22,0.525643829341
23,0.848784917572
24,0.70705197489
25,0.833273174185
26,0.689699893827
27,0.72317911332
28,0.747241622976
29,0.796489229544
30,0.560587610177
31,0.547442148414
32,0.303191851088
33,0.495119224727
34,0.783299184037
35,0.81114469885
36,0.53325110305
37,0.736421389074
38,0.523075722012
39,0.734795524131
40,0.129362239916
41,0.588802118775
42,0.470297236462
43,0.692481922622
44,0.797948946762
45,0.785297746363
46,0.555224210551
47,0.508046286657
48,0.819572625063
49,0.784660102377
50,0.721799384156
51,0.743751671344
52,0.497977806219
53,0.657257069301
54,0.746901686805
55,0.625137350757
56,0.429697506833
57,0.811517226599
58,0.69162886278
59,0.753583372766
60,0.710807984559
61,0.457990814724
62,0.838503335867
63,0.574668956788
64,0.666636443875
65,0.602218359179
66,0.552201436332
67,0.621934929093
68,0.854844739831
69,0.738971304185
70,0.410675256357
71,0.622877791441
72,0.822668042
73,0.748931009291
74,0.403246880784
75,0.794649688189
76,0.731830777762
77,0.787055168646
78,0.534109114067
79,0.552282988259
80,0.279783110802
81,0.503625875229
82,0.624548561298
83,0.73584097541
84,0.413945352727
85,0.78526401581
86,0.701101679529
87,0.677934707535
88,0.202983077364
89,0.648754443582
90,0.470929340466
91,0.643844030379
92,0.844058620845
93,0.781884656962
94,0.539753318689
95,0.499973806154
96,0.672323730779
97,0.734282474929
98,0.72961411433
99,0.761134232524
100,0.918734643932
