site,dnds
1,0.450812576573
2,0.761721144195
3,0.369751230844
4,0.757551594137
5,0.350279335779
6,0.670205897396
7,0.556340951335
8,0.241906728748
9,0.701081251962
10,0.511104779723
11,0.292057352815
12,0.769979258766
13,0.71646783313
14,0.743387189071
15,0.827674382471
16,0.723965206814
17,0.35951571785
18,0.395562407458
19,0.36045360539
20,0.222427964744
21,0.497654728668
22,0.565218357423
23,0.783186013454
24,0.63363826772
25,0.787883337172
26,0.581646837136
27,0.487547229393
28,0.186129237882
29,0.667373416678
30,0.530631491828
31,0.629628942254
32,0.764453281814
33,0.656811171204
34,0.586626259043
35,0.822811701628
36,0.529252779603
37,0.145621748914
38,0.664708936201
39,0.116485539676
40,0.403063895123
41,0.402230727789
42,0.702694585317
43,0.449714204229
44,0.766360790124
45,0.286249194103
46,0.837793371389
47,0.874156204907
48,0.651112159736
49,0.819740984139
50,0.83024453694
51,0.818339033619
52,0.881210827386
53,0.782273382525
54,0.46544209674
55,0.722927003968
56,0.15968240727
57,0.32373013489
58,0.42900124761
59,0.505273650665
60,0.680511155388
61,0.88513473694
62,0.782937269026
63,0.814055486441
64,0.493509189322
65,0.192778150002
66,0.785577936734
67,0.66204032241
68,0.809141778566
