site,dnds
1,0.479803363113
2,0.480388384451
3,0.578646145481
4,0.584626557747
5,0.509515301613
6,0.66721621331
7,0.520073644017
8,0.401372366556
9,0.538086481788
10,0.77764671363
11,0.854648071691
12,0.910473782302
13,0.576994892545
14,0.879356648544
15,0.737591430073
16,0.583261053638
17,0.603093224564
18,0.824957718019
19,0.661949283997
20,0.834037880502
21,0.829007233613
22,0.596324710053
23,0.82761638044
24,0.763596097488
25,0.554753576968
26,0.531973044145
27,0.620874851725
28,0.623387123988
29,0.644191420743
30,0.370739449067
31,0.374332145978
32,0.602142621996
33,0.324214928648
34,0.818779836389
35,0.709303701603
36,0.881490397607
37,0.832759836046
38,0.737182937886
39,0.576578923118
40,0.828409459472
41,0.800374467992
42,0.697228915518
43,0.824577200491
44,0.735038227178
45,0.837429822322
46,0.638513251151
47,0.772041426642
48,0.879995625575
49,0.885322439965
50,0.775450040002
51,0.615884069691
52,0.468512078254
53,0.744758329432
54,0.746514729315
55,0.863436681709
56,0.419239148414
57,0.796690499962
58,0.655181117472
59,0.849448689432
60,0.470770014651
61,0.729801908372
62,0.760104854541
63,0.845698604339
64,0.693385493169
65,0.857453329511
66,0.69579552819
67,0.708197457678
68,0.549878160637
69,0.629472298865
70,0.792850208066
71,0.748546977239
72,0.753911507664
73,0.320989800572
74,0.552703003176
75,0.155426690149
76,0.665177784047
77,0.556644906772
78,0.745057611083
79,0.9146221888
80,0.717215197197
81,0.797285208407
82,0.728519861053
83,0.679827222329
84,0.858428885881
85,0.86115521531
86,0.718709404308
87,0.724004640462
88,0.834577881774
89,0.835686241195
90,0.620893432547
91,0.859359427202
92,0.845781001385
93,0.772722062197
94,0.861820438177
95,0.822076823712
96,0.877548663383
97,0.779758675165
98,0.932876270821
99,0.83502265622
100,0.894773740452
101,0.893130656595
102,0.927417216252
103,0.896976823409
104,0.936452634417
105,0.913752046971
106,0.924593767778
107,0.938893752598
108,0.934369272309
109,0.855010758825
110,0.916774745434
111,0.949009291129
112,0.881959842064
113,0.935909148084
114,0.910374259839
115,0.941829185054
116,0.956098478368
117,0.921965863239
118,0.912312965218
119,0.935364943508
120,0.929874241722
121,0.90834582602
122,0.968367574988
123,0.944126770993
124,0.943562726101
125,0.925292352653
126,0.903004905797
127,0.914382911767
128,0.893970134225
129,0.874244010086
130,0.843006817215
131,0.821897550135
132,0.829522179778
133,0.812653610722
134,0.861473729174
135,0.744420758817
136,0.838162864365
137,0.777224321588
