site,dnds
1,0.693152963326
2,0.827511140581
3,0.744212832209
4,0.86857062133
5,0.845587321686
6,0.706379975267
7,0.658016180218
8,0.78135177674
9,0.758141866368
10,0.617096203985
11,0.874742502689
12,0.717043747875
13,0.715401817543
14,0.730792525162
15,0.700458197063
16,0.898821964593
17,0.732273125668
18,0.620068120745
19,0.797204464019
20,0.817007228633
21,0.809371304703
22,0.615684831736
23,0.878572264509
24,0.780912822664
25,0.869663806328
26,0.740877262705
27,0.757070298319
28,0.793414273939
29,0.826800511107
30,0.635196504399
31,0.632495799325
32,0.444264499404
33,0.645663758107
34,0.824255191269
35,0.85708928405
36,0.637522397292
37,0.7800552253
38,0.629915075891
39,0.781465662131
40,0.333472609917
41,0.67358764051
42,0.563319943208
43,0.740900818691
44,0.834183002529
45,0.825205408807
46,0.644496196184
47,0.617750791416
48,0.858689278017
49,0.827365815752
50,0.801699740854
51,0.809916519066
52,0.576993184352
53,0.766670102983
54,0.807763509303
55,0.690586008499
56,0.555088189823
57,0.84800957492
58,0.747686947448
59,0.79327068286
60,0.771972062492
61,0.563331963628
62,0.871890145437
63,0.748076637867
64,0.725841611051
65,0.677603168598
66,0.694149231312
67,0.678031282745
68,0.88786117668
69,0.791722620646
70,0.525921588283
71,0.672795396095
72,0.85568615913
73,0.799426766299
74,0.514985683617
75,0.836623052147
76,0.788818894157
77,0.823809594458
78,0.609915800946
79,0.621118560762
80,0.428883067307
81,0.649241508993
82,0.70856539424
83,0.781686414948
84,0.51697034132
85,0.831552774759
86,0.758649909876
87,0.750392390069
88,0.355900057184
89,0.702402949827
90,0.548908760504
91,0.721178957073
92,0.860763375175
93,0.849896908641
94,0.643856597182
95,0.595337852101
96,0.734770524979
97,0.785042338967
98,0.768772271492
99,0.801799602261
100,0.938131685847
