site,dnds
1,0.52023313183
2,0.54531197337
3,0.605959490143
4,0.605183008721
5,0.586514363431
6,0.67941036521
7,0.561965296019
8,0.505519637574
9,0.605914030919
10,0.777169742938
11,0.846637596568
12,0.911078106715
13,0.598063891972
14,0.881063825439
15,0.756459316683
16,0.676204545341
17,0.612082424894
18,0.81264505954
19,0.654060822127
20,0.82887154641
21,0.826081250094
22,0.692938429654
23,0.832182083085
24,0.787089730059
25,0.60606529984
26,0.57154313442
27,0.630197364133
28,0.642621926567
29,0.66154750908
30,0.488582787347
31,0.448398874594
32,0.622029273252
33,0.488989189376
34,0.814734414915
35,0.728108499458
36,0.876573272022
37,0.830908727357
38,0.735748433599
39,0.650728790179
40,0.826881988832
41,0.802637641332
42,0.726887205025
43,0.820376294524
44,0.747410358131
45,0.838085381007
46,0.66253685445
47,0.765963928408
48,0.883083253123
49,0.876937342229
50,0.792618337397
51,0.627824260819
52,0.547332585938
53,0.732199588829
54,0.751651421013
55,0.856250236432
56,0.479862925069
57,0.788555793209
58,0.678729315775
59,0.844837471554
60,0.530116213255
61,0.727175655104
62,0.756944326886
63,0.836911406838
64,0.70362620866
65,0.859170284476
66,0.706921224319
67,0.708657564131
68,0.602463040399
69,0.64174422034
70,0.777238570044
71,0.74339723754
72,0.75304494902
73,0.413688900591
74,0.548312778522
75,0.366116138775
76,0.674012127566
77,0.62583809152
78,0.739890466724
79,0.910886975898
80,0.746072222349
81,0.791615113363
82,0.73788223698
83,0.678579189807
84,0.862697339077
85,0.860350121395
86,0.753762662722
87,0.720204203981
88,0.833461885536
89,0.843517661967
90,0.645010891167
91,0.870087686432
92,0.842353328063
93,0.776288676487
94,0.869593412032
95,0.825182285274
96,0.875625760789
97,0.772749725277
98,0.933745652905
99,0.832731395503
100,0.890116773818
101,0.904083177744
102,0.927456526582
103,0.896935985367
104,0.935267573089
105,0.910506658691
106,0.924212438438
107,0.938485134395
108,0.932836058408
109,0.863093417258
110,0.92708246616
111,0.947539073008
112,0.879019304476
113,0.935055692678
114,0.912031574178
115,0.938234798795
116,0.956440893513
117,0.923711956743
118,0.917133622265
119,0.935860320905
120,0.929645827992
121,0.907410958238
122,0.968201375025
123,0.943466224626
124,0.944994578895
125,0.924817003516
126,0.89944314985
127,0.910229443676
128,0.886381792709
129,0.878489755662
130,0.853848205582
131,0.832982473927
132,0.842634496345
133,0.806066359162
134,0.865855742799
135,0.74919437791
136,0.830277028592
137,0.797176173124
