site,dnds
1,0.508801857715
2,0.781295184848
3,0.736974396398
4,0.390535541535
5,0.143558073458
6,0.806831931417
7,0.587368532711
8,0.073841149164
9,0.617542708108
10,0.793287924446
11,0.513442585947
12,0.372419114814
13,0.754242806399
14,0.705581466462
15,0.459242031289
16,0.709620261361
17,0.298645892755
18,0.259249431374
19,0.6586929866
20,0.705697171609
21,0.367030913791
22,0.39536493378
23,0.76518754323
24,0.772888710786
25,0.256736695133
26,0.676405010745
27,0.817795278618
28,0.557226420774
29,0.40308995387
30,0.737657131132
31,0.511006142807
32,0.4727477197
33,0.488362396353
34,0.597522115352
35,0.567858286981
36,0.868307591895
37,0.757053781726
38,0.325534041379
39,0.540768424807
40,0.694524237548
41,0.366185321087
42,0.326672958677
43,0.564251650263
44,0.412407733274
45,0.546626055838
46,0.492308524555
47,0.487858336006
48,0.654732377868
49,0.741443827675
50,0.537563600538
51,0.721449225573
52,0.698434775775
53,0.562160775469
54,0.180540565445
55,0.181456159539
56,0.367229042696
57,0.620991979259
58,0.685574437019
59,0.812791282554
60,0.790218768815
61,0.76714277197
62,0.532349494491
63,0.524267703436
64,0.280762192424
