site,dnds
1,0.934913087575
2,0.916492724932
3,0.816074305998
4,0.93745429771
5,0.67387347175
6,0.754573432201
7,0.539538883845
8,0.625065747501
9,0.308820781661
10,0.564807063137
11,0.452945841346
12,0.84665849096
13,0.704142362774
14,0.65271634198
15,0.809760148025
16,0.813258806576
17,0.479015273765
18,0.358658815588
19,0.371695786789
20,0.0496062205258
21,0.564838375108
22,0.358863264868
23,0.831380153112
24,0.802234585914
25,0.881795704891
26,0.880773563463
27,0.910478814098
28,0.882066967023
29,0.8395209002
30,0.844598896399
31,0.855688822549
32,0.818627632119
33,0.87710596528
34,0.778871905102
35,0.883024764446
36,0.701999576625
37,0.438246032794
38,0.647193093898
39,0.61713798806
40,0.413055535299
41,0.514549293
42,0.554457863528
43,0.185654988512
44,0.054882718392
45,0.721230640052
46,0.0896077881443
47,0.743992155305
48,0.0390770499193
49,0.144329711196
50,0.616392057434
51,0.576614931891
52,0.473267733487
53,0.251742831092
54,0.828076416223
55,0.830543533195
56,0.521472615164
57,0.813395903219
58,0.838820693944
59,0.802001086612
60,0.782597903426
61,0.754426513344
62,0.829081193619
63,0.852585337443
64,0.809100272283
65,0.667561623038
66,0.81269147742
67,0.878728438727
68,0.862059374414
69,0.863794062291
70,0.879557021412
71,0.888381481839
72,0.912053240357
73,0.860998277878
74,0.849420968198
75,0.889242624402
76,0.943557628512
77,0.891294704549
78,0.880087306387
79,0.812542388593
80,0.909402843953
81,0.880334054524
82,0.88174739498
83,0.902812783887
84,0.866820891226
85,0.875097730412
86,0.844122269826
87,0.853289792395
88,0.896647022092
89,0.857498104079
90,0.861034790793
91,0.859294184688
92,0.809627740277
93,0.805701652107
94,0.843838598519
95,0.82905208936
96,0.647454114654
97,0.740803924656
98,0.678869507085
99,0.603915037281
100,0.719259231638
101,0.755497600742
102,0.782593629925
103,0.820737928903
104,0.822964028457
105,0.771137752517
106,0.810865209461
107,0.767200351463
108,0.812586686811
109,0.836077031812
110,0.879067356354
111,0.7887529499
112,0.829404137398
113,0.669483875004
114,0.544128763699
115,0.49626483364
116,0.615091465087
117,0.302320837559
118,0.159832412226
119,0.622492046648
120,0.726048739756
121,0.553274487621
122,0.90328522941
123,0.913467363719
124,0.817533687952
125,0.626793533775
126,0.755356366322
127,0.850552080123
128,0.898931984444
129,0.781826189195
130,0.817976135737
131,0.542659738366
132,0.276067452857
