site,dnds
1,0.536419350977
2,0.737820611023
3,0.788046020816
4,0.579045624848
5,0.788046020816
6,0.41441126141
7,0.544259015217
8,0.769233240349
9,0.677209768092
10,0.36448254835
11,0.529561859374
12,0.622323304952
13,0.413234822504
14,0.400992642666
15,0.687480152864
16,0.677209768092
17,0.401866229228
18,0.487979933549
19,0.737820611023
20,0.524967652784
21,0.769233240349
22,0.536419350977
23,0.62803105835
24,0.607188336225
25,0.636229296222
26,0.592823105904
27,0.392952967164
28,0.619204412348
29,0.737820611023
30,0.395643235934
31,0.62372914367
32,0.622323304952
33,0.756810019986
34,0.579045624848
35,0.536309721272
36,0.536419350977
37,0.536309721272
38,0.788046020816
39,0.825333905961
40,0.825333905961
41,0.788046020816
42,0.788046020816
43,0.524967652784
44,0.523780452171
45,0.579045624848
46,0.406759380306
47,0.523780452171
48,0.510634535371
49,0.374640327425
50,0.510026740947
51,0.524967652784
52,0.403827860009
53,0.184286792496
54,0.622323304952
55,0.510026740947
56,0.413234822504
57,0.756810019986
58,0.788046020816
59,0.536309721272
60,0.426027043676
61,0.687480152864
62,0.316947715349
63,0.563437329555
64,0.392952967164
65,0.472941935833
66,0.80142628896
67,0.325494172829
68,0.488836334936
69,0.661417664282
70,0.529561859374
