site,dnds
1,0.506277654499
2,0.790817530669
3,0.696310934356
4,0.844876201563
5,0.80408455872
6,0.635638238634
7,0.578802253331
8,0.746608064815
9,0.704488308151
10,0.537341274942
11,0.852810531162
12,0.63823786063
13,0.597813568475
14,0.654666065824
15,0.652928229315
16,0.878843069512
17,0.660220644761
18,0.562057135518
19,0.774447135895
20,0.782652028049
21,0.756976476654
22,0.535328579036
23,0.852650076918
24,0.715917472613
25,0.837191546713
26,0.695738878732
27,0.726438759925
28,0.752362947787
29,0.79953257981
30,0.569175347021
31,0.563898802224
32,0.320647660614
33,0.522440887619
34,0.788113171249
35,0.81627740014
36,0.554133568053
37,0.741405569298
38,0.541214315146
39,0.739650448506
40,0.151763760782
41,0.600514214623
42,0.480531590891
43,0.697583863416
44,0.802042291569
45,0.78986627759
46,0.565393141877
47,0.524249658866
48,0.824297422849
49,0.789931449305
50,0.732494586158
51,0.752202109345
52,0.506156141259
53,0.675695275732
54,0.754125498461
55,0.633257398059
56,0.44652355516
57,0.815304126336
58,0.722205126558
59,0.757939529559
60,0.718043558745
61,0.47261662833
62,0.84253803447
63,0.603546603604
64,0.673664502125
65,0.611903247087
66,0.579099320546
67,0.629009059041
68,0.858364767577
69,0.745254283051
70,0.430429166001
71,0.628533232832
72,0.826487486344
73,0.755132412382
74,0.41472459757
75,0.799431366999
76,0.738283674351
77,0.7905654051
78,0.543229935218
79,0.563392147057
80,0.299406527769
81,0.529385705073
82,0.635245799907
83,0.740722169433
84,0.427306799433
85,0.790498396088
86,0.707338367473
87,0.68712177034
88,0.221218909547
89,0.654130984945
90,0.479554331876
91,0.653957741028
92,0.845720833673
93,0.789684931773
94,0.552659113333
95,0.512295090724
96,0.679246283403
97,0.739873753771
98,0.733958223812
99,0.765797297481
100,0.921077950342
