site,dnds
1,0.47299587737
2,0.771012267813
3,0.723736554393
4,0.368948691486
5,0.0741744960182
6,0.788313894617
7,0.564698853766
8,0.0268300078421
9,0.592314358808
10,0.78429067532
11,0.495757652941
12,0.336488630521
13,0.738081931448
14,0.688769636766
15,0.433266998171
16,0.694445734229
17,0.199732841651
18,0.219643717568
19,0.62269011161
20,0.691059534196
21,0.339096220123
22,0.355963872594
23,0.751358823962
24,0.76326915912
25,0.19055026981
26,0.61514235558
27,0.809819488677
28,0.542127285888
29,0.37913186554
30,0.727915929345
31,0.483689658567
32,0.439604226497
33,0.470438802158
34,0.577965880012
35,0.509225807848
36,0.859745800576
37,0.748793817859
38,0.247311336101
39,0.49949527974
40,0.680237206424
41,0.316259390386
42,0.306267236093
43,0.535735073171
44,0.387100640279
45,0.521144128934
46,0.471751194406
47,0.436820036565
48,0.636543377585
49,0.727639784459
50,0.514850557567
51,0.711669956941
52,0.683779877684
53,0.540540451322
54,0.0215092965478
55,0.123816462029
56,0.334680353241
57,0.601651868491
58,0.663290211974
59,0.802404153466
60,0.774291518662
61,0.735302410224
62,0.499723063356
63,0.500241182649
64,0.238267097955
