site,dnds
1,0.891261495772
2,0.891261495772
3,0.672167837598
4,0.858741192865
5,0.891261495772
6,0.891261495772
7,0.786080578311
8,0.597539723634
9,0.915670125139
10,0.786080578311
11,0.527740754863
12,0.470027023192
13,0.379534652302
14,0.504183802863
15,0.710716401383
16,0.710716401383
17,0.821490389284
18,0.668376647211
19,0.405314276313
20,0.668376647211
21,0.821490389284
22,0.70793908775
23,0.527740754863
24,0.821490389284
25,0.821490389284
26,0.286300718296
27,0.594586456328
28,0.821490389284
29,0.693536412778
30,0.821490389284
31,0.915670125139
32,0.733246432855
33,0.527936944906
34,0.527740754863
35,0.527936944906
36,0.518067931655
37,0.302633015007
38,0.594586456328
39,0.527936944906
40,0.449692852348
41,0.502545642654
42,0.328397355471
43,0.179715997751
44,0.527740754863
45,0.315114543789
46,0.527936944906
47,0.684371025336
48,0.710387441525
49,0.527936944906
50,0.594586456328
51,0.594466661614
52,0.383850143773
53,0.470464648755
54,0.432364135054
55,0.784674323938
56,0.500343880322
57,0.775968630823
58,0.524927083201
59,0.784519135032
60,0.472428696011
61,0.786080578311
62,0.668376647211
63,0.668376647211
64,0.504183802863
65,0.712642934692
66,0.196563972647
67,0.328397355471
68,0.70793908775
69,0.312847229547
70,0.161410780269
71,0.54363899573
72,0.449692852348
73,0.161410780269
74,0.784519135032
75,0.638754920858
