site,dnds
1,0.829582240758
2,0.765882595996
3,0.602028161482
4,0.703676541863
5,0.617679445857
6,0.680187420945
7,0.453926901201
8,0.12597388204
9,0.731603212876
10,0.254929649997
11,0.592410801986
12,0.76924212641
13,0.802543360364
14,0.875688800478
15,0.829756382041
16,0.898998658699
17,0.84271544915
18,0.888957775781
19,0.894406129901
20,0.902476865332
21,0.904714262309
22,0.898270011788
23,0.908660913438
24,0.889674285915
25,0.801568069463
26,0.774466241984
27,0.601545858976
28,0.84029148707
29,0.589666703018
30,0.616308575187
31,0.61192720113
32,0.628465604035
33,0.11581258464
34,0.150158836377
35,0.670295911561
36,0.730532279407
37,0.68184065822
38,0.780562523358
39,0.669689048395
40,0.910766346142
41,0.853063339362
42,0.84654124136
43,0.920131922275
44,0.740404305515
45,0.873194073297
46,0.874932204011
47,0.880981269854
48,0.880739076516
49,0.815126876051
50,0.898780109729
51,0.753337989343
52,0.700210029309
53,0.60509700697
54,0.832246890673
55,0.666577366179
56,0.78130479458
57,0.12216202928
58,0.233703338841
59,0.300851394424
60,0.37345066377
61,0.866777011543
62,0.870758901258
63,0.924589810377
64,0.915537417209
65,0.777136105078
66,0.831718421162
67,0.898255297977
68,0.866461473267
69,0.91510191091
70,0.788489258455
71,0.908408758172
72,0.888247662
73,0.821303234455
74,0.871874735547
75,0.872844689828
76,0.909151290887
77,0.931912611721
78,0.90010366161
79,0.917483552609
80,0.834328836293
81,0.852525637762
82,0.847183986312
83,0.566504139517
84,0.700996728638
85,0.664850188674
86,0.810794451733
87,0.151075171331
88,0.662446777572
89,0.518991490998
90,0.841681585646
91,0.890142765327
92,0.801231669101
93,0.936651290077
94,0.83202417839
95,0.800526873133
96,0.88070902413
97,0.920800730841
98,0.866848209519
99,0.820960033996
100,0.751584982993
101,0.784442648842
102,0.718802163873
103,0.623424873295
104,0.661879009205
105,0.822462984476
106,0.245227401618
107,0.17465542625
108,0.6735765313
109,0.257564467872
110,0.912722740462
111,0.818730016249
