site,dnds
1,0.629356197291
2,0.60177306897
3,0.259387341912
4,0.732893114049
5,0.718895803818
6,0.452167954219
7,0.620569035669
8,0.519179033987
9,0.612792239994
10,0.554810187224
11,0.27692199799
12,0.422161695515
13,0.694377978996
14,0.559226920946
15,0.22004802443
16,0.246627778046
17,0.659970440694
18,0.717907241316
19,0.482326162351
20,0.465186542546
21,0.569816971412
22,0.433051377819
23,0.479992457691
24,0.445217131977
25,0.580752252508
26,0.486918111036
27,0.257359608565
28,0.651695203571
29,0.650892303439
30,0.390179235936
31,0.584626412159
32,0.675124505498
33,0.29734793575
34,0.104203868206
35,0.742875019496
36,0.770581274507
37,0.557303621112
38,0.451907016555
39,0.631661669698
40,0.704171209922
41,0.211436453373
42,0.325968323179
43,0.717258381226
44,0.256955641453
45,0.753215013105
46,0.656102982141
47,0.768001036383
48,0.462379313297
49,0.177152102728
50,0.759856312241
51,0.690905015378
52,0.213090031721
53,0.736933941634
