site,dnds
1,0.441000361014
2,0.637285913249
3,0.78011175778
4,0.565102495199
5,0.862258085063
6,0.373307355426
7,0.473126176911
8,0.793420902393
9,0.54670749648
10,0.219097986664
11,0.472199758265
12,0.650715651735
13,0.366591992738
14,0.231780097125
15,0.636820712161
16,0.615989288558
17,0.259335211503
18,0.482505666647
19,0.69087615079
20,0.518060192273
21,0.743121553244
22,0.267251314719
23,0.554426773574
24,0.470330590508
25,0.542630742454
26,0.479953009358
27,0.258480437038
28,0.581260663873
29,0.597313769005
30,0.209806308352
31,0.546999104472
32,0.67292391121
33,0.732235522188
34,0.475187533964
35,0.227635742836
36,0.613478430766
37,0.637673781788
38,0.819691944178
39,0.781110468034
40,0.734689084004
41,0.603585758972
42,0.705027160739
43,0.379630848936
44,0.469470160152
45,0.375499875045
46,0.378118212078
47,0.433597929776
48,0.480294278263
49,0.272580035677
50,0.633776482712
51,0.506414611571
52,0.294812526179
53,0.0380416810541
54,0.376563305394
55,0.480747577599
56,0.41257746869
57,0.720519757893
58,0.76198290164
59,0.746776673431
60,0.330873806894
61,0.636586505274
62,0.196421462036
63,0.477169341605
64,0.280205707721
65,0.412320226343
66,0.699790388363
67,0.092648238101
68,0.115892564153
69,0.631103612857
70,0.451831622671
