site,dnds
1,0.627596601247
2,0.843584200113
3,0.800272753543
4,0.487242246398
5,0.213787768837
6,0.878051329808
7,0.677619542138
8,0.145946036656
9,0.729309486179
10,0.853549720522
11,0.624637200722
12,0.507727429805
13,0.83183067123
14,0.785649642357
15,0.573157816812
16,0.78719497081
17,0.512617330265
18,0.396148826643
19,0.743870792525
20,0.788318289048
21,0.463608942623
22,0.541832017569
23,0.845472636656
24,0.834472608307
25,0.372579301911
26,0.772035284565
27,0.873741234356
28,0.665563754437
29,0.51134566649
30,0.802292297824
31,0.585999427453
32,0.586171355929
33,0.495934495814
34,0.689580723552
35,0.683288004541
36,0.917291579134
37,0.810862205377
38,0.508901179433
39,0.635268044184
40,0.750432788257
41,0.474426694511
42,0.453705292065
43,0.676513217118
44,0.501788188973
45,0.655572108168
46,0.595136280723
47,0.59875383782
48,0.749947625083
49,0.83076738943
50,0.653609461049
51,0.796444351095
52,0.777663150198
53,0.671716783624
54,0.153645986468
55,0.298169027454
56,0.473031032752
57,0.727449920803
58,0.763663507213
59,0.875961216758
60,0.857286483044
61,0.840013399575
62,0.672300050769
63,0.613750028776
64,0.388706901405
