site,dnds
1,0.7813849969
2,0.613868393449
3,0.753105082667
4,0.720525456644
5,0.452289391618
6,0.615072835567
7,0.639732570465
8,0.701085259551
9,0.48225221496
10,0.49505811035
11,0.0892078341926
12,0.355952839207
13,0.421109241505
14,0.292308472422
15,0.193851559377
16,0.0733726799398
17,0.397765963234
18,0.528068613937
19,0.714754114821
20,0.455250170568
21,0.703877895661
22,0.513786851583
23,0.674887265896
24,0.587976513812
25,0.586053941984
26,0.730358593249
27,0.539871274659
28,0.694983502295
29,0.647591285014
30,0.675588776632
31,0.740558537441
32,0.821543416359
33,0.425582083232
34,0.782831014582
35,0.720696190638
36,0.567320418053
37,0.708342099785
38,0.778668056161
39,0.707052350596
40,0.392609952352
41,0.78624088586
42,0.743198391076
43,0.45430418382
44,0.441414476342
45,0.597743775771
46,0.598834978579
47,0.564547129329
48,0.623135447239
49,0.6086076956
50,0.645094799735
51,0.514879378152
52,0.780629473246
53,0.70827553393
54,0.81174768198
55,0.736959083988
