site,dnds
1,0.540759562819
2,0.657672446005
3,0.726407895569
4,0.748671952254
5,0.621365653678
6,0.73091558739
7,0.832316640619
8,0.562932021105
9,0.76311807008
10,0.751170857389
11,0.614127082229
12,0.452897797227
13,0.756386749414
14,0.667310765126
15,0.691872709712
16,0.896168918105
17,0.761235525089
18,0.628349347434
19,0.611246232873
20,0.812620663913
21,0.841480140487
22,0.733644636514
23,0.834231772636
24,0.747518701855
25,0.768092064582
26,0.873397151035
27,0.757216489694
28,0.734315592002
29,0.847772936303
30,0.896771001036
31,0.622374196361
32,0.840936878712
33,0.877521065893
34,0.761344768562
35,0.638605470565
36,0.755635242275
37,0.812509254781
38,0.432054628986
39,0.88804766205
40,0.761764723573
41,0.766380879612
42,0.864345745571
43,0.692159276293
44,0.566718620409
45,0.84990596261
46,0.919085769689
47,0.659238457579
48,0.776257694122
49,0.828007290258
50,0.716573091907
51,0.725064640835
52,0.873863815082
53,0.828206933995
54,0.661046961874
55,0.700297066568
56,0.854744835092
57,0.694694889848
58,0.614807814807
59,0.618872485864
60,0.8201633309
61,0.51406105694
62,0.581411609501
63,0.854016160072
64,0.629168321859
65,0.826610532835
66,0.835010353094
67,0.772948362669
68,0.590541078828
69,0.850671691139
70,0.814488024404
71,0.713996354314
72,0.691689447684
73,0.817916294326
74,0.803936970121
75,0.712936471669
76,0.725118912887
77,0.784484790204
78,0.777378958979
79,0.761455644197
80,0.785044013229
81,0.855520466645
82,0.749098729397
83,0.804789796092
84,0.730565445435
85,0.823973965236
86,0.769479637446
87,0.744243267526
88,0.767551967421
89,0.755165022799
90,0.749549166869
91,0.566722497961
92,0.453165161621
93,0.641166949138
94,0.743816139843
95,0.762105675836
96,0.746600129038
97,0.744123636978
98,0.724090496426
99,0.647228109112
100,0.778466769168
101,0.742482497432
102,0.665504446063
103,0.754281855522
104,0.773106564844
105,0.715407017777
106,0.688464545529
107,0.795964843803
108,0.780063753102
109,0.69916096944
110,0.671897669905
111,0.734240504808
112,0.542724118855
