site,dnds
1,0.661343849686
2,0.45901670305
3,0.38943236184
4,0.529772661188
5,0.517948400497
6,0.076597825474
7,0.185968664566
8,0.311929697832
9,0.5631900198
10,0.853568685439
11,0.733123552755
12,0.548295271635
13,0.582824440251
14,0.897448379771
15,0.609527995334
16,0.17922751623
17,0.494777880355
18,0.616534620744
19,0.792094894246
20,0.108974116231
21,0.379946917305
22,0.713898375804
23,0.502093143373
24,0.474924054774
25,0.716918458599
26,0.766783713418
27,0.561273896936
28,0.638275549511
29,0.765686952137
30,0.854563119796
31,0.881476338484
32,0.46819360763
33,0.681377792528
34,0.748300723423
35,0.441940415893
36,0.39087105819
37,0.372229383699
38,0.136544888672
39,0.32700130026
40,0.483403046368
41,0.824495022961
42,0.0703916212362
43,0.124264351636
44,0.577721314005
45,0.543441954157
46,0.14409492803
47,0.517631394252
48,0.711520311005
49,0.68535963831
50,0.62758330411
51,0.824648318195
52,0.695516219396
53,0.702200578766
54,0.752804708028
55,0.198528736859
56,0.727073145383
57,0.901305603967
58,0.765101237665
59,0.63831663501
60,0.503241330997
61,0.749903246043
62,0.750310566688
63,0.607512574892
64,0.819388684186
65,0.666174464394
66,0.595608904183
67,0.429377670077
68,0.520619953422
69,0.444719837714
70,0.349901715044
71,0.508813028337
72,0.0357872529209
73,0.463708634817
74,0.67500795179
75,0.725931518024
76,0.594874818152
77,0.770487155829
78,0.76371098262
79,0.504146895072
