site,dnds
1,0.402871237959
2,0.549127112529
3,0.66035955618
4,0.644874160696
5,0.498293345002
6,0.642368273844
7,0.766705384442
8,0.402092701428
9,0.683805809626
10,0.669887016331
11,0.503062190823
12,0.289385149055
13,0.664572419104
14,0.581509584515
15,0.559323830895
16,0.835767704774
17,0.682886907219
18,0.508753224097
19,0.49068783242
20,0.767812488142
21,0.795278305249
22,0.646192813459
23,0.777017820215
24,0.659911562836
25,0.709309384161
26,0.833866420519
27,0.670031119588
28,0.647515852335
29,0.790162299272
30,0.873413567687
31,0.486617129033
32,0.809855647221
33,0.84585239046
34,0.688470910591
35,0.524364934643
36,0.647606953787
37,0.761224392331
38,0.294373787935
39,0.859144810199
40,0.667530300087
41,0.724352291336
42,0.82078986669
43,0.59799315007
44,0.449349042373
45,0.81695285768
46,0.893641791714
47,0.509645365431
48,0.68815178374
49,0.772979419431
50,0.641743622242
51,0.639601754717
52,0.837298524732
53,0.768195637079
54,0.557865125053
55,0.598428800855
56,0.814840802693
57,0.607069997138
58,0.515603319687
59,0.456311285842
60,0.776046472186
61,0.365465961836
62,0.449363940954
63,0.796984507367
64,0.508760213682
65,0.767484513384
66,0.734292383953
67,0.694637590992
68,0.453451895681
69,0.784814627684
70,0.750455291794
71,0.648029027881
72,0.60286108592
73,0.753757951056
74,0.756164386455
75,0.647946075492
76,0.638611862236
77,0.72866077005
78,0.715353416833
79,0.703265821153
80,0.723564505469
81,0.809345841997
82,0.692686852629
83,0.749532670687
84,0.621210582059
85,0.766165004538
86,0.708684062801
87,0.677285915489
88,0.708011495099
89,0.676622425459
90,0.662713339474
91,0.381533013572
92,0.237269411076
93,0.474514306433
94,0.629350512233
95,0.68571178756
96,0.656638553976
97,0.645045202207
98,0.622139518128
99,0.554454454434
100,0.703760168115
101,0.658051539176
102,0.539941653877
103,0.683104962829
104,0.679263010387
105,0.62601265938
106,0.597402282711
107,0.712948479287
108,0.724355810798
109,0.618561298645
110,0.558414907894
111,0.645145415809
112,0.382432550422
