site,dnds
1,0.938434080689
2,0.918226922467
3,0.824498081629
4,0.939367298416
5,0.68381224577
6,0.766723117408
7,0.555420404487
8,0.641218724493
9,0.359751873576
10,0.579634942243
11,0.474815866983
12,0.853000430419
13,0.718181413365
14,0.669086038183
15,0.819865036854
16,0.820251925037
17,0.512718001484
18,0.399745610825
19,0.392280043455
20,0.0990243265569
21,0.583256847182
22,0.392599998188
23,0.835686093389
24,0.807386354007
25,0.885427664743
26,0.884331317781
27,0.914103301212
28,0.884714271056
29,0.84317931885
30,0.84872169016
31,0.864479223196
32,0.825757791276
33,0.88198021221
34,0.782319969423
35,0.886460982748
36,0.710781549889
37,0.457056167014
38,0.659848667556
39,0.627886096944
40,0.433404314216
41,0.530974828459
42,0.571219716251
43,0.225653888831
44,0.14630644882
45,0.727266015159
46,0.137318003193
47,0.752674362151
48,0.0838223049062
49,0.184985799039
50,0.629280661396
51,0.593533730236
52,0.486851937909
53,0.428917021845
54,0.834061219391
55,0.837026802869
56,0.541847975998
57,0.823580578498
58,0.844127331413
59,0.806137157488
60,0.792516948437
61,0.76023952958
62,0.833083486059
63,0.861378634514
64,0.815386642978
65,0.68428380001
66,0.821931226591
67,0.883178728464
68,0.868309181042
69,0.871416391143
70,0.88590761291
71,0.89085922329
72,0.916707013567
73,0.867030882977
74,0.853719667678
75,0.893504206929
76,0.946051765739
77,0.8950714904
78,0.885850084108
79,0.822126706375
80,0.91293334511
81,0.883273842364
82,0.885251461182
83,0.906939464497
84,0.87104448276
85,0.880991378488
86,0.849168139118
87,0.856837585667
88,0.901104339461
89,0.861716067484
90,0.867623000429
91,0.864435918052
92,0.817441928836
93,0.810808251672
94,0.84919749154
95,0.831924096711
96,0.660526000357
97,0.747076728285
98,0.684977278295
99,0.613782181556
100,0.725147040946
101,0.765274966223
102,0.786764900069
103,0.829263043137
104,0.827829166421
105,0.776102220202
106,0.815424570384
107,0.781466671212
108,0.820809043146
109,0.841395569325
110,0.882314185511
111,0.797704176949
112,0.837458916574
113,0.679358895996
114,0.556940170323
115,0.511127687447
116,0.626051862295
117,0.328908155638
118,0.193955912779
119,0.637171199263
120,0.733762541634
121,0.573517465164
122,0.906171878871
123,0.917507309859
124,0.824069051805
125,0.677881190579
126,0.761981969604
127,0.854201852866
128,0.902303211667
129,0.790532426255
130,0.823160894998
131,0.555809937222
132,0.303225168971
