site,dnds
1,0.385837446827
2,0.339550454478
3,0.448751256005
4,0.460066920121
5,0.362065033125
6,0.544048076898
7,0.229970723846
8,0.285745096483
9,0.399459601692
10,0.68830335572
11,0.780712075359
12,0.886979836918
13,0.467201231885
14,0.755469678652
15,0.606459783412
16,0.360857412905
17,0.47975895255
18,0.746530915136
19,0.485899250745
20,0.776136124344
21,0.760788505405
22,0.485264831052
23,0.762436854431
24,0.554775253409
25,0.388319051093
26,0.42677004886
27,0.491962733228
28,0.516855400075
29,0.533903512274
30,0.168016406267
31,0.21335061286
32,0.446367084184
33,0.231186756843
34,0.743015051125
35,0.633492418278
36,0.799912302882
37,0.706443928423
38,0.617188870768
39,0.420094090568
40,0.749275039349
41,0.722141843162
42,0.582332362803
43,0.739295983264
44,0.631351242352
45,0.771533240514
46,0.470163310388
47,0.674287389234
48,0.850554859394
49,0.835885140271
50,0.672559309067
51,0.397014464175
52,0.388924180307
53,0.620777972886
54,0.685569318123
55,0.790707140868
56,0.104905522901
57,0.721176284017
58,0.559428757685
59,0.808864979713
60,0.331895641462
61,0.634049131986
62,0.650854066194
63,0.801670220462
64,0.583415524649
65,0.804133560653
66,0.629895604761
67,0.591265493967
68,0.244679367415
69,0.524703444903
70,0.705217002315
71,0.657445848488
72,0.63983939684
73,0.173952586535
74,0.419609648324
75,0.0385305738513
76,0.568814665752
77,0.248301562795
78,0.607105503469
79,0.878275700475
80,0.595763409083
81,0.701480637378
82,0.577742015541
83,0.577898122877
84,0.792122082208
85,0.783325735725
86,0.587135673995
87,0.531444078729
88,0.759518601654
89,0.765836526666
90,0.447026797955
91,0.731488593153
92,0.786436943872
93,0.691837450275
94,0.808354354961
95,0.747815385114
96,0.827589429885
97,0.626160954428
98,0.875663493206
99,0.781429866842
100,0.841667670244
101,0.840984612684
102,0.902297617554
103,0.867816154696
104,0.861896901771
105,0.868279979298
106,0.897423880304
107,0.910618088788
108,0.905105597149
109,0.727671654691
110,0.867934579613
111,0.930886417473
112,0.836950356263
113,0.911226105876
114,0.878513523593
115,0.910351421445
116,0.936158092335
117,0.884881470316
118,0.87682012105
119,0.906138514214
120,0.885357787666
121,0.852680595176
122,0.960776811022
123,0.920791392066
124,0.919521910761
125,0.893266319842
126,0.858223817772
127,0.877171368951
128,0.854118170159
129,0.838296730609
130,0.779762835809
131,0.764808237222
132,0.785344744882
133,0.665157939788
134,0.835205431045
135,0.698297243033
136,0.778871551898
137,0.717849747017
