site,dnds
1,0.498714668755
2,0.354739001717
3,0.215816967832
4,0.553573172905
5,0.504634775532
6,0.173138782722
7,0.427296644723
8,0.368680062456
9,0.639192893719
10,0.629877961582
11,0.5789956474
12,0.417447779966
13,0.272668938201
14,0.786460002843
15,0.677355876306
16,0.524243325758
17,0.253392074939
18,0.330399240716
19,0.464612118091
20,0.444327304864
21,0.15693080418
22,0.303629676135
23,0.45249100432
24,0.306185856411
25,0.322193006074
26,0.394131097768
27,0.585324378008
28,0.344570346754
29,0.0521842834778
30,0.00698420745811
31,0.0446513314979
32,0.359293691557
33,0.601280998736
34,0.627952120404
35,0.638485654989
36,0.675420017438
37,0.70657350122
38,0.573504505962
39,0.165240017942
40,0.545035256334
41,0.639827995212
42,0.398405774867
43,0.547993273576
44,0.668163012619
45,0.126472875483
46,0.325863347942
47,0.482102139566
48,0.487322727154
49,0.192384609948
50,0.511167360591
51,0.402342910173
52,0.588351040146
53,0.696157722717
54,0.643505084327
55,0.298182075617
56,0.580977317771
57,0.693422129851
58,0.421884519274
59,0.359807518348
60,0.75649349359
61,0.782203569087
62,0.603087910872
