site,dnds
1,0.508396985901
2,0.362804047084
3,0.221348648796
4,0.562567901384
5,0.511698248826
6,0.175987946776
7,0.433747429346
8,0.379667946031
9,0.644116260656
10,0.633734711601
11,0.584779806729
12,0.422665155908
13,0.27898622469
14,0.790084791691
15,0.681498254634
16,0.530180513651
17,0.256975967689
18,0.338753943412
19,0.46951563653
20,0.449786952811
21,0.175889247165
22,0.311540180727
23,0.460802409577
24,0.32246654608
25,0.329676426958
26,0.398953726062
27,0.58955420192
28,0.352938606934
29,0.0576559994976
30,0.00934665508045
31,0.0483000572005
32,0.364443182198
33,0.605151943995
34,0.63335703314
35,0.644097945726
36,0.680104374241
37,0.710271858073
38,0.577251019637
39,0.171353854954
40,0.55416896414
41,0.644866493423
42,0.40407866303
43,0.552519064405
44,0.671268424506
45,0.132192975681
46,0.332063382157
47,0.489563059933
48,0.4933818668
49,0.197690192221
50,0.514717829095
51,0.409238294086
52,0.593390269574
53,0.701594000507
54,0.648354313096
55,0.306593777408
56,0.586963255899
57,0.69937810793
58,0.430368875653
59,0.362683706063
60,0.758474656098
61,0.783469206254
62,0.606747462154
