site,dnds
1,0.619191216135
2,0.590174053744
3,0.269701127685
4,0.717842220571
5,0.713145227406
6,0.454011732269
7,0.618165298238
8,0.513488084175
9,0.608900701987
10,0.554876464906
11,0.275994996934
12,0.417517843825
13,0.687315458782
14,0.640254955996
15,0.243886212304
16,0.272386692574
17,0.651212961921
18,0.712877006622
19,0.475105009136
20,0.467922556631
21,0.553792339844
22,0.446074549355
23,0.490669689464
24,0.451990744979
25,0.578526380738
26,0.481581871018
27,0.266077930686
28,0.644557267685
29,0.640991286095
30,0.388862523293
31,0.584018804529
32,0.66490261106
33,0.307895700338
34,0.156801041695
35,0.726985971778
36,0.75600359307
37,0.540525477271
38,0.445164323003
39,0.619901338887
40,0.705075736064
41,0.237720567312
42,0.351370266989
43,0.704487066463
44,0.283093639354
45,0.747358186982
46,0.645954232646
47,0.760538434544
48,0.462775629051
49,0.210955666515
50,0.760661140585
51,0.686356666502
52,0.249240441444
53,0.732883657185
