site,dnds
1,0.781049706616
2,0.612112057619
3,0.750356006398
4,0.71793938012
5,0.448882888609
6,0.612606737987
7,0.636346691889
8,0.697574549093
9,0.476835246057
10,0.492660997077
11,0.0873910238031
12,0.354912253347
13,0.419118989369
14,0.290288067901
15,0.193805752725
16,0.0737171337275
17,0.396442429651
18,0.526356629754
19,0.710637107485
20,0.450799844663
21,0.703153758225
22,0.512284738238
23,0.674312298248
24,0.587041879895
25,0.579235614049
26,0.729243419663
27,0.539842882526
28,0.695300516236
29,0.648537996067
30,0.673765010055
31,0.737082204521
32,0.821173580323
33,0.423323698608
34,0.781904997131
35,0.719430110541
36,0.563389261805
37,0.706537547676
38,0.777361950707
39,0.705677171437
40,0.388590960869
41,0.784249753103
42,0.741654288319
43,0.448919425283
44,0.438223080149
45,0.592392405752
46,0.594403066318
47,0.560310216974
48,0.619973233063
49,0.607300835049
50,0.644244725347
51,0.513906836634
52,0.779786098114
53,0.706166063566
54,0.810634653937
55,0.736104495925
