site,dnds
1,0.780131897811
2,0.610413679599
3,0.748258875788
4,0.716075248595
5,0.445707010375
6,0.611571037771
7,0.632524224102
8,0.695484749688
9,0.474416381147
10,0.490061913177
11,0.0847395706422
12,0.3518251164
13,0.416336603067
14,0.286551244127
15,0.184798696281
16,0.0691984325797
17,0.394133851442
18,0.523971296568
19,0.708439048011
20,0.447192157013
21,0.701673478674
22,0.510040972711
23,0.672952114294
24,0.585146935339
25,0.574153034759
26,0.72814031216
27,0.538278085771
28,0.692257815161
29,0.641988456541
30,0.67155742731
31,0.734001401955
32,0.820213292219
33,0.420245721141
34,0.780650843147
35,0.717899991851
36,0.561046201993
37,0.705377377467
38,0.776150066144
39,0.704555296471
40,0.382041157995
41,0.782753388608
42,0.739453655666
43,0.439620428
44,0.43443346687
45,0.588382066538
46,0.591239087593
47,0.557238029666
48,0.617699156533
49,0.603322397538
50,0.642802138763
51,0.510647389343
52,0.778150039304
53,0.703793916216
54,0.809213597295
55,0.734072338369
