site,dnds
1,0.587780197528
2,0.568346089508
3,0.205748628704
4,0.703517657448
5,0.69519690999
6,0.411405916444
7,0.587958323463
8,0.485340872697
9,0.587939111386
10,0.48606975669
11,0.237251442857
12,0.361988391343
13,0.664048678132
14,0.498687771554
15,0.181705585573
16,0.200589848113
17,0.624946560975
18,0.694992581792
19,0.429867820998
20,0.428177137377
21,0.524608323077
22,0.400678238155
23,0.435263451982
24,0.411777213933
25,0.550789085395
26,0.450062601182
27,0.199665926576
28,0.587312419728
29,0.610284151322
30,0.351493581653
31,0.545109029579
32,0.634872107861
33,0.254260913926
34,0.0558038965762
35,0.69660453386
36,0.735795918782
37,0.503591659524
38,0.384989857154
39,0.592902754404
40,0.652893522806
41,0.174749682319
42,0.269420238727
43,0.683039847945
44,0.226413777851
45,0.72800688277
46,0.6248334148
47,0.749764377238
48,0.421891849343
49,0.107477174855
50,0.742416565391
51,0.664236603907
52,0.18326360947
53,0.716961752671
