site,dnds
1,0.527404726625
2,0.392020284549
3,0.256626474243
4,0.580204509549
5,0.528679196039
6,0.207327038465
7,0.452658497669
8,0.409620151796
9,0.660742006653
10,0.643314972188
11,0.599325996364
12,0.440443743698
13,0.318848394864
14,0.797772986784
15,0.69242974413
16,0.550542774824
17,0.274582197044
18,0.366905384568
19,0.489611929352
20,0.472326383604
21,0.218172127407
22,0.355352384625
23,0.482489393026
24,0.354693737066
25,0.350171174232
26,0.423265345474
27,0.605496620388
28,0.414563983108
29,0.108395939948
30,0.171621718137
31,0.113160247455
32,0.388134720609
33,0.618277484215
34,0.64701484379
35,0.655518691037
36,0.690881009286
37,0.723704718513
38,0.59001418403
39,0.201909890314
40,0.571232341235
41,0.657776441346
42,0.414914218933
43,0.567164798611
44,0.683836666937
45,0.178545942356
46,0.356184538844
47,0.508675762532
48,0.508625868147
49,0.22113114393
50,0.527265124401
51,0.434409552139
52,0.608626560152
53,0.716871480009
54,0.664362979865
55,0.335822957111
56,0.601169745637
57,0.711802764375
58,0.456101064313
59,0.389038769492
60,0.767616434285
61,0.791246833642
62,0.615742650488
