site,dnds
1,0.444511433394
2,0.639851564661
3,0.781268646169
4,0.567681611145
5,0.862856650616
6,0.375405462901
7,0.475233965708
8,0.794337884871
9,0.549938206947
10,0.223314565043
11,0.475161844264
12,0.652961881999
13,0.369958109809
14,0.234607285928
15,0.638819412985
16,0.618107282553
17,0.259788917719
18,0.485159491388
19,0.692140787974
20,0.519917690326
21,0.744458092573
22,0.279141302863
23,0.556385940745
24,0.474213706435
25,0.544560768352
26,0.482643894127
27,0.262918638885
28,0.589717614154
29,0.602727607147
30,0.213367346214
31,0.5497840972
32,0.674469341739
33,0.733098865423
34,0.477795536827
35,0.234751299491
36,0.615584765667
37,0.638817510398
38,0.820478904637
39,0.781784872968
40,0.736207289175
41,0.605010264446
42,0.706680494349
43,0.382753221967
44,0.473049584197
45,0.377166525118
46,0.380056463913
47,0.436204222446
48,0.483004322815
49,0.27276587133
50,0.635253693118
51,0.50728809606
52,0.2980342815
53,0.0444944048094
54,0.380523918471
55,0.484466766822
56,0.414100388543
57,0.723324928082
58,0.763213402257
59,0.748836030052
60,0.333309750777
61,0.638058781732
62,0.200081945178
63,0.478804328416
64,0.286069621953
65,0.415234331752
66,0.701730998958
67,0.0961687860748
68,0.122479073401
69,0.634485655429
70,0.454345161825
