site,dnds
1,0.741487224276
2,0.566965043719
3,0.56128340034
4,0.625481500232
5,0.640617605112
6,0.16420348246
7,0.242880166031
8,0.431543978835
9,0.670085394109
10,0.884536957109
11,0.799353893199
12,0.639553331989
13,0.704539697298
14,0.93611707308
15,0.69374995225
16,0.258442843313
17,0.602599878044
18,0.71016782945
19,0.844502760143
20,0.242379596606
21,0.582279832804
22,0.792973350699
23,0.660701446287
24,0.568390236813
25,0.788562545326
26,0.821045227555
27,0.65627497523
28,0.715848862209
29,0.844517692322
30,0.887929021011
31,0.919017365189
32,0.568333276469
33,0.762529683663
34,0.797937151414
35,0.549512557757
36,0.617988329095
37,0.604800429831
38,0.215989264795
39,0.428230755616
40,0.622783268105
41,0.873890847896
42,0.152068231276
43,0.370064345849
44,0.688686565529
45,0.654394241365
46,0.247181711467
47,0.612641686053
48,0.789715937061
49,0.768673940171
50,0.721579472935
51,0.852771880294
52,0.797334205888
53,0.782690955761
54,0.84513641673
55,0.288149419713
56,0.800194787197
57,0.932500279842
58,0.853363810309
59,0.739766302516
60,0.652508160056
61,0.825362287871
62,0.837509731618
63,0.688642059725
64,0.857556297643
65,0.789606257455
66,0.772700767974
67,0.556182062018
68,0.630691210314
69,0.605400716192
70,0.471154987595
71,0.614962018092
72,0.152007173624
73,0.599917855307
74,0.755690252069
75,0.796843157192
76,0.690137142639
77,0.824342180101
78,0.826447529285
79,0.643761492762
