site,dnds
1,0.402392231442
2,0.549003091405
3,0.660335424918
4,0.644826748386
5,0.498151211793
6,0.642300371089
7,0.766631505369
8,0.402046256051
9,0.683620323858
10,0.669748591139
11,0.502852787654
12,0.289205562925
13,0.664434483282
14,0.581396489191
15,0.559252456409
16,0.835691268932
17,0.68271734289
18,0.508199330992
19,0.490027328954
20,0.767694769529
21,0.795237502695
22,0.64603518043
23,0.776903766477
24,0.659853814788
25,0.709156543314
26,0.833857403922
27,0.670024030112
28,0.647414820887
29,0.790138837032
30,0.873403541697
31,0.486477188127
32,0.80985302209
33,0.845837631374
34,0.688321138593
35,0.524175150014
36,0.647588991615
37,0.761173731628
38,0.294144486478
39,0.859140552565
40,0.667405123575
41,0.724347896953
42,0.820792185105
43,0.597801840997
44,0.449268270271
45,0.816940187312
46,0.893635412913
47,0.50953019126
48,0.688072038843
49,0.772969842074
50,0.641704090752
51,0.639551606663
52,0.837289501699
53,0.768159802933
54,0.557817513538
55,0.598409850886
56,0.814776190548
57,0.607013489375
58,0.515574797286
59,0.456208164199
60,0.775877158495
61,0.365440775663
62,0.4490967079
63,0.796925009877
64,0.50862636814
65,0.767396870085
66,0.734221726021
67,0.694603005343
68,0.453165704094
69,0.784695844846
70,0.750422787882
71,0.647910121353
72,0.602807079707
73,0.753635837943
74,0.756119383422
75,0.647885875489
76,0.63853647341
77,0.728551963612
78,0.71530350695
79,0.703234590381
80,0.723416046765
81,0.809317514078
82,0.692647908382
83,0.749381275119
84,0.621051279632
85,0.766136976763
86,0.708586264823
87,0.677237519684
88,0.707924086233
89,0.676567727935
90,0.662602639669
91,0.381443587239
92,0.237160654773
93,0.474290534365
94,0.629230679557
95,0.685584156267
96,0.656520470559
97,0.645010360104
98,0.621885675564
99,0.554340915867
100,0.703538930309
101,0.657915592635
102,0.5398046923
103,0.683041680921
104,0.67916755261
105,0.625902429069
106,0.597353329572
107,0.712744212595
108,0.724351841112
109,0.618543917518
110,0.558268926462
111,0.645003393117
112,0.382212468096
