site,dnds
1,0.462351970027
2,0.783683334248
3,0.688606715634
4,0.841459467119
5,0.797143201222
6,0.623874496993
7,0.563981318023
8,0.741982274668
9,0.694367864485
10,0.520162280572
11,0.84933212469
12,0.623354430548
13,0.571187621655
14,0.636611378761
15,0.643738245166
16,0.875818203441
17,0.644781915041
18,0.552274213049
19,0.771673158398
20,0.777575067191
21,0.748189796748
22,0.521192036338
23,0.848303459052
24,0.703269959573
25,0.831389762768
26,0.687726723567
27,0.722660441332
28,0.745492527728
29,0.795494595498
30,0.557842142385
31,0.539992802115
32,0.299388311568
33,0.491691858738
34,0.782560278499
35,0.808666497176
36,0.528956587997
37,0.735863988468
38,0.516430499332
39,0.732619541703
40,0.128610924124
41,0.584198971807
42,0.466425903437
43,0.690414925514
44,0.79637799381
45,0.784634471504
46,0.549346940599
47,0.502110532515
48,0.818239085881
49,0.781708813816
50,0.720187865013
51,0.741863857546
52,0.495045940593
53,0.65607668267
54,0.741667870656
55,0.621708881031
56,0.427034958355
57,0.809525478171
58,0.690029045626
59,0.752935348456
60,0.708349935193
61,0.453174587042
62,0.835467673135
63,0.573275991219
64,0.664292686833
65,0.600493249407
66,0.549501467424
67,0.619486572384
68,0.85341375609
69,0.736357977228
70,0.401746424728
71,0.622372755062
72,0.822195650099
73,0.746354137257
74,0.400175582802
75,0.790871367409
76,0.730898108926
77,0.785389828007
78,0.528798988156
79,0.545640181539
80,0.271515713017
81,0.498185324684
82,0.619740966597
83,0.733873411529
84,0.411149085853
85,0.783693617374
86,0.697023043819
87,0.672331709398
88,0.202121746835
89,0.647962461922
90,0.468545725942
91,0.639923542646
92,0.843764278153
93,0.780835017959
94,0.534129782541
95,0.494579624563
96,0.668794219707
97,0.73199526635
98,0.729120463262
99,0.759627509207
100,0.91835516977
