site,dnds
1,0.788862876499
2,0.625549967896
3,0.763300150607
4,0.729695217168
5,0.468775543617
6,0.621778407427
7,0.659766876079
8,0.710207169775
9,0.492279957904
10,0.508409260077
11,0.107712958644
12,0.379399755559
13,0.437920709833
14,0.313658286372
15,0.243743762597
16,0.111936602236
17,0.41430233536
18,0.543763312411
19,0.725102838632
20,0.473823343936
21,0.714933274184
22,0.529956350031
23,0.685681088066
24,0.602681924962
25,0.601809950275
26,0.738757263538
27,0.552949881179
28,0.751940632974
29,0.686304797418
30,0.687824235388
31,0.752602577727
32,0.829099607931
33,0.447394297805
34,0.791617941718
35,0.731018619442
36,0.57865780713
37,0.715914050876
38,0.786385333832
39,0.714785733804
40,0.425735343023
41,0.794272996022
42,0.761499155153
43,0.48763967394
44,0.459800129384
45,0.614329717469
46,0.613363661292
47,0.577777659355
48,0.635779839111
49,0.632867612984
50,0.654960612028
51,0.536753465567
52,0.792051283131
53,0.721133629856
54,0.819824985162
55,0.750680701243
