site,dnds
1,0.621917769186
2,0.807481345716
3,0.854342195009
4,0.463939491457
5,0.44982382076
6,0.809973077261
7,0.628899507416
8,0.250368371327
9,0.780934728423
10,0.782732274917
11,0.548021911497
12,0.504134297729
13,0.810597762048
14,0.810603292159
15,0.613335581532
16,0.737375708161
17,0.524815441272
18,0.39077932809
19,0.810597762048
20,0.6928858591
21,0.496640189936
22,0.483060981255
23,0.806549359286
24,0.886834859369
25,0.450277928125
26,0.766286751007
27,0.806955606225
28,0.617633896669
29,0.445026254308
30,0.807481345716
31,0.679907098348
32,0.517484303792
33,0.477632024071
34,0.684790474772
35,0.617633896669
36,0.892519654295
37,0.880231270949
38,0.643594469998
39,0.493987278546
40,0.682907579988
41,0.469455045177
42,0.414502102248
43,0.6928858591
44,0.464084059402
45,0.637596013186
46,0.598362311091
47,0.608135523889
48,0.810597762048
49,0.807481345716
50,0.595213906944
51,0.695701994333
52,0.737375708161
53,0.625962224712
54,0.372416661077
55,0.357709205223
56,0.486187573146
57,0.580292583738
58,0.737375708161
59,0.813802095104
60,0.880446979097
61,0.880446979097
62,0.617071471075
63,0.583018382546
64,0.493987278546
