site,dnds
1,0.780463705893
2,0.603038762091
3,0.550917313152
4,0.597296751362
5,0.594085266658
6,0.163764550767
7,0.307936835983
8,0.470188491089
9,0.694364260501
10,0.911146238715
11,0.661714627458
12,0.638219658221
13,0.671197517479
14,0.794598823733
15,0.462163292205
16,0.290525617949
17,0.562949945243
18,0.799022028948
19,0.780463705893
20,0.286573956313
21,0.830214728099
22,0.694364260501
23,0.661714627458
24,0.551343046321
25,0.694364260501
26,0.694364260501
27,0.610373157595
28,0.713632661729
29,0.911146238715
30,0.830214728099
31,0.799022028948
32,0.57682917321
33,0.671197517479
34,0.911146238715
35,0.594085266658
36,0.550917313152
37,0.580518160167
38,0.265022449649
39,0.462163292205
40,0.532730592643
41,0.911146238715
42,0.163764550767
43,0.30659416227
44,0.643797804085
45,0.694364260501
46,0.349714600008
47,0.575444505091
48,0.694364260501
49,0.830214728099
50,0.602878369634
51,0.911146238715
52,0.794598823733
53,0.768449818546
54,0.911146238715
55,0.163764550767
56,0.768449818546
57,0.911146238715
58,0.799022028948
59,0.768449818546
60,0.550917313152
61,0.694364260501
62,0.732053619108
63,0.830214728099
64,0.830214728099
65,0.794598823733
66,0.780463705893
67,0.610689798809
68,0.575444505091
69,0.594085266658
70,0.43545837568
71,0.600265474001
72,0.316511245147
73,0.638219658221
74,0.638219658221
75,0.748198689241
76,0.649320948853
77,0.781281921885
78,0.911146238715
79,0.575444505091
