site,dnds
1,0.879234563308
2,0.851093796476
3,0.686725691469
4,0.90239000349
5,0.874596559986
6,0.845697604638
7,0.703891713008
8,0.645355344282
9,0.874846193405
10,0.81173752122
11,0.558200022131
12,0.502030464973
13,0.275305082622
14,0.536274056071
15,0.74288393214
16,0.709600169958
17,0.824934250599
18,0.682181028705
19,0.289510853596
20,0.72482664629
21,0.800503945534
22,0.688585470742
23,0.611751583188
24,0.757189811652
25,0.79798929405
26,0.207344632033
27,0.633924218181
28,0.770616882768
29,0.712138621412
30,0.829854426238
31,0.940398944747
32,0.768617831268
33,0.561191758488
34,0.42162962259
35,0.498587537632
36,0.44950711305
37,0.227395247211
38,0.542935931224
39,0.481611469119
40,0.454627439709
41,0.40817654796
42,0.282170472021
43,0.0268015028302
44,0.455373634754
45,0.197919431012
46,0.484104304227
47,0.632914959974
48,0.703576732631
49,0.412756986107
50,0.616918968461
51,0.627630031837
52,0.242134280479
53,0.442090015297
54,0.522252251172
55,0.658201352511
56,0.367879897513
57,0.764917449688
58,0.492952838714
59,0.704327718359
60,0.494023523871
61,0.678596318902
62,0.72811694573
63,0.723466449078
64,0.456392705011
65,0.691687651097
66,0.242428031487
67,0.247984317252
68,0.644487393798
69,0.129277637768
70,0.0464250841899
71,0.441998307765
72,0.254461247711
73,0.0779345120383
74,0.781737545754
75,0.497134963044
