site,dnds
1,0.40547013131
2,0.551086071834
3,0.661458911083
4,0.646668951696
5,0.500652393396
6,0.644366446231
7,0.767770404481
8,0.404309827414
9,0.685743653133
10,0.672309554744
11,0.505470451394
12,0.292071522679
13,0.666268621028
14,0.583370246047
15,0.561268984344
16,0.836920092741
17,0.684584745832
18,0.512475611301
19,0.492894663436
20,0.768668921007
21,0.796007889636
22,0.648100958618
23,0.778823829447
24,0.661529329038
25,0.71083157952
26,0.834456946852
27,0.671197180156
28,0.649088785328
29,0.791091106353
30,0.873743682007
31,0.490100380801
32,0.810257361524
33,0.846303235586
34,0.690202754271
35,0.526711595505
36,0.649256582879
37,0.762264447745
38,0.29790436467
39,0.859544292024
40,0.669012174466
41,0.724836165569
42,0.821383878746
43,0.600773353995
44,0.451129555209
45,0.817391058838
46,0.893983762313
47,0.512362712591
48,0.690132182778
49,0.77376321414
50,0.642708864032
51,0.641406832335
52,0.837803871769
53,0.769179979758
54,0.559259025572
55,0.599722515295
56,0.815606264354
57,0.609068815096
58,0.517163446046
59,0.458893882294
60,0.777268227681
61,0.367658458978
62,0.45229974647
63,0.797903685353
64,0.510830437674
65,0.768875097547
66,0.736088565302
67,0.695843805264
68,0.456652452134
69,0.78654445555
70,0.751485265868
71,0.649548757064
72,0.60490781252
73,0.755066555416
74,0.756989250788
75,0.64896557047
76,0.640019543045
77,0.729794696953
78,0.716404339557
79,0.704010674632
80,0.724814604249
81,0.810114550502
82,0.693500678848
83,0.750928739454
84,0.623496007538
85,0.767123637885
86,0.709798861561
87,0.678207625196
88,0.709009286521
89,0.678031384889
90,0.664199692696
91,0.385496818763
92,0.240506504672
93,0.478333673748
94,0.632117022419
95,0.687542778623
96,0.658768305867
97,0.646602386779
98,0.624785463753
99,0.556086447459
100,0.706125327727
101,0.659827863063
102,0.542671897911
103,0.684236314499
104,0.681422303245
105,0.627889044925
106,0.598590984974
107,0.714917327448
108,0.725008899267
109,0.619674779877
110,0.560703501985
111,0.646997365552
112,0.386019576568
