site,dnds
1,0.878803308599
2,0.850877539004
3,0.686026941929
4,0.902084611599
5,0.874157650416
6,0.845505977246
7,0.703057226996
8,0.641282772204
9,0.874374073823
10,0.811198457377
11,0.556004558435
12,0.499942086862
13,0.270272253206
14,0.533803287718
15,0.74123852956
16,0.707957902821
17,0.824228727346
18,0.677521788047
19,0.287713755499
20,0.723193121263
21,0.799716788385
22,0.686489650233
23,0.609848224959
24,0.755248986837
25,0.796310350659
26,0.20460169691
27,0.632803621732
28,0.769616039348
29,0.71114044557
30,0.827969657333
31,0.939003703135
32,0.767962996198
33,0.557702928856
34,0.415164768668
35,0.496191730735
36,0.446382911191
37,0.225216931597
38,0.541019138713
39,0.4792296954
40,0.451594634885
41,0.404017412276
42,0.279475574946
43,0.0253164006065
44,0.452464338449
45,0.194521515364
46,0.481648997558
47,0.631276903687
48,0.702182112761
49,0.405759059548
50,0.614552256399
51,0.625734288672
52,0.220509735024
53,0.438225840879
54,0.520440555857
55,0.657187200094
56,0.366179022763
57,0.763488430562
58,0.492318057483
59,0.703368730505
60,0.491428239212
61,0.678080516018
62,0.727010479238
63,0.720693196457
64,0.454053296295
65,0.688677162755
66,0.239526155486
67,0.246241166942
68,0.640543791946
69,0.119079914261
70,0.0444924953462
71,0.437081153383
72,0.252251134453
73,0.074634018213
74,0.78131860991
75,0.495906742808
