site,dnds
1,0.657994782874
2,0.453488073495
3,0.384551899853
4,0.5236822773
5,0.513003666115
6,0.070297765591
7,0.185980618599
8,0.299824288581
9,0.559261495825
10,0.853130916469
11,0.730872940199
12,0.542416845196
13,0.580816299796
14,0.895393338914
15,0.606028041622
16,0.180957683679
17,0.488845004681
18,0.610250467427
19,0.789468166421
20,0.093780009097
21,0.377174473416
22,0.712884081009
23,0.495120986028
24,0.466477919471
25,0.713466040357
26,0.76372516561
27,0.556093825015
28,0.632399106787
29,0.760726496488
30,0.854208691653
31,0.878713701536
32,0.466143426487
33,0.679887415093
34,0.747612354652
35,0.436764244149
36,0.379990336396
37,0.3500998366
38,0.132730459883
39,0.323746371491
40,0.474595788896
41,0.822257398223
42,0.0675510055261
43,0.102813676535
44,0.574689535904
45,0.537803887912
46,0.139216199944
47,0.511453806257
48,0.709534240199
49,0.680642960898
50,0.621292000419
51,0.824214981946
52,0.69129546306
53,0.698894440815
54,0.751421825073
55,0.193981744307
56,0.723655599506
57,0.900555523842
58,0.761303510211
59,0.630917614012
60,0.497855304968
61,0.745753764453
62,0.748875673609
63,0.604229506659
64,0.819023633383
65,0.661099268827
66,0.592771993394
67,0.42567312817
68,0.515540969431
69,0.432382079625
70,0.344851807312
71,0.503232160015
72,0.0329841156201
73,0.458280132566
74,0.672189092001
75,0.721127558588
76,0.589478697131
77,0.769602795964
78,0.760660945935
79,0.495251448677
