site,dnds
1,0.498741098356
2,0.354978551551
3,0.216046569943
4,0.553843348938
5,0.504963832851
6,0.166451674053
7,0.427642735939
8,0.369025874934
9,0.639201592427
10,0.62992979682
11,0.579356038669
12,0.417531249188
13,0.272946718558
14,0.786625196718
15,0.677510718105
16,0.525044512253
17,0.253498561859
18,0.330737922504
19,0.464835717363
20,0.444461611196
21,0.157403391506
22,0.304345936849
23,0.452923853808
24,0.306767474658
25,0.323487982048
26,0.394199847465
27,0.585544508357
28,0.344631007566
29,0.0523671449018
30,0.00702863409997
31,0.0447654532471
32,0.359484387239
33,0.601328009546
34,0.628328282845
35,0.638641364131
36,0.675512636232
37,0.706759373829
38,0.573665899896
39,0.165426821955
40,0.545453510574
41,0.640036544553
42,0.398633629531
43,0.548155118571
44,0.668322173237
45,0.126628952194
46,0.326083544408
47,0.482327658856
48,0.487686168743
49,0.193685280962
50,0.511202934475
51,0.402660634927
52,0.588702795718
53,0.696330660835
54,0.64374068411
55,0.298603726267
56,0.581203485334
57,0.693563639358
58,0.422370285292
59,0.359958395976
60,0.756573492757
61,0.782260295602
62,0.603184292343
