site,dnds
1,0.479669647368
2,0.772198880863
3,0.725142273071
4,0.371795631512
5,0.0838111178506
6,0.790450227802
7,0.568096847098
8,0.0343476966865
9,0.595444593394
10,0.785360142775
11,0.498469146565
12,0.341093292717
13,0.739906076518
14,0.6915059738
15,0.437108375109
16,0.696592520615
17,0.212883122102
18,0.22462987036
19,0.627027232553
20,0.692712922336
21,0.343750307997
22,0.360407180647
23,0.753399754208
24,0.764698506222
25,0.199607853217
26,0.617256234888
27,0.810662881099
28,0.543913666488
29,0.381917901744
30,0.729109493111
31,0.487183758814
32,0.444625140652
33,0.472474592672
34,0.58053599561
35,0.51993226187
36,0.860811228002
37,0.749668373083
38,0.256031997305
39,0.504579871417
40,0.681977062219
41,0.324148340955
42,0.308428039151
43,0.540400535388
44,0.390474317209
45,0.524966550678
46,0.474538193912
47,0.442839777407
48,0.638922091435
49,0.729432253222
50,0.51834526841
51,0.712729764411
52,0.685750577976
53,0.544017641863
54,0.0634957667496
55,0.130391712813
56,0.339138417731
57,0.604018057517
58,0.666539523094
59,0.803668388035
60,0.776187763482
61,0.739514774357
62,0.504747176222
63,0.503304200462
64,0.242768952946
