site,dnds
1,0.881768738389
2,0.853086515624
3,0.695472119359
4,0.904901815703
5,0.878194687576
6,0.847819168281
7,0.710668429041
8,0.653928785887
9,0.876638966688
10,0.816269460617
11,0.564651392402
12,0.511118474953
13,0.28989873415
14,0.545424253852
15,0.747278324781
16,0.720676184276
17,0.828614241019
18,0.692660102952
19,0.304973090794
20,0.764994030474
21,0.805582931946
22,0.694971192033
23,0.618212513867
24,0.762405805742
25,0.802401998653
26,0.226484897635
27,0.641561504689
28,0.775108163044
29,0.717368802511
30,0.834523309329
31,0.942140704728
32,0.773587025786
33,0.568494115817
34,0.436291318321
35,0.506544664426
36,0.459517373567
37,0.246291430511
38,0.553118816337
39,0.490334856103
40,0.462904149386
41,0.420232921838
42,0.301929149224
43,0.0603814977847
44,0.464475958499
45,0.212635089641
46,0.492635962519
47,0.639292087436
48,0.709008948143
49,0.439499724818
50,0.623794014102
51,0.632275438488
52,0.305929072206
53,0.453348842866
54,0.530303875811
55,0.666464978058
56,0.391005537995
57,0.768737059123
58,0.501253165802
59,0.724326622241
60,0.505705422523
61,0.683434653745
62,0.733355542124
63,0.731415434457
64,0.466096222638
65,0.69604307607
66,0.268322379871
67,0.258672289774
68,0.650936001379
69,0.151614066594
70,0.0805171768619
71,0.451181912567
72,0.268456192411
73,0.106174773907
74,0.784836056397
75,0.510064749805
