site,dnds
1,0.462335358296
2,0.783702102797
3,0.688554011723
4,0.841398148698
5,0.797086538859
6,0.623951198491
7,0.564096520584
8,0.741978587969
9,0.694314008735
10,0.518201737999
11,0.849306131994
12,0.623348556677
13,0.571177894117
14,0.636442084968
15,0.643705039481
16,0.875798573786
17,0.645111745238
18,0.552163575169
19,0.771669460077
20,0.777543326785
21,0.748122988237
22,0.521068006138
23,0.848289879141
24,0.691877648854
25,0.831288310709
26,0.687714211519
27,0.722599977418
28,0.745462348732
29,0.795457703046
30,0.557859874166
31,0.539787707453
32,0.299231760526
33,0.491876670404
34,0.782554450975
35,0.808563602228
36,0.528897448523
37,0.735851487929
38,0.516267225368
39,0.732457553473
40,0.128512099939
41,0.584003977225
42,0.466305980615
43,0.690224554261
44,0.796301272469
45,0.784609473135
46,0.549092436305
47,0.502071822991
48,0.818242550816
49,0.781570784033
50,0.72028354216
51,0.741837028372
52,0.494897283449
53,0.656148952445
54,0.741436919021
55,0.621620464693
56,0.427051527406
57,0.809438067162
58,0.690019271227
59,0.752963928291
60,0.70831856738
61,0.453063552865
62,0.835371637669
63,0.573377891236
64,0.664233554731
65,0.60051541673
66,0.549550585494
67,0.619359392646
68,0.853408136453
69,0.736262969999
70,0.400847518397
71,0.622402242514
72,0.822182333827
73,0.746156908024
74,0.399999746608
75,0.790682479512
76,0.730876195148
77,0.785301628436
78,0.52798771068
79,0.545289249585
80,0.271235442762
81,0.498174120549
82,0.61952896161
83,0.733758400347
84,0.411107441443
85,0.783600832772
86,0.696892329874
87,0.67213874036
88,0.201993354457
89,0.647898098905
90,0.468412763063
91,0.639761781386
92,0.843735141086
93,0.780797352884
94,0.533813179043
95,0.494447549951
96,0.668656926993
97,0.731894519437
98,0.729101672444
99,0.75956011817
100,0.918358354686
