site,dnds
1,0.407375194404
2,0.554120458477
3,0.661878070265
4,0.647782371922
5,0.503154874737
6,0.645482121187
7,0.769065464745
8,0.405378219513
9,0.688678904022
10,0.675524918354
11,0.508287081216
12,0.293598640064
13,0.668746360173
14,0.585436489695
15,0.562890405599
16,0.837761458905
17,0.686849158639
18,0.516314090716
19,0.495178599477
20,0.769421763663
21,0.797436785565
22,0.651423375326
23,0.781213742446
24,0.662800482536
25,0.712323901121
26,0.834506841324
27,0.671223917989
28,0.651620105747
29,0.791822340972
30,0.873865129862
31,0.493378492694
32,0.810454226571
33,0.846499062577
34,0.692544079568
35,0.529893671123
36,0.649059430967
37,0.763648408248
38,0.29995234459
39,0.859700133391
40,0.670324437708
41,0.72477442863
42,0.821363616231
43,0.604112796072
44,0.453127208931
45,0.817691162791
46,0.894121654824
47,0.513647107426
48,0.691133801836
49,0.773638196839
50,0.644203738178
51,0.643602629081
52,0.838026251074
53,0.769908291821
54,0.560878410044
55,0.600162827855
56,0.816567485683
57,0.610232145052
58,0.517245964439
59,0.459806763705
60,0.779279169753
61,0.367213563841
62,0.453349874549
63,0.799174688672
64,0.512968651244
65,0.770460222529
66,0.73651853037
67,0.697038600121
68,0.459812349218
69,0.788586726813
70,0.752180002148
71,0.65154922191
72,0.605937716089
73,0.756332047109
74,0.758529757517
75,0.650586118698
76,0.640589267503
77,0.731019256716
78,0.717778203656
79,0.705204663156
80,0.726684552006
81,0.811075883908
82,0.694303827627
83,0.753561374539
84,0.625692779928
85,0.76809580821
86,0.711300119404
87,0.679655146599
88,0.711066368118
89,0.67980983849
90,0.667287118348
91,0.384830840671
92,0.240498643358
93,0.481528281972
94,0.634345642636
95,0.690061363881
96,0.661835314569
97,0.647130141697
98,0.627941847785
99,0.558264700323
100,0.709787146876
101,0.661994596041
102,0.545058740222
103,0.68641481886
104,0.68396961294
105,0.630496436571
106,0.600380631736
107,0.717572210716
108,0.725328604369
109,0.620284777682
110,0.562751727791
111,0.649321907986
112,0.388247195932
