site,dnds
1,0.90314335212
2,0.871576104141
3,0.751456696503
4,0.922447623952
5,0.904482383147
6,0.865722272951
7,0.75942041886
8,0.715736920033
9,0.893586868913
10,0.849638633998
11,0.620319303684
12,0.585971392693
13,0.418623324734
14,0.620296112776
15,0.782282416675
16,0.791350891065
17,0.856110864566
18,0.772724780421
19,0.43409837846
20,0.812934668021
21,0.843097250323
22,0.745176792162
23,0.672359438545
24,0.802624805313
25,0.836099947429
26,0.375128706102
27,0.701584218706
28,0.808378367792
29,0.758599616116
30,0.869265484265
31,0.955667714698
32,0.811211133147
33,0.633133946902
34,0.524776192135
35,0.580395772287
36,0.540125881213
37,0.38684040904
38,0.63263932623
39,0.568122975095
40,0.526580148943
41,0.516969802132
42,0.422462588622
43,0.242161922596
44,0.542841736992
45,0.340334896164
46,0.565270258763
47,0.68955512869
48,0.75710305139
49,0.554163744658
50,0.678575348058
51,0.675873135956
52,0.442695566165
53,0.543376151653
54,0.597887037107
55,0.731720060749
56,0.621997562588
57,0.804889004144
58,0.570571612767
59,0.812216077153
60,0.58707759791
61,0.724811926284
62,0.773983997452
63,0.785574984343
64,0.543538776178
65,0.737671758504
66,0.472102238193
67,0.351102644814
68,0.706783305613
69,0.301586135252
70,0.244330528119
71,0.538481464478
72,0.368686176087
73,0.272522891797
74,0.812354177852
75,0.603144499559
