site,dnds
1,0.780105903684
2,0.610343346584
3,0.748146714862
4,0.715953798255
5,0.44543485544
6,0.611493425233
7,0.632214634436
8,0.695262359155
9,0.474182423436
10,0.489893796095
11,0.0845037652304
12,0.351664059028
13,0.416164745957
14,0.286379002045
15,0.184579866938
16,0.069054639784
17,0.394029533186
18,0.523827771895
19,0.708257135957
20,0.446880405216
21,0.701629533813
22,0.509969732328
23,0.67290992373
24,0.585096816166
25,0.573596440308
26,0.728094275429
27,0.538255451581
28,0.692225227319
29,0.641828662676
30,0.671450628333
31,0.733761033762
32,0.820182793077
33,0.419563321972
34,0.780608796053
35,0.717872284894
36,0.560882977293
37,0.705294833281
38,0.776116824788
39,0.704504505624
40,0.381618870777
41,0.782650842414
42,0.739403826881
43,0.439014893716
44,0.434120226294
45,0.587996666028
46,0.591013311667
47,0.556941145719
48,0.617588197584
49,0.603207608849
50,0.642760141397
51,0.510444829827
52,0.778028025535
53,0.703630114783
54,0.809098489816
55,0.734027759336
