site,dnds
1,0.77973582823
2,0.713792364178
3,0.516857859371
4,0.616306733684
5,0.545239240201
6,0.597341169703
7,0.359519010277
8,0.143510879082
9,0.648041859609
10,0.165027183621
11,0.532527757504
12,0.725176725091
13,0.750639453579
14,0.82660362453
15,0.780068624421
16,0.871058570973
17,0.770666969889
18,0.858454219189
19,0.847933694854
20,0.874960412139
21,0.875694435907
22,0.849110827507
23,0.884689083863
24,0.867358216027
25,0.753351247522
26,0.735134304943
27,0.520103505966
28,0.805808159824
29,0.49258423862
30,0.494098741806
31,0.528851038636
32,0.536258657868
33,0.0853691005278
34,0.112339823652
35,0.574190668794
36,0.662549243633
37,0.584389747305
38,0.732100694433
39,0.621445931685
40,0.893387413522
41,0.798616672245
42,0.824926691525
43,0.901379189154
44,0.64924861144
45,0.840112558692
46,0.846881821209
47,0.846783649564
48,0.852527972899
49,0.788657601948
50,0.868509503301
51,0.70725170652
52,0.618436616671
53,0.444111370001
54,0.765722029833
55,0.581228947875
56,0.723585552708
57,0.163959300423
58,0.182146344372
59,0.242814508049
60,0.260083962649
61,0.832452917394
62,0.829849771513
63,0.897841318805
64,0.895644807743
65,0.70097781972
66,0.790935662623
67,0.853635228285
68,0.786827491406
69,0.884521906586
70,0.737815912968
71,0.886201718529
72,0.864938621919
73,0.782810083504
74,0.838923361376
75,0.847308558337
76,0.869213790809
77,0.907540003097
78,0.870653954383
79,0.889089026719
80,0.763802106695
81,0.821971725752
82,0.794196245155
83,0.475418438563
84,0.619167649353
85,0.566550026039
86,0.741928722287
87,0.0960953743769
88,0.614430157422
89,0.432141594029
90,0.807968979857
91,0.837689933269
92,0.76470358999
93,0.919857291245
94,0.798020468872
95,0.754417438943
96,0.842075982623
97,0.89613822043
98,0.830282615233
99,0.778336957428
100,0.675218839553
101,0.724614347199
102,0.616459656603
103,0.502354747513
104,0.582874687663
105,0.750373473439
106,0.167150186653
107,0.12038225834
108,0.604354049773
109,0.171267850028
110,0.884956910544
111,0.774279650187
