site,dnds
1,0.547272145957
2,0.630947220659
3,0.782580516351
4,0.743944230324
5,0.584336358978
6,0.594831868495
7,0.781998183444
8,0.498002481403
9,0.748712864773
10,0.792638641767
11,0.594831868495
12,0.500619327429
13,0.699472073377
14,0.776885816799
15,0.692310319272
16,0.940860042987
17,0.782580516351
18,0.573449335655
19,0.61048964468
20,0.782580516351
21,0.830303024455
22,0.665288654832
23,0.806697593092
24,0.62026903956
25,0.796036064499
26,0.782580516351
27,0.597285902158
28,0.725292998631
29,0.782580516351
30,0.782580516351
31,0.658737255493
32,0.830303024455
33,0.782580516351
34,0.782580516351
35,0.672049710196
36,0.782580516351
37,0.806697593092
38,0.422552215531
39,0.940860042987
40,0.692310319272
41,0.757534854835
42,0.782580516351
43,0.66801592873
44,0.587296228093
45,0.801745934273
46,0.940860042987
47,0.547272145957
48,0.776885816799
49,0.776885816799
50,0.763478800695
51,0.69983189344
52,0.898678577594
53,0.807536983929
54,0.62026903956
55,0.671826433308
56,0.809773631669
57,0.661607812154
58,0.570950745866
59,0.597285902158
60,0.812565848329
61,0.485577918599
62,0.485577918599
63,0.776885816799
64,0.628798040242
65,0.789695061748
66,0.782580516351
67,0.748034483459
68,0.578565852384
69,0.782694277281
70,0.782580516351
71,0.711685605472
72,0.626520511622
73,0.782580516351
74,0.763478800695
75,0.700432212378
76,0.597285902158
77,0.782580516351
78,0.781521664424
79,0.782777796809
80,0.782580516351
81,0.743944230324
82,0.782580516351
83,0.830303024455
84,0.782580516351
85,0.830303024455
86,0.718357506814
87,0.704166987846
88,0.806697593092
89,0.717681193732
90,0.728960395235
91,0.529915718095
92,0.414432153546
93,0.664403821888
94,0.734116235517
95,0.755607974541
96,0.725606823882
97,0.668740812963
98,0.681229231442
99,0.647775230408
100,0.725292998631
101,0.725292998631
102,0.652243731847
103,0.731142645518
104,0.731142645518
105,0.733316825484
106,0.679072829699
107,0.734116235517
108,0.718212352153
109,0.683671836321
110,0.679072829699
111,0.671786000814
112,0.414432153546
