site,dnds
1,0.448623834838
2,0.76069508885
3,0.363986599434
4,0.756761880929
5,0.348234186881
6,0.669094592724
7,0.55497665817
8,0.238931378753
9,0.699693845927
10,0.509561149126
11,0.289259333102
12,0.769411494615
13,0.715546387877
14,0.742442551304
15,0.82663839248
16,0.722792768663
17,0.357060492975
18,0.391424314057
19,0.354654656778
20,0.206483480331
21,0.493557131831
22,0.563593851124
23,0.781936949185
24,0.632534198429
25,0.787317060413
26,0.580705969434
27,0.485415908248
28,0.183334532113
29,0.665919592772
30,0.529176523044
31,0.628382431506
32,0.7632849546
33,0.655348758198
34,0.584843263084
35,0.822030345716
36,0.526802891325
37,0.132605031589
38,0.662873008156
39,0.105888257811
40,0.400857412661
41,0.398711321316
42,0.700875763055
43,0.448043405806
44,0.765347882294
45,0.277386403297
46,0.837362550359
47,0.873551967994
48,0.650316540071
49,0.81922652697
50,0.829737157089
51,0.817600774158
52,0.880584964668
53,0.781637848709
54,0.463584373676
55,0.721323062457
56,0.136191160185
57,0.317009267806
58,0.426660989406
59,0.49371843085
60,0.679008456904
61,0.88480938744
62,0.781888626198
63,0.813265540849
64,0.491991031945
65,0.186032724932
66,0.78439181804
67,0.660883798506
68,0.808293718223
