site,dnds
1,0.65809561716
2,0.453668377226
3,0.384603838204
4,0.524406290923
5,0.513135560947
6,0.0720397082144
7,0.186239672045
8,0.300211053809
9,0.55939443273
10,0.853127546498
11,0.730932170364
12,0.542629799873
13,0.580833130932
14,0.895446456947
15,0.60615190012
16,0.180844711351
17,0.489111727403
18,0.610444319809
19,0.789568752575
20,0.0942773019769
21,0.377151823867
22,0.712923941619
23,0.495255511456
24,0.466867565197
25,0.71354963736
26,0.763895635756
27,0.556327973501
28,0.632594064702
29,0.760999943311
30,0.854185202416
31,0.878862484012
32,0.466135868917
33,0.67994189936
34,0.747618441081
35,0.437055992453
36,0.380851667569
37,0.350356338002
38,0.132869606664
39,0.323819266131
40,0.474898553466
41,0.822334120076
42,0.0676456780438
43,0.117040708853
44,0.57474720298
45,0.538009015669
46,0.139368822405
47,0.511667510524
48,0.709602726754
49,0.680857885844
50,0.621644693259
51,0.82423406054
52,0.691421030367
53,0.698953439527
54,0.751380400337
55,0.19419648517
56,0.723776979544
57,0.900581995575
58,0.761433528674
59,0.631296580213
60,0.497893732233
61,0.74592659923
62,0.748872690031
63,0.604312781834
64,0.818995646101
65,0.661266002303
66,0.592812882137
67,0.425775236836
68,0.515672037338
69,0.432826813297
70,0.344994055298
71,0.5034359332
72,0.0330199496847
73,0.458482899677
74,0.672237536583
75,0.721267322847
76,0.58963109502
77,0.769649230435
78,0.76080758592
79,0.495551946497
