site,dnds
1,0.464890123598
2,0.768657740654
3,0.400266320797
4,0.763564727634
5,0.367245464315
6,0.678106285581
7,0.565280737165
8,0.264246436119
9,0.709889254706
10,0.522653419907
11,0.311972053726
12,0.775005042025
13,0.724276404983
14,0.750826672351
15,0.834521339797
16,0.731268543156
17,0.376395382486
18,0.419544600735
19,0.39065973127
20,0.294136804606
21,0.523177063426
22,0.576098009809
23,0.790814734222
24,0.642492706963
25,0.792495754999
26,0.58839931563
27,0.503383982592
28,0.209805827442
29,0.676809299765
30,0.542891753989
31,0.63842439851
32,0.772615236804
33,0.666254581173
34,0.598447226091
35,0.828167217094
36,0.543648535138
37,0.20337137018
38,0.677103413191
39,0.175659563805
40,0.420869398104
41,0.424044289807
42,0.717628868805
43,0.462833371927
44,0.773351368193
45,0.339793906446
46,0.841535150769
47,0.877488617484
48,0.658285690385
49,0.823934473748
50,0.834297641956
51,0.823530190476
52,0.88559227527
53,0.787703568051
54,0.477715891984
55,0.73302888686
56,0.265310095313
57,0.368238447232
58,0.445054756041
59,0.566851899563
60,0.690680182583
61,0.887884487245
62,0.789981252943
63,0.819591691549
64,0.504333747486
65,0.230805580356
66,0.794026663143
67,0.671563540059
68,0.816592859651
