site,dnds
1,0.695744224465
2,0.748638519493
3,0.620277257493
4,0.852490153653
5,0.821037409305
6,0.706923293194
7,0.661580712084
8,0.831570377259
9,0.752186673668
10,0.581871906402
11,0.810213273659
12,0.781592965254
13,0.674364903035
14,0.677926513327
15,0.7564456597
16,0.802369631115
17,0.695744224465
18,0.581871906402
19,0.810291498773
20,0.802369631115
21,0.810291498773
22,0.591047247772
23,0.866898112238
24,0.802369631115
25,0.803076631064
26,0.817413522505
27,0.831570377259
28,0.781592965254
29,0.82578676386
30,0.748638519493
31,0.661580712084
32,0.425238660281
33,0.623684772051
34,0.781592965254
35,0.781592965254
36,0.309650007009
37,0.802369631115
38,0.661580712084
39,0.821254027961
40,0.309650007009
41,0.748638519493
42,0.581871906402
43,0.715096810995
44,0.866844628753
45,0.802369631115
46,0.561691701616
47,0.581871906402
48,0.810291498773
49,0.802369631115
50,0.852490153653
51,0.821037409305
52,0.581871906402
53,0.802369631115
54,0.810213273659
55,0.748638519493
56,0.620277257493
57,0.821037409305
58,0.706923293194
59,0.831570377259
60,0.752186673668
61,0.581871906402
62,0.810213273659
63,0.700934589975
64,0.781592965254
65,0.674364903035
66,0.677926513327
67,0.581871906402
68,0.802369631115
69,0.695744224465
70,0.581871906402
71,0.591047247772
72,0.802369631115
73,0.810291498773
74,0.591047247772
75,0.866898112238
76,0.802369631115
77,0.803076631064
78,0.581871906402
79,0.661580712084
80,0.425238660281
81,0.623684772051
82,0.615461197796
83,0.781592965254
84,0.309650007009
85,0.802369631115
86,0.661580712084
87,0.821108609896
88,0.309650007009
89,0.748638519493
90,0.581871906402
91,0.715096810995
92,0.866898112238
93,0.802369631115
94,0.561691701616
95,0.581871906402
96,0.813612082335
97,0.802369631115
98,0.810291498773
99,0.813611173656
100,0.866898112238
