site,dnds
1,0.485705242274
2,0.772938410988
3,0.724913968101
4,0.373500560919
5,0.0825342225677
6,0.790656611887
7,0.569509768336
8,0.0313696336753
9,0.596728291707
10,0.787153305839
11,0.502364177062
12,0.343452518589
13,0.740450091981
14,0.694544864717
15,0.439960838769
16,0.699459318272
17,0.208571205796
18,0.224965811643
19,0.624237805643
20,0.693483979354
21,0.347263571148
22,0.359843832481
23,0.755987681328
24,0.766956351713
25,0.20291663114
26,0.618282790487
27,0.811081451378
28,0.546359491654
29,0.384474878921
30,0.730144865767
31,0.489292494711
32,0.448087699434
33,0.470532657207
34,0.583243590147
35,0.515683356273
36,0.861764701572
37,0.74980101481
38,0.257699411395
39,0.502619064182
40,0.682781401265
41,0.326523991387
42,0.310032785618
43,0.544037861143
44,0.392456421666
45,0.527780515502
46,0.476191685115
47,0.441442923652
48,0.641510709028
49,0.731749041884
50,0.522099137725
51,0.713614220821
52,0.687518283548
53,0.54784495444
54,0.0246686325101
55,0.128743333859
56,0.341536688797
57,0.606048770049
58,0.666088444041
59,0.805056807011
60,0.776082011508
61,0.73737853012
62,0.507830163032
63,0.504099574462
64,0.242433846586
