site,dnds
1,0.452668368414
2,0.7630997278
3,0.371462439297
4,0.758903619158
5,0.350424208643
6,0.671221072589
7,0.557795561047
8,0.242550472868
9,0.702533935535
10,0.513150534316
11,0.294163270571
12,0.769893506213
13,0.716293504668
14,0.743889537191
15,0.828424933652
16,0.725462557553
17,0.362808204193
18,0.398767933709
19,0.366182086949
20,0.215305879652
21,0.499378785847
22,0.567547536987
23,0.7848461462
24,0.635792078812
25,0.788461904682
26,0.582247682894
27,0.487925566119
28,0.186673297375
29,0.66913701857
30,0.53116403887
31,0.631579766853
32,0.765676601381
33,0.658740337938
34,0.588829925586
35,0.824172102974
36,0.531652412383
37,0.14423035493
38,0.666944195788
39,0.109047675355
40,0.403995770718
41,0.405579661619
42,0.702427497534
43,0.451882009098
44,0.767100863636
45,0.285666428873
46,0.838604907092
47,0.874906730532
48,0.650716098064
49,0.820465814228
50,0.831187876866
51,0.819158388229
52,0.881903232594
53,0.782928055778
54,0.46642464665
55,0.724507903479
56,0.149347973169
57,0.321141811043
58,0.430299398699
59,0.500426415093
60,0.681695036266
61,0.885187398229
62,0.783872376153
63,0.814786538388
64,0.494619716423
65,0.18763720421
66,0.786435234292
67,0.662896754006
68,0.809049402808
