site,dnds
1,0.879119960979
2,0.851095979889
3,0.687020899425
4,0.902385654434
5,0.87458461008
6,0.845731827193
7,0.703838321211
8,0.643222409684
9,0.874610950934
10,0.811724553234
11,0.557037484624
12,0.50113165967
13,0.272930158476
14,0.535244383994
15,0.742093434711
16,0.70949021461
17,0.824706870105
18,0.679803306083
19,0.289525374692
20,0.724439470098
21,0.800345535284
22,0.687446656434
23,0.610897885433
24,0.756152584685
25,0.797055030366
26,0.207275617273
27,0.633725403541
28,0.77022791149
29,0.7118107044
30,0.828915301115
31,0.939558962729
32,0.768556622606
33,0.559134037723
34,0.418440242059
35,0.497379389027
36,0.447916606973
37,0.227517030785
38,0.542421161266
39,0.480482541755
40,0.453241558512
41,0.406624037151
42,0.282054377975
43,0.0268867765562
44,0.453992775478
45,0.196916883935
46,0.483074800206
47,0.632305704458
48,0.702902054947
49,0.410767212911
50,0.615687446716
51,0.626504537316
52,0.243904343888
53,0.440083867708
54,0.521471607448
55,0.658153360915
56,0.36859807822
57,0.764109800608
58,0.493225948084
59,0.705724313205
60,0.493159220255
61,0.678623088911
62,0.727689264212
63,0.722188505252
64,0.455463400005
65,0.689694493675
66,0.241028950732
67,0.247604483446
68,0.641879467333
69,0.12677770301
70,0.0531668719154
71,0.439206901279
72,0.254054669339
73,0.0806766608087
74,0.781687072303
75,0.49751217161
