site,dnds
1,0.559006602945
2,0.812295607735
3,0.530798823436
4,0.805792337399
5,0.499625358701
6,0.759272608657
7,0.627585987485
8,0.40894809691
9,0.770271243916
10,0.604102686117
11,0.445142046733
12,0.814535475362
13,0.778514139655
14,0.802214778485
15,0.87223641712
16,0.777206267361
17,0.507897380454
18,0.542327180994
19,0.556255947271
20,0.448412776282
21,0.640013656238
22,0.651709385958
23,0.834974791738
24,0.706486719284
25,0.829204764486
26,0.644290706014
27,0.610692519142
28,0.376447454893
29,0.737180505321
30,0.630128832199
31,0.696983220358
32,0.824134792385
33,0.730867573303
34,0.67526702864
35,0.862101264447
36,0.63298724691
37,0.38480275605
38,0.75006287853
39,0.413863421829
40,0.551075491827
41,0.570746543376
42,0.803462520509
43,0.561914479918
44,0.821507763872
45,0.51526588524
46,0.87003113132
47,0.896988133806
48,0.730171697853
49,0.855172489973
50,0.862260378108
51,0.860890255565
52,0.915299846932
53,0.837028296017
54,0.566989623348
55,0.790253542199
56,0.464572539112
57,0.559730188408
58,0.557495870264
59,0.704214106176
60,0.759450633577
61,0.90976107027
62,0.83304186858
63,0.859279263666
64,0.582960743561
65,0.394852400917
66,0.834930879377
67,0.738217481809
68,0.873495355028
