site,dnds
1,0.448046747438
2,0.760647029534
3,0.363836037906
4,0.756700161821
5,0.348175761696
6,0.669046742492
7,0.554871658927
8,0.238845587955
9,0.699533555391
10,0.507813131315
11,0.289117481219
12,0.76939999268
13,0.715534216348
14,0.742400628448
15,0.826541843398
16,0.722706055561
17,0.356867913045
18,0.391208883966
19,0.352996861555
20,0.205231664615
21,0.493375797974
22,0.563468929355
23,0.78186709369
24,0.632466898261
25,0.787288883622
26,0.580633497481
27,0.485340920511
28,0.183257104257
29,0.665847871041
30,0.529138793671
31,0.628276840902
32,0.763194150637
33,0.655203103632
34,0.584790175807
35,0.821955639401
36,0.526659311093
37,0.131635695836
38,0.662792508621
39,0.105832482656
40,0.399196044965
41,0.398423698229
42,0.700856218352
43,0.447953002627
44,0.765296901891
45,0.27723715801
46,0.837336076942
47,0.873465803967
48,0.650315235528
49,0.819194697616
50,0.829709327107
51,0.817535507227
52,0.880533302856
53,0.781610468674
54,0.463461103278
55,0.721256847123
56,0.136000506432
57,0.316949780443
58,0.4265717976
59,0.493587940801
60,0.678895747485
61,0.884801724909
62,0.781829151689
63,0.813196719134
64,0.491916642577
65,0.177724932482
66,0.784347842938
67,0.660844180548
68,0.808289025897
