site,dnds
1,0.90733021372
2,0.871804062664
3,0.736392970408
4,0.921556718749
5,0.904211311112
6,0.865835603552
7,0.763260037625
8,0.723355266348
9,0.901796052789
10,0.849194843494
11,0.632156490068
12,0.568620281902
13,0.373153690551
14,0.615757056295
15,0.790511253108
16,0.765301388327
17,0.858923912351
18,0.771832993363
19,0.388287205736
20,0.814662574809
21,0.847315053403
22,0.758780406443
23,0.684079155101
24,0.814889947644
25,0.841681713862
26,0.310361959562
27,0.696692679144
28,0.813280375185
29,0.761256385911
30,0.873006768523
31,0.959570360085
32,0.811331499881
33,0.641534398778
34,0.518480152903
35,0.572307556816
36,0.54639156242
37,0.310416793254
38,0.622530352424
39,0.568821754048
40,0.523286649943
41,0.509535967322
42,0.398919073798
43,0.106660693589
44,0.529015168636
45,0.297238871402
46,0.560997619088
47,0.688271535912
48,0.764640598007
49,0.551796444923
50,0.683412074289
51,0.685887763711
52,0.426303196019
53,0.532121731134
54,0.603975278483
55,0.725917091701
56,0.56857513714
57,0.808421071676
58,0.544303528586
59,0.768513196789
60,0.57233765441
61,0.71850302231
62,0.77965081562
63,0.790292950565
64,0.542086225409
65,0.755491658414
66,0.33219387294
67,0.325885562512
68,0.730417290085
69,0.2347794178
70,0.105812583649
71,0.544312201599
72,0.339053551848
73,0.156300422585
74,0.809476959804
75,0.554217132185
