site,dnds
1,0.933122933197
2,0.927342065645
3,0.927345096652
4,0.927345096652
5,0.785599068204
6,0.845059328294
7,0.611984810446
8,0.727198307114
9,0.607223622693
10,0.666809966473
11,0.527904425232
12,0.828244475624
13,0.863074878799
14,0.863074878799
15,0.863074878799
16,0.864487112566
17,0.527904425232
18,0.534966692167
19,0.527904425232
20,0.227294848705
21,0.651410123359
22,0.496705363056
23,0.887210032217
24,0.893906493992
25,0.927620347184
26,0.894096587647
27,0.91764088846
28,0.918006044575
29,0.916973459378
30,0.916973459378
31,0.927345096652
32,0.917897667495
33,0.863074878799
34,0.841501377395
35,0.923296964627
36,0.707654065245
37,0.553866075412
38,0.707654065245
39,0.740410434709
40,0.527904425232
41,0.527904425232
42,0.64387104511
43,0.391084585857
44,0.181223580482
45,0.763997064173
46,0.181223580482
47,0.858651424958
48,0.227294848705
49,0.181223580482
50,0.607223622693
51,0.609718366255
52,0.556730575485
53,0.611984810446
54,0.898529590248
55,0.916973459378
56,0.697276934146
57,0.856355823597
58,0.863074878799
59,0.856355823597
60,0.853244676087
61,0.841501377395
62,0.901704272699
63,0.900592454429
64,0.90204710934
65,0.865255084578
66,0.886422156485
67,0.867189562443
68,0.926773770412
69,0.917036108257
70,0.917305080073
71,0.916973459378
72,0.916973459378
73,0.916973459378
74,0.917069129576
75,0.917037729917
76,0.930108626516
77,0.927411512231
78,0.917140195347
79,0.927455028247
80,0.927345096652
81,0.927345096652
82,0.927345096652
83,0.927345096652
84,0.927345096652
85,0.927345096652
86,0.927434677875
87,0.927345096652
88,0.927345096652
89,0.934749776908
90,0.927361370536
91,0.920323840718
92,0.934352726255
93,0.895108141322
94,0.893643647626
95,0.89834976034
96,0.70518769053
97,0.738052051635
98,0.70518769053
99,0.731036277422
100,0.803994891923
101,0.753221934441
102,0.822752480952
103,0.753221934441
104,0.89676701086
105,0.86043198827
106,0.875607069909
107,0.854318846652
108,0.893546565484
109,0.841501377395
110,0.927345096652
111,0.863074878799
112,0.863074878799
113,0.70718494927
114,0.647726928829
115,0.64633364347
116,0.727198307114
117,0.502999287461
118,0.227294848705
119,0.718700222205
120,0.764389712202
121,0.646711314575
122,0.928287208459
123,0.928410051571
124,0.927614054358
125,0.867189562443
126,0.841274825024
127,0.869994098181
128,0.935894651531
129,0.927439070663
130,0.916973459378
131,0.548588752193
132,0.181223580482
