site,dnds
1,0.957659010014
2,0.931042302461
3,0.871582336698
4,0.952840690754
5,0.748275599665
6,0.823032777177
7,0.654735717279
8,0.708152302415
9,0.559132733234
10,0.653884146212
11,0.581754610642
12,0.884533783621
13,0.798669421655
14,0.740089489148
15,0.863564601873
16,0.856709157191
17,0.607762743213
18,0.523638999208
19,0.504307973093
20,0.41998389623
21,0.667798869754
22,0.528415553001
23,0.865674949276
24,0.839181115638
25,0.909473875593
26,0.906671115996
27,0.935293148405
28,0.9027655936
29,0.869135505486
30,0.877230175231
31,0.90214382116
32,0.869088611354
33,0.906307963282
34,0.81041531368
35,0.910494104878
36,0.763740455061
37,0.554084293917
38,0.733707185714
39,0.706393852439
40,0.540700214843
41,0.617731417041
42,0.65005689748
43,0.386270375916
44,0.425032152224
45,0.767323730181
46,0.335394734222
47,0.799483590241
48,0.434856115312
49,0.408934476867
50,0.69791124804
51,0.665038103404
52,0.575172047806
53,0.565949387831
54,0.862087531132
55,0.875661425649
56,0.647333623703
57,0.870322311198
58,0.875662839379
59,0.834631092648
60,0.84613667897
61,0.799510472103
62,0.857940776826
63,0.89775403688
64,0.848884375846
65,0.773727425671
66,0.869543379304
67,0.903994150723
68,0.896022844363
69,0.905721402071
70,0.911781006834
71,0.908421839116
72,0.938218269404
73,0.899416273521
74,0.880453870693
75,0.920126524891
76,0.960179277314
77,0.919311723342
78,0.919508396008
79,0.869100899556
80,0.932674473803
81,0.904006579245
82,0.90846235012
83,0.931013748031
84,0.899101754155
85,0.912838573769
86,0.880571747331
87,0.882838015929
88,0.926644823689
89,0.888664204341
90,0.905958957981
91,0.893706857842
92,0.864879641737
93,0.844046344692
94,0.879839366348
95,0.852723910599
96,0.728194449257
97,0.788354074615
98,0.728408488357
99,0.679335354949
100,0.764409646917
101,0.81722871042
102,0.817844529572
103,0.864992785763
104,0.860127743403
105,0.815638639203
106,0.848155427895
107,0.858847433447
108,0.863667501415
109,0.870002917526
110,0.907648770325
111,0.877947802289
112,0.87938694263
113,0.740960878308
114,0.631914690024
115,0.61414608393
116,0.699881634578
117,0.466003105117
118,0.410163511067
119,0.720876320268
120,0.786546311783
121,0.682430689991
122,0.925800076567
123,0.94007114786
124,0.858959156048
125,0.822744965578
126,0.805744058017
127,0.878553381248
128,0.924126933737
129,0.842395412092
130,0.857800205983
131,0.633314045632
132,0.473313408819
