site,dnds
1,0.771048591997
2,0.703105356298
3,0.500246329497
4,0.603510320084
5,0.535930933167
6,0.587423115092
7,0.340775868381
8,0.0133506395792
9,0.636619521556
10,0.126396395214
11,0.514747739848
12,0.715789691356
13,0.740622490039
14,0.818629867084
15,0.769717726805
16,0.867987464521
17,0.753132400267
18,0.854538913181
19,0.842017032194
20,0.872021889824
21,0.871239211235
22,0.836181618509
23,0.881392339006
24,0.862336719145
25,0.747603384379
26,0.726487571883
27,0.500621375751
28,0.801398012474
29,0.474877981358
30,0.455518745758
31,0.516260537534
32,0.519363186002
33,0.0194431131366
34,0.04591049726
35,0.556807829393
36,0.652661807379
37,0.511593960672
38,0.723120311674
39,0.604969174236
40,0.890877554787
41,0.7771874351
42,0.821992320124
43,0.899124537904
44,0.617169036062
45,0.833839283247
46,0.842781339827
47,0.842468225601
48,0.847658463015
49,0.783654087026
50,0.862892388561
51,0.698737611212
52,0.606517046349
53,0.384127652224
54,0.755574575847
55,0.565539107828
56,0.715591836866
57,0.01330577775
58,0.128384331033
59,0.215291262015
60,0.225129357671
61,0.826204904111
62,0.821582133131
63,0.89357578752
64,0.892909501588
65,0.67833445711
66,0.782992286818
67,0.837706148552
68,0.714032422158
69,0.879224515811
70,0.731391319383
71,0.882938042532
72,0.862079930465
73,0.775875143998
74,0.834211543147
75,0.843120687151
76,0.86314459762
77,0.902176322849
78,0.866421632291
79,0.883676071504
80,0.749524307391
81,0.817398543932
82,0.786240381089
83,0.456943894213
84,0.608788885688
85,0.546258306982
86,0.731675581897
87,0.0344964260674
88,0.603502768464
89,0.41531642646
90,0.803202542918
91,0.821445686542
92,0.755017347728
93,0.917439141682
94,0.793004248158
95,0.746710800039
96,0.837214352928
97,0.89158059252
98,0.824244251435
99,0.770274894483
100,0.666115358081
101,0.71142456535
102,0.575292759459
103,0.464165705897
104,0.57471414086
105,0.740795830493
106,0.135894808976
107,0.0555315905768
108,0.596047946102
109,0.138484659503
110,0.879526717643
111,0.767938886995
