site,dnds
1,0.53835420792
2,0.816906698034
3,0.513477882088
4,0.812836226019
5,0.446450060006
6,0.761502937272
7,0.641239693556
8,0.357019382172
9,0.774705862621
10,0.607775132399
11,0.396643433605
12,0.804852398021
13,0.771144349171
14,0.7987193293
15,0.86604159545
16,0.779016300448
17,0.485141533846
18,0.515693281488
19,0.493013330453
20,0.420737390149
21,0.629022457303
22,0.661713699576
23,0.843121839267
24,0.721115941168
25,0.831844726215
26,0.640084731951
27,0.593321509092
28,0.286000153702
29,0.741803444031
30,0.617101061345
31,0.707405037618
32,0.825544537253
33,0.743259641479
34,0.677119658997
35,0.863376871454
36,0.631877247699
37,0.233112467826
38,0.762502986397
39,0.333747092081
40,0.513044469283
41,0.543105395165
42,0.793631700997
43,0.556515390458
44,0.824732995429
45,0.49150234548
46,0.874185451754
47,0.898039632012
48,0.692659202325
49,0.857604975414
50,0.869622926181
51,0.861914793299
52,0.915657013131
53,0.840449227602
54,0.554268674182
55,0.791178895596
56,0.436050226863
57,0.564458862507
58,0.529808294878
59,0.700980111799
60,0.751242655697
61,0.910316863845
62,0.835136560787
63,0.858090931318
64,0.576988455586
65,0.246691822626
66,0.847733218184
67,0.740201609379
68,0.877993796889
