site,dnds
1,0.58637452406
2,0.757060275196
3,0.83513619533
4,0.675347514599
5,0.90561143402
6,0.469179637942
7,0.586944944181
8,0.843184246244
9,0.645216550027
10,0.367508512043
11,0.608933800021
12,0.748498476922
13,0.491577407284
14,0.361435092917
15,0.727752493288
16,0.718181383463
17,0.367940015004
18,0.613896882478
19,0.775797941649
20,0.624581360543
21,0.79710005634
22,0.553230157493
23,0.751674561474
24,0.604948859266
25,0.66085204265
26,0.562965874229
27,0.400271625748
28,0.74007093797
29,0.748671669765
30,0.331821981344
31,0.672386529987
32,0.756760798521
33,0.79363344243
34,0.589296724892
35,0.43773405806
36,0.718963334771
37,0.728419480578
38,0.870916592496
39,0.838982020885
40,0.797019044724
41,0.716963122649
42,0.769556179009
43,0.50656811795
44,0.618116675153
45,0.471167542408
46,0.498698819726
47,0.568497859325
48,0.602212517818
49,0.395710976168
50,0.72074128365
51,0.581003060318
52,0.408774659381
53,0.125533330906
54,0.526420349998
55,0.58840550396
56,0.521353446203
57,0.811297389825
58,0.824867491232
59,0.828527108655
60,0.458534093141
61,0.756767528049
62,0.337737550442
63,0.596517216463
64,0.500809312402
65,0.494125256691
66,0.80191779777
67,0.148253417249
68,0.336649598112
69,0.743718915792
70,0.595167555335
