site,dnds
1,0.463281080224
2,0.571654688925
3,0.384614717205
4,0.705540187733
5,0.681654368135
6,0.260213424812
7,0.499001482109
8,0.525951522508
9,0.704669793295
10,0.679989681599
11,0.745502012644
12,0.431606191766
13,0.463281080224
14,0.705540187733
15,0.705540187733
16,0.705540187733
17,0.366987270862
18,0.354623717537
19,0.592874565759
20,0.429052356796
21,0.378416936788
22,0.445505735234
23,0.592874565759
24,0.421726989068
25,0.431606191766
26,0.421726989068
27,0.600492503656
28,0.571654688925
29,0.29160345688
30,0.254406844221
31,0.370307774084
32,0.354623717537
33,0.712050346648
34,0.675454650059
35,0.712050346648
36,0.712050346648
37,0.705540187733
38,0.592874565759
39,0.363225577619
40,0.592874565759
41,0.72498011573
42,0.468424618753
43,0.5938321356
44,0.741605255628
45,0.339080934671
46,0.433762530292
47,0.705540187733
48,0.681654368135
49,0.260098918502
50,0.671758130551
51,0.463281080224
52,0.62927435108
53,0.705540187733
54,0.592874565759
55,0.354623717537
56,0.592874565759
57,0.727349697295
58,0.414597436515
59,0.445218030553
60,0.712897830636
61,0.681654368135
62,0.639611797962
