site,dnds
1,0.772731463078
2,0.706646742659
3,0.503361926727
4,0.60613571707
5,0.538407063809
6,0.590801608328
7,0.344681953185
8,0.0181188510134
9,0.640513441928
10,0.131922663721
11,0.515758748365
12,0.716427777149
13,0.741534984705
14,0.819342828218
15,0.770498346988
16,0.868480748598
17,0.75613752655
18,0.8550569475
19,0.843493700793
20,0.872499405965
21,0.872622776834
22,0.83873406261
23,0.881746174275
24,0.862662206948
25,0.748335522665
26,0.727871705785
27,0.503354605989
28,0.801940951144
29,0.480256398682
30,0.466108631674
31,0.51828811198
32,0.525016626291
33,0.0226880936253
34,0.0480140733864
35,0.560865692876
36,0.654656449496
37,0.516286840901
38,0.725701104661
39,0.605809069844
40,0.891172515249
41,0.779557676982
42,0.8223138385
43,0.899460774631
44,0.620573674441
45,0.834429486166
46,0.843207308888
47,0.843084822782
48,0.848898694316
49,0.784790785755
50,0.864039002225
51,0.69997510278
52,0.608664043817
53,0.390405075068
54,0.758493048636
55,0.570547341425
56,0.718101712758
57,0.0190317626897
58,0.132296516864
59,0.21219154897
60,0.235398689766
61,0.826783696504
62,0.822321173935
63,0.894063214241
64,0.893225882503
65,0.681358038337
66,0.783623976373
67,0.838690613497
68,0.71907657127
69,0.879720460038
70,0.732208549419
71,0.883327698505
72,0.862419083211
73,0.776477267721
74,0.834785499203
75,0.844190218526
76,0.864684809182
77,0.904017704594
78,0.866958911005
79,0.885247415305
80,0.752163379279
81,0.817882785112
82,0.787290941137
83,0.461687552985
84,0.611723736342
85,0.550591722911
86,0.734165827448
87,0.0425972775262
88,0.604545513988
89,0.420198796474
90,0.803773999355
91,0.824184538823
92,0.756180623185
93,0.917721333376
94,0.793577926563
95,0.747478007938
96,0.83861955532
97,0.892757072208
98,0.824899875994
99,0.772322013275
100,0.669816712173
101,0.713748331796
102,0.578809135788
103,0.468941125018
104,0.576836627051
105,0.744063615227
106,0.138739418404
107,0.0588887356902
108,0.597546697529
109,0.143719378378
110,0.880007994364
111,0.768660896745
