site,dnds
1,0.832301434864
2,0.769153143545
3,0.621781499381
4,0.682949528874
5,0.607687111115
6,0.663978511184
7,0.464973128574
8,0.456522958476
9,0.71551306982
10,0.369701286964
11,0.631492539951
12,0.784884103793
13,0.810195618112
14,0.878696606424
15,0.843707953827
16,0.892895353921
17,0.826778870707
18,0.885730838844
19,0.885612135168
20,0.896469628699
21,0.900838358574
22,0.8901299534
23,0.907317005803
24,0.897751008439
25,0.794834504351
26,0.785829835135
27,0.642305968172
28,0.83782603812
29,0.583079844928
30,0.610700107622
31,0.61453938173
32,0.616847691665
33,0.339594020992
34,0.394963621153
35,0.664059555603
36,0.728147137069
37,0.696886591073
38,0.779856658761
39,0.710521857504
40,0.911393446251
41,0.857522799905
42,0.847802640713
43,0.917892994782
44,0.783360580785
45,0.872532187833
46,0.875928886516
47,0.87652907473
48,0.879906045771
49,0.82125825179
50,0.898819725919
51,0.758423328562
52,0.686399741984
53,0.660318290115
54,0.823510982745
55,0.661827773415
56,0.772223151466
57,0.373571504964
58,0.439585127605
59,0.400351073845
60,0.504543284
61,0.872135044894
62,0.872376141843
63,0.92397772055
64,0.91406023414
65,0.798252277084
66,0.839558157437
67,0.903519793356
68,0.876463087587
69,0.916389235655
70,0.785244303924
71,0.908072609366
72,0.884133238837
73,0.826820026995
74,0.872223130828
75,0.87304742814
76,0.903086425205
77,0.931363734032
78,0.897070387362
79,0.917025414349
80,0.838442969552
81,0.851272327913
82,0.842508599887
83,0.583280866848
84,0.692025586012
85,0.659765521081
86,0.797498255109
87,0.421139497873
88,0.68446577909
89,0.520238081126
90,0.841873273397
91,0.891740811363
92,0.817580859418
93,0.936243087736
94,0.832012331473
95,0.79957356714
96,0.873554638423
97,0.919471691843
98,0.867725782603
99,0.819924882721
100,0.728697183454
101,0.796883942239
102,0.736916186946
103,0.620575668093
104,0.646860401809
105,0.800875322367
106,0.363538889951
107,0.369137088375
108,0.663471185418
109,0.37227493627
110,0.916458338135
111,0.816230658983
