site,dnds
1,0.468060416463
2,0.656536250054
3,0.789744318199
4,0.584255153587
5,0.867546886533
6,0.392155433256
7,0.491510391182
8,0.800731617077
9,0.572354724714
10,0.257286189034
11,0.49560338362
12,0.667000823097
13,0.403050904057
14,0.254740572568
15,0.654606058249
16,0.633235610742
17,0.276894981172
18,0.501815087053
19,0.701920809836
20,0.532945015006
21,0.752760488293
22,0.370383272438
23,0.573040011713
24,0.498439303814
25,0.55754395079
26,0.499950600037
27,0.296902542122
28,0.626067607217
29,0.636077574891
30,0.23702696983
31,0.56736343372
32,0.685087236472
33,0.740240403858
34,0.493846263933
35,0.278790854325
36,0.629756021601
37,0.648848291174
38,0.826962667192
39,0.787651478914
40,0.745070570416
41,0.618043236146
42,0.717788055246
43,0.406769325417
44,0.496390394733
45,0.390864267656
46,0.39566168189
47,0.454451494875
48,0.499425848614
49,0.285974739034
50,0.645126185059
51,0.51514534276
52,0.320593995977
53,0.0937744586271
54,0.412917200328
55,0.508997458423
56,0.427163786355
57,0.73776214817
58,0.773317004269
59,0.765562626553
60,0.353094663769
61,0.649757517979
62,0.230291020359
63,0.492435339688
64,0.333012792561
65,0.43283581716
66,0.717632636211
67,0.136339242213
68,0.18927822117
69,0.656075306794
70,0.469041018171
