site,dnds
1,0.849217271635
2,0.725963032485
3,0.846702335072
4,0.813678895367
5,0.585072656121
6,0.725968700835
7,0.762420606467
8,0.799573128075
9,0.623813554178
10,0.586647145216
11,0.203760708143
12,0.504449576101
13,0.547183835455
14,0.419759523153
15,0.392023250802
16,0.179805624048
17,0.521429609862
18,0.649851526961
19,0.813240243919
20,0.610107263855
21,0.792619761308
22,0.633411875697
23,0.769052583962
24,0.69031082075
25,0.719922352543
26,0.814578577126
27,0.635061531063
28,0.822559276079
29,0.796331718369
30,0.777580475132
31,0.829447245192
32,0.885414620578
33,0.579889654057
34,0.856608248885
35,0.804353608705
36,0.685069367803
37,0.793739823012
38,0.842624947591
39,0.790887074887
40,0.58374991294
41,0.862176438081
42,0.846910242498
43,0.620403290802
44,0.572352574673
45,0.731794986567
46,0.72702903768
47,0.697426292045
48,0.745254646951
49,0.738220336881
50,0.728705335833
51,0.639639989303
52,0.851891616802
53,0.799298227888
54,0.873689231135
55,0.822586383529
