site,dnds
1,0.957755215028
2,0.930641845783
3,0.860684436499
4,0.953717474594
5,0.738207788266
6,0.833457505085
7,0.627464518557
8,0.726382548238
9,0.500720973574
10,0.664261461756
11,0.581536906399
12,0.88586618699
13,0.783035838748
14,0.748727771452
15,0.867071419846
16,0.856974506082
17,0.634242480275
18,0.506922909894
19,0.501283584869
20,0.151481615748
21,0.672698425001
22,0.463601233306
23,0.868881803294
24,0.848101762112
25,0.911205347025
26,0.910751133222
27,0.934651381638
28,0.904659529278
29,0.869762440178
30,0.880585713734
31,0.90490859359
32,0.873103071161
33,0.912492436418
34,0.811785048052
35,0.911510525902
36,0.769561225837
37,0.552400967901
38,0.722936439728
39,0.682306567118
40,0.521938089237
41,0.620044035972
42,0.653607765649
43,0.309145104089
44,0.152186019092
45,0.773774417676
46,0.210019953059
47,0.800207374751
48,0.153134134762
49,0.233472867559
50,0.716698571173
51,0.650343472899
52,0.540617650959
53,0.531188386179
54,0.863438135078
55,0.875969033496
56,0.652910347788
57,0.860253691595
58,0.875364116785
59,0.841308244169
60,0.83773914789
61,0.792878611459
62,0.86669662941
63,0.89386077734
64,0.855133277208
65,0.758863892327
66,0.860450262304
67,0.905098656546
68,0.901301509025
69,0.907017774096
70,0.916682625162
71,0.911114378826
72,0.940572241709
73,0.902204044612
74,0.883942061416
75,0.919898083864
76,0.961135449906
77,0.921837204172
78,0.919074303625
79,0.87075214827
80,0.937598848967
81,0.905952043724
82,0.909161596658
83,0.930946955453
84,0.900702136665
85,0.916457792711
86,0.881662054709
87,0.884218488161
88,0.929959883609
89,0.893499955234
90,0.906316625543
91,0.895268451112
92,0.858622495392
93,0.85128401775
94,0.880924369522
95,0.85756106241
96,0.706832859818
97,0.782314843116
98,0.732448952107
99,0.655306672656
100,0.764887566166
101,0.805789895099
102,0.820898571437
103,0.862593268018
104,0.867062437375
105,0.816301267145
106,0.850444186315
107,0.844383738028
108,0.858502180328
109,0.872333801533
110,0.909350291719
111,0.873091487597
112,0.875461615903
113,0.726945548433
114,0.633881096681
115,0.60834754012
116,0.690091476366
117,0.396689272164
118,0.270547493679
119,0.736785519002
120,0.786604093866
121,0.643147352858
122,0.927682505427
123,0.937868525427
124,0.859486063441
125,0.7561326502
126,0.800762072171
127,0.882434967779
128,0.923598285219
129,0.833821372773
130,0.857212344849
131,0.607108050197
132,0.369147875745
