site,dnds
1,0.545393288786
2,0.676676545972
3,0.735502872735
4,0.749496081534
5,0.619983134964
6,0.729708025628
7,0.839150809005
8,0.533797917162
9,0.779334819345
10,0.763466341889
11,0.61601443926
12,0.391410058653
13,0.765540004836
14,0.675689397512
15,0.685556146717
16,0.902015701563
17,0.773502401162
18,0.632338175723
19,0.609981358066
20,0.818816071432
21,0.857219108525
22,0.750728992503
23,0.844395407444
24,0.764952560598
25,0.768963819052
26,0.871494767575
27,0.755021044117
28,0.747230537443
29,0.855945408053
30,0.898431153816
31,0.640436086262
32,0.850332058026
33,0.88335887367
34,0.772033129481
35,0.645498208271
36,0.751310898069
37,0.825975410258
38,0.370998996263
39,0.89243753053
40,0.762337279956
41,0.759866175422
42,0.869808761967
43,0.689709485703
44,0.573590616436
45,0.857987892995
46,0.923230896719
47,0.628252714364
48,0.774087932019
49,0.822816429204
50,0.736291944205
51,0.746292753537
52,0.880666821145
53,0.828241493421
54,0.677052159611
55,0.691759707993
56,0.861104615515
57,0.708990068503
58,0.596464432264
59,0.574113269145
60,0.833631126666
61,0.460011262335
62,0.535967135575
63,0.858138121801
64,0.612717602208
65,0.828981712017
66,0.821095532356
67,0.783123141216
68,0.586276027189
69,0.862005350404
70,0.822378180159
71,0.732781938059
72,0.692194466109
73,0.824196471459
74,0.822652043714
75,0.735657117708
76,0.717265517026
77,0.792382714603
78,0.791778610373
79,0.779147542319
80,0.798979629972
81,0.86810862885
82,0.753554753905
83,0.823884905487
84,0.734424658719
85,0.832879493194
86,0.790490494603
87,0.756300355806
88,0.777209008748
89,0.770521714867
90,0.767672788947
91,0.520409356601
92,0.350308684182
93,0.629007563166
94,0.763635359123
95,0.778147830043
96,0.757535954181
97,0.738617217214
98,0.737822173443
99,0.654057860944
100,0.797924929337
101,0.759041205647
102,0.6574514466
103,0.776919768283
104,0.79228059015
105,0.728680343084
106,0.709265903472
107,0.807564558846
108,0.79034597796
109,0.711580584983
110,0.680580378071
111,0.746494361362
112,0.486894008292
