site,dnds
1,0.440785815292
2,0.637162734953
3,0.780077687701
4,0.564917285258
5,0.862222610724
6,0.373166990021
7,0.47302496265
8,0.793353361873
9,0.546585401045
10,0.218922146614
11,0.471934253606
12,0.650543660486
13,0.366510094031
14,0.231596808312
15,0.636802558014
16,0.615891477331
17,0.259076594102
18,0.48226781422
19,0.690799041098
20,0.517925017663
21,0.743055691018
22,0.267154175192
23,0.554405106795
24,0.470180697292
25,0.542526720757
26,0.479821125329
27,0.257918299326
28,0.580860006526
29,0.597181503892
30,0.209682130155
31,0.546871651226
32,0.672881774209
33,0.73220405535
34,0.474875073127
35,0.227400856694
36,0.613341226652
37,0.637667757266
38,0.819679780291
39,0.781103514499
40,0.734530619509
41,0.603556057512
42,0.704895008343
43,0.379509226178
44,0.469335424594
45,0.37547830593
46,0.378049659773
47,0.433479050712
48,0.480104394957
49,0.272520675836
50,0.633676882756
51,0.506403236866
52,0.294682300016
53,0.0378369859316
54,0.376522533479
55,0.48057470729
56,0.412531061755
57,0.720301035945
58,0.761977173455
59,0.746779813514
60,0.3307805492
61,0.636514050741
62,0.196297447136
63,0.47734853735
64,0.280143265933
65,0.412238851555
66,0.699761668972
67,0.0925636278767
68,0.112277161408
69,0.631039060795
70,0.45137301811
