site,dnds
1,0.385765740816
2,0.333111655057
3,0.448637690306
4,0.459874828543
5,0.36187775597
6,0.543782632212
7,0.229807183334
8,0.285515110701
9,0.399373667383
10,0.688262075899
11,0.78047790333
12,0.886973890856
13,0.466816103156
14,0.755374688719
15,0.606379749045
16,0.36079685822
17,0.479426241016
18,0.746487982971
19,0.485354496811
20,0.776128264022
21,0.760757041316
22,0.485239068371
23,0.762378903706
24,0.554725602746
25,0.388011743188
26,0.426577874476
27,0.491812620364
28,0.516631751321
29,0.533694132825
30,0.167936738519
31,0.213053472269
32,0.446099843627
33,0.231341187617
34,0.742916014973
35,0.632315713568
36,0.799589752225
37,0.706327468876
38,0.617159925996
39,0.420003695267
40,0.749192170555
41,0.722066342757
42,0.582329616486
43,0.739108292466
44,0.631192582736
45,0.77145624966
46,0.470136503024
47,0.674047875776
48,0.850553285109
49,0.83582263701
50,0.672439235588
51,0.396934706254
52,0.388874631413
53,0.620717207213
54,0.685532205568
55,0.790576174359
56,0.104738421799
57,0.721046783403
58,0.559240409835
59,0.808859342261
60,0.331634618876
61,0.633926600503
62,0.650763128391
63,0.8016652028
64,0.583029522632
65,0.804034208209
66,0.629872838566
67,0.591062282801
68,0.244605618801
69,0.524542408013
70,0.705154767556
71,0.657360426113
72,0.639565296969
73,0.173797317417
74,0.419535574898
75,0.0384892909468
76,0.568714894884
77,0.248170397734
78,0.607011432562
79,0.878212055236
80,0.595730062748
81,0.701411456462
82,0.57771597992
83,0.577522589322
84,0.79206874191
85,0.783282637668
86,0.586982955301
87,0.530634521183
88,0.759496204008
89,0.765838484108
90,0.446885606437
91,0.731461857124
92,0.786413021989
93,0.691830290907
94,0.808275484766
95,0.747642641275
96,0.827584983153
97,0.625930186026
98,0.875667544657
99,0.781303401172
100,0.841625405817
101,0.841002049153
102,0.902296009814
103,0.867805871265
104,0.861899703697
105,0.868196484298
106,0.897421508161
107,0.910620895213
108,0.905104082294
109,0.727663737138
110,0.867934404148
111,0.930882847664
112,0.836951764599
113,0.911224699064
114,0.87851884212
115,0.910269938556
116,0.936155384149
117,0.884887913768
118,0.876822751514
119,0.906150583902
120,0.885357207957
121,0.852673192183
122,0.960777230018
123,0.920786662514
124,0.919523194281
125,0.893263638673
126,0.858141138881
127,0.877175244079
128,0.854116286957
129,0.838285316398
130,0.77977159772
131,0.764814514644
132,0.78534231623
133,0.665088998477
134,0.835197313139
135,0.698279942594
136,0.778843215017
137,0.717845351276
