site,dnds
1,0.542763853259
2,0.550192276013
3,0.550192276013
4,0.608723184235
5,0.55283805651
6,0.646572601963
7,0.640035109317
8,0.477954204249
9,0.486156638272
10,0.774920478919
11,0.787141078007
12,0.936289038321
13,0.619406013469
14,0.774920478919
15,0.787141078007
16,0.673634836413
17,0.619406013469
18,0.787141078007
19,0.619406013469
20,0.82014150609
21,0.787141078007
22,0.701757087329
23,0.812294774817
24,0.786331167795
25,0.486156638272
26,0.550192276013
27,0.550192276013
28,0.550192276013
29,0.632624519973
30,0.204568786331
31,0.204568786331
32,0.620423066445
33,0.486629417735
34,0.812294774817
35,0.694665183164
36,0.91441408629
37,0.787141078007
38,0.717653095414
39,0.578559841659
40,0.787141078007
41,0.787141078007
42,0.673233642614
43,0.812294774817
44,0.774040392563
45,0.79365429671
46,0.686040853188
47,0.668151822431
48,0.902232676848
49,0.863017734356
50,0.674892242833
51,0.620423066445
52,0.532574175476
53,0.673233642614
54,0.786258765195
55,0.786258765195
56,0.475188018465
57,0.805734055836
58,0.475188018465
59,0.825265997894
60,0.511023835721
61,0.675656016469
62,0.787141078007
63,0.825265997894
64,0.656405947795
65,0.79708946664
66,0.532574175476
67,0.674892242833
68,0.658434558393
69,0.550192276013
70,0.73871588489
71,0.735248889298
72,0.73871588489
73,0.204568786331
74,0.516225820634
75,0.204568786331
76,0.635113692555
77,0.602046996041
78,0.746716568099
79,0.902232676848
80,0.674892242833
81,0.70817212275
82,0.784833856514
83,0.619406013469
84,0.774920478919
85,0.920134799101
86,0.73871588489
87,0.734313315911
88,0.787141078007
89,0.916863680836
90,0.675656016469
91,0.787141078007
92,0.787141078007
93,0.812294774817
94,0.915120634077
95,0.779389184018
96,0.701757087329
97,0.796530884126
98,0.959821349594
99,0.81994366426
100,0.91362913016
101,0.927738196173
102,0.94156823785
103,0.959821349594
104,0.959821349594
105,0.959821349594
106,0.959821349594
107,0.959821349594
108,0.959821349594
109,0.959821349594
110,0.959821349594
111,0.960093008005
112,0.959821349594
113,0.959821349594
114,0.940225850629
115,0.959859728307
116,0.959821349594
117,0.959821349594
118,0.960454313612
119,0.959595238138
120,0.959821349594
121,0.959821349594
122,0.959821349594
123,0.959821349594
124,0.964241159974
125,0.959915246033
126,0.905559546196
127,0.958231550234
128,0.896988721311
129,0.891536438993
130,0.891536438993
131,0.620423066445
132,0.869585608297
133,0.796530884126
134,0.869585608297
135,0.79365429671
136,0.787141078007
137,0.784873610359
