site,dnds
1,0.467238466963
2,0.784416338816
3,0.689554389965
4,0.841816673184
5,0.797903084444
6,0.625090334849
7,0.565681149637
8,0.742477401496
9,0.695714876917
10,0.522619996847
11,0.849725838939
12,0.625010528096
13,0.574451324877
14,0.638982492929
15,0.644519407662
16,0.876115954648
17,0.64664577023
18,0.55344764428
19,0.7719400764
20,0.778072780472
21,0.74923734344
22,0.523193398452
23,0.848724118271
24,0.704829815097
25,0.83209130947
26,0.688686191332
27,0.723064371369
28,0.746302272436
29,0.795906380545
30,0.559157630402
31,0.543332586101
32,0.302193322208
33,0.495090042447
34,0.783103960623
35,0.809567275536
36,0.532300236659
37,0.736387927593
38,0.520058299037
39,0.733539668966
40,0.130626359929
41,0.586554829379
42,0.468330497551
43,0.691454671477
44,0.797040120556
45,0.785140209696
46,0.551683203666
47,0.505066001654
48,0.818887252091
49,0.78289488149
50,0.721452372484
51,0.743003633165
52,0.496458420201
53,0.658116824005
54,0.743549911878
55,0.623357577497
56,0.429399611304
57,0.81025152105
58,0.690939778916
59,0.753468405519
60,0.709479938351
61,0.455822974375
62,0.836655210424
63,0.576298727994
64,0.665594636485
65,0.60171840983
66,0.552913254805
67,0.620717315328
68,0.853915969311
69,0.737549909632
70,0.406382451417
71,0.623010011577
72,0.822619673252
73,0.747571014317
74,0.402035129201
75,0.792182589634
76,0.731620806268
77,0.785965733567
78,0.530998886381
79,0.5483495475
80,0.276085812913
81,0.501981882143
82,0.621967356519
83,0.734731700143
84,0.413182111049
85,0.784440038271
86,0.698443773965
87,0.674456968846
88,0.204298151112
89,0.648605800725
90,0.469955027731
91,0.641726122918
92,0.84396407705
93,0.781706987734
94,0.536948937456
95,0.497044996399
96,0.670239509787
97,0.732889982465
98,0.72960350132
99,0.760368190083
100,0.918624732748
