site,dnds
1,0.591154156888
2,0.828770843443
3,0.733596042706
4,0.873867487605
5,0.84746972414
6,0.702595579812
7,0.635323891455
8,0.782080230092
9,0.760112763213
10,0.625282190593
11,0.881216350424
12,0.716901967998
13,0.706357988526
14,0.735792152336
15,0.699006547571
16,0.900497642108
17,0.755504590845
18,0.614795604796
19,0.801547335676
20,0.815506948112
21,0.814739348191
22,0.619715342655
23,0.879779997376
24,0.789177247789
25,0.876074355175
26,0.742828282555
27,0.759556690669
28,0.799025663685
29,0.834688848327
30,0.648256568973
31,0.636417153068
32,0.401309140582
33,0.626842174808
34,0.829152618238
35,0.863502737629
36,0.635886901231
37,0.780432949136
38,0.64329586905
39,0.789839342418
40,0.196707487367
41,0.683038218171
42,0.555943590921
43,0.73999153933
44,0.842473945008
45,0.828627840047
46,0.644025300211
47,0.626515171362
48,0.864955414606
49,0.827559769281
50,0.79271014118
51,0.80943431279
52,0.576058344561
53,0.740571873246
54,0.820893260946
55,0.698844338825
56,0.524834533988
57,0.852686247421
58,0.765187927462
59,0.797538480208
60,0.773773603016
61,0.567793753036
62,0.880061627753
63,0.693401449995
64,0.73066318645
65,0.672362163529
66,0.659968237266
67,0.676542327968
68,0.893315260376
69,0.803536711619
70,0.526066539807
71,0.661396640349
72,0.854367873557
73,0.809988112221
74,0.485067527773
75,0.853561296108
76,0.791519472529
77,0.837223478608
78,0.616965849965
79,0.638568779398
80,0.380230441481
81,0.632641321113
82,0.706775769523
83,0.793668139578
84,0.483047733611
85,0.83295514458
86,0.772412842751
87,0.764312127996
88,0.256289824791
89,0.699186319218
90,0.533260596497
91,0.720493629673
92,0.865263323252
93,0.848382486957
94,0.630575938908
95,0.600555547037
96,0.744022889985
97,0.789954040674
98,0.766367695048
99,0.801301183559
100,0.942731312916
