site,dnds
1,0.629039046642
2,0.839549383321
3,0.808688320771
4,0.513090594788
5,0.471564485175
6,0.879441545803
7,0.669701698495
8,0.307682995364
9,0.725808500941
10,0.843225183428
11,0.618181888946
12,0.575213204403
13,0.828848634012
14,0.784471855946
15,0.599192678443
16,0.777612882475
17,0.602677067891
18,0.461850865049
19,0.776800008839
20,0.793798232481
21,0.507775958267
22,0.586862526726
23,0.832632546349
24,0.821998971341
25,0.496378471483
26,0.765319942571
27,0.866659482501
28,0.651907869273
29,0.546815404071
30,0.800106776431
31,0.641212364913
32,0.631371811304
33,0.590954770246
34,0.70347486642
35,0.678426831468
36,0.911574907402
37,0.806156296634
38,0.645097575884
39,0.68443190709
40,0.760070465816
41,0.566705138016
42,0.466523552104
43,0.697927488985
44,0.543683750776
45,0.671948297156
46,0.606692036101
47,0.676243926268
48,0.747705507806
49,0.815512846947
50,0.635731280483
51,0.783083330842
52,0.774994912981
53,0.670106949717
54,0.404482484997
55,0.458590032609
56,0.517099136954
57,0.717214557647
58,0.759146259478
59,0.867225471119
60,0.858437360208
61,0.847823626328
62,0.651010593071
63,0.647423322791
64,0.512601224257
