site,dnds
1,0.58589182348
2,0.756309394062
3,0.843719013494
4,0.672571670636
5,0.895157380042
6,0.518572163117
7,0.60749983656
8,0.846761480305
9,0.690474410386
10,0.505235632401
11,0.619437630133
12,0.740799580908
13,0.513203917242
14,0.410598794566
15,0.740556716254
16,0.713130564319
17,0.425746621051
18,0.596330408956
19,0.767495073784
20,0.621014076521
21,0.807110853479
22,0.570044657427
23,0.745073966731
24,0.614299147707
25,0.635186762943
26,0.591816564055
27,0.484694680163
28,0.725189653004
29,0.741823541399
30,0.420523555533
31,0.651534979777
32,0.745997453555
33,0.791462975097
34,0.596334748202
35,0.503189841842
36,0.706871221055
37,0.721376732234
38,0.868354764358
39,0.840042024576
40,0.797033721656
41,0.719991932562
42,0.780509213219
43,0.551966703358
44,0.596855571768
45,0.496710100845
46,0.501495756262
47,0.556982350258
48,0.599261126675
49,0.429437418072
50,0.70432964935
51,0.585013119382
52,0.4706661666
53,0.260225168705
54,0.595476022538
55,0.640426508051
56,0.533563028299
57,0.809713282446
58,0.83029656174
59,0.848908883627
60,0.520670110143
61,0.746319866721
62,0.43736721225
63,0.595820964735
64,0.519532092377
65,0.527165470171
66,0.803358050168
67,0.330576584797
68,0.587060578036
69,0.734141220364
70,0.566891357826
