site,dnds
1,0.840043282846
2,0.71720027579
3,0.833310795724
4,0.800666837633
5,0.596269864702
6,0.698358093498
7,0.756558073307
8,0.782812850838
9,0.601473461141
10,0.605053482357
11,0.351145143712
12,0.569812974975
13,0.57323822031
14,0.461388720721
15,0.441399506661
16,0.336066599014
17,0.55540402593
18,0.65574596855
19,0.800357740817
20,0.612815927281
21,0.787875824523
22,0.628474568737
23,0.762897544671
24,0.705522747333
25,0.704011226845
26,0.805191552168
27,0.647330725248
28,0.824749744034
29,0.792298253141
30,0.77311267923
31,0.826452348888
32,0.879624337682
33,0.599679082105
34,0.84845153215
35,0.798206218314
36,0.671678445998
37,0.77769154457
38,0.828868508371
39,0.779601215568
40,0.575047907475
41,0.849889855497
42,0.841425260551
43,0.62539744564
44,0.589601498604
45,0.725714447328
46,0.71337409022
47,0.685685419391
48,0.73158980269
49,0.74496278665
50,0.726213332731
51,0.657855385688
52,0.858328529655
53,0.808335209883
54,0.870154233151
55,0.821328240633
