site,dnds
1,0.503047075061
2,0.360044895071
3,0.22099098379
4,0.557344178757
5,0.508099268194
6,0.180836210911
7,0.431222067246
8,0.375593804313
9,0.641925035358
10,0.631813164323
11,0.58199570766
12,0.420250537599
13,0.278721086567
14,0.788033661027
15,0.67963008088
16,0.528124443193
17,0.254985291615
18,0.335099887772
19,0.467827794982
20,0.447890306342
21,0.165476118891
22,0.311045045216
23,0.456883670652
24,0.314536495555
25,0.326503052351
26,0.397439339447
27,0.587828383636
28,0.355052513677
29,0.0575925234597
30,0.0443621424412
31,0.0532042844485
32,0.362637020484
33,0.603363369994
34,0.630863038366
35,0.64072428056
36,0.677491285636
37,0.708511933479
38,0.575363078234
39,0.169979384846
40,0.549161953814
41,0.641941629864
42,0.402082353536
43,0.550675967441
44,0.670054869025
45,0.13234649731
46,0.329804836059
47,0.485615797561
48,0.490061580161
49,0.197335905629
50,0.513268030479
51,0.406270748483
52,0.591358907865
53,0.698758574869
54,0.646117516297
55,0.304077129019
56,0.583823836382
57,0.696091192442
58,0.426931552206
59,0.363260635146
60,0.757705672998
61,0.783182006238
62,0.604785077863
