site,dnds
1,0.414589675202
2,0.825057691513
3,0.485533962166
4,0.825057691513
5,0.485533962166
6,0.722845181753
7,0.601308705158
8,0.363191933309
9,0.663373425325
10,0.534946983708
11,0.414589675202
12,0.817151098155
13,0.755333135427
14,0.839533950191
15,0.839533950191
16,0.667422922792
17,0.534946983708
18,0.576500090222
19,0.380362733916
20,0.334366193569
21,0.663373425325
22,0.636232127227
23,0.825057691513
24,0.636232127227
25,0.839533950191
26,0.73369806054
27,0.663373425325
28,0.306583922377
29,0.663373425325
30,0.573061298047
31,0.646880656882
32,0.663373425325
33,0.700940872159
34,0.627244174866
35,0.857446854464
36,0.571463033859
37,0.336571284544
38,0.825057691513
39,0.371045820963
40,0.549946432136
41,0.494635294818
42,0.85551466014
43,0.485937940564
44,0.855426938253
45,0.485937940564
46,0.878799208832
47,0.878799208832
48,0.73369806054
49,0.878799208832
50,0.865177698821
51,0.85551466014
52,0.85551466014
53,0.825057691513
54,0.485533962166
55,0.85551466014
56,0.334366193569
57,0.380362733916
58,0.534946983708
59,0.825057691513
60,0.534946983708
61,0.905792468742
62,0.839533950191
63,0.878799208832
64,0.636232127227
65,0.380624401674
66,0.825504972198
67,0.706531877171
68,0.825057691513
