site,dnds
1,0.737580550596
2,0.585998542699
3,0.568015858559
4,0.632860513982
5,0.624104907196
6,0.286973838309
7,0.485990069424
8,0.500258320325
9,0.686744116319
10,0.881561212253
11,0.808129005834
12,0.664127150106
13,0.716624801257
14,0.933587957932
15,0.71041816784
16,0.35138487445
17,0.619148155583
18,0.722111620071
19,0.84188184904
20,0.36571895435
21,0.640900601998
22,0.802908578698
23,0.67310663399
24,0.607184527422
25,0.788066396679
26,0.815614612722
27,0.657182915696
28,0.729964392189
29,0.839335084718
30,0.891421960129
31,0.915600234248
32,0.594529347498
33,0.774256456978
34,0.811404382242
35,0.571664387344
36,0.614450477442
37,0.598303234279
38,0.308173425742
39,0.470808551118
40,0.604601480152
41,0.871523770694
42,0.287561462725
43,0.43237740201
44,0.680755150007
45,0.67244209855
46,0.421759591439
47,0.622966746946
48,0.787545616494
49,0.762265678276
50,0.715773102063
51,0.852850946989
52,0.8061047065
53,0.767992159099
54,0.860353764754
55,0.373163183521
56,0.791582587113
57,0.929767337447
58,0.844252389064
59,0.735728402495
60,0.660290459218
61,0.836230911716
62,0.828551039961
63,0.681290427598
64,0.856093857988
65,0.796214566575
66,0.774815142142
67,0.610730082449
68,0.625729665079
69,0.596683518125
70,0.496774018611
71,0.614287943666
72,0.439305303874
73,0.607608468923
74,0.74645366831
75,0.784906767889
76,0.694058195167
77,0.822576319944
78,0.817607555963
79,0.629375984665
