site,dnds
1,0.721375892907
2,0.742630574578
3,0.426454058454
4,0.522900398165
5,0.53676257841
6,0.492721336411
7,0.180267984915
8,0.560204344554
9,0.300808432354
10,0.0961172079444
11,0.35064007716
12,0.221997937818
13,0.189201936576
14,0.168890839623
15,0.343483477463
16,0.453943432688
17,0.545041210384
18,0.127527362065
19,0.697808038095
20,0.426499665092
21,0.606745886947
22,0.510377954737
23,0.719683563585
24,0.778312946374
25,0.599731434902
26,0.647317215332
27,0.39843411352
28,0.536449395405
29,0.534928783191
30,0.466851903609
31,0.350039993135
32,0.108446924948
33,0.380797671024
34,0.20463479793
35,0.430037136901
36,0.537730469661
37,0.845333748435
38,0.650755524555
39,0.879853722917
40,0.872910550689
41,0.798392673496
42,0.634530099392
43,0.781197554765
44,0.57340421901
45,0.596474209816
46,0.174838854877
47,0.290847905364
48,0.172934092484
49,0.114709672618
50,0.530919563317
51,0.644422913348
52,0.657589068965
53,0.765867676786
54,0.686782552266
55,0.758914956955
56,0.90397698049
57,0.744881569617
58,0.626321873574
59,0.706004735975
60,0.833681391844
61,0.794773059991
62,0.502801939291
63,0.563832347555
64,0.708440747599
65,0.541289511343
66,0.597523759078
67,0.628129212051
68,0.477463179176
69,0.65413651192
70,0.314582108499
71,0.755863212368
72,0.771671833841
73,0.887837717371
74,0.902138398367
75,0.7618061947
76,0.837316728938
77,0.271736199497
