site,dnds
1,0.461155789227
2,0.525566701667
3,0.496253007008
4,0.417922577629
5,0.121100726996
6,0.344825543073
7,0.00965801205437
8,0.356414005008
9,0.247782407203
10,0.422745330278
11,0.265376813106
12,0.305341857042
13,0.00952887920257
14,0.34031498593
15,0.27382678755
16,0.136070853693
17,0.238908507504
18,0.298665822196
19,0.504092128137
20,0.397970520927
21,0.608013435945
22,0.53762145912
23,0.599130112089
24,0.662830959069
25,0.512792505703
26,0.696264413494
27,0.343299105996
28,0.565260644191
29,0.635571095542
30,0.743850955907
31,0.856313588377
32,0.834037643652
33,0.673611756764
34,0.767935573304
35,0.64091206902
36,0.56325685296
37,0.483253350997
38,0.713578207684
39,0.556415912562
40,0.541157681468
41,0.367991872565
42,0.206588148882
43,0.495347853333
44,0.347546832693
45,5.24791255502e-07
46,0.0149737255977
47,0.702699410107
48,0.707041527639
49,0.535741042146
50,0.192286787777
51,0.573246102465
52,0.698966025207
53,0.692112592969
54,0.772986563167
55,0.604752593655
56,0.678930924371
57,0.679371849406
58,0.607512671451
59,0.683981012003
60,0.821808983788
61,0.830117393874
62,0.488058243152
63,0.658037732025
64,0.787355643554
65,0.700458287901
66,0.615846181735
67,0.680453296994
68,0.764523917855
69,0.604081078842
70,0.802567667669
71,0.783264024591
72,0.68852102067
73,0.646335445642
74,0.849756612452
75,0.845600168311
76,0.849892841801
77,0.793458676121
78,0.649521174438
79,0.521296423193
80,0.400497104731
81,0.594479615886
82,0.243038581651
83,0.137650168014
84,0.349972958393
85,0.73550424935
86,0.52160283392
87,0.471783159157
88,0.75718594863
89,0.742371668613
90,0.701864848192
91,0.491308382293
92,0.76074994244
93,0.614506045437
94,0.605179980017
95,0.393688850314
96,0.677570354692
97,3.14203808177e-07
98,0.535433991503
99,0.658603217278
100,0.514544326563
101,0.0597385908488
102,0.659318943503
103,0.607203678808
104,0.565922284838
105,0.502897347572
106,0.73481429366
107,0.705102882545
108,0.52654397447
109,0.820398926045
110,0.785965915447
111,0.507459974666
112,0.695813957854
113,0.662568893951
114,0.675798476807
115,0.433517197676
116,0.760515779019
117,0.787756532193
118,0.595105042847
119,0.556926423065
120,0.694186576514
121,0.789549310988
