site,dnds
1,0.830321472617
2,0.784266427421
3,0.370382555804
4,0.830321472617
5,0.30521418682
6,0.477243424483
7,0.392077590395
8,0.786896322508
9,0.646006515703
10,0.668372445546
11,0.838311753272
12,0.295084168236
13,0.58963941883
14,0.668372445546
15,0.268041970845
16,0.653971308011
17,0.361389492432
18,0.637234421751
19,0.675704079625
20,0.622252563662
21,0.305467122836
22,0.597891374139
23,0.268041970845
24,0.695585498581
25,0.830321472617
26,0.658478103954
27,0.64312183824
28,0.295084168236
29,0.784266427421
30,0.41171428844
31,0.477243424483
32,0.8223428942
33,0.346913524537
34,0.392077590395
35,0.382366140207
36,0.64312183824
37,0.64312183824
38,0.64312183824
39,0.8223428942
40,0.8223428942
41,0.535038829895
42,0.653971308011
43,0.41171428844
44,0.675704079625
45,0.370382555804
46,0.343752614472
47,0.681455266419
48,0.630460889752
49,0.786896322508
50,0.681455266419
51,0.540068831076
52,0.630460889752
53,0.668372445546
54,0.295084168236
55,0.503701409865
56,0.830321472617
57,0.268041970845
58,0.630460889752
59,0.630460889752
60,0.295084168236
61,0.504753063379
62,0.597891374139
63,0.346913524537
64,0.418796855799
65,0.830321472617
66,0.499148773502
67,0.295084168236
68,0.681455266419
69,0.64312183824
70,0.668372445546
71,0.37822582153
72,0.385040620715
73,0.36215686695
74,0.312367217112
75,0.506886438966
76,0.654602023182
77,0.653971308011
78,0.784266427421
79,0.64312183824
80,0.784266427421
81,0.387670942906
82,0.312367217112
