site,dnds
1,0.601262925038
2,0.636352718078
3,0.595932630203
4,0.546124033819
5,0.229714484828
6,0.514969520065
7,0.120968402899
8,0.477518266585
9,0.351700229844
10,0.546636959307
11,0.368565078456
12,0.437272285633
13,0.107920116711
14,0.471335634911
15,0.476073910944
16,0.244538423975
17,0.355258047914
18,0.455039961676
19,0.62023481396
20,0.509478573423
21,0.717399687872
22,0.632588546705
23,0.692545522058
24,0.754491014312
25,0.618098423578
26,0.764971205743
27,0.602471898993
28,0.686170519232
29,0.7446531703
30,0.838545504983
31,0.899277783615
32,0.890571806656
33,0.755987324962
34,0.838804248417
35,0.699799174313
36,0.694508960655
37,0.604319081638
38,0.78424615958
39,0.677730132246
40,0.643509077101
41,0.501242907201
42,0.377953219724
43,0.595803767546
44,0.554636915268
45,0.137212918043
46,0.152963760721
47,0.769060231535
48,0.775543972925
49,0.674433422065
50,0.319527389139
51,0.671334655343
52,0.839930164799
53,0.782083716698
54,0.843272410006
55,0.678994328373
56,0.751898071598
57,0.760771753022
58,0.705087321772
59,0.766856298228
60,0.863770724873
61,0.88176594021
62,0.621044938633
63,0.7421901518
64,0.830710398999
65,0.780930230787
66,0.743286438486
67,0.769725440957
68,0.824602797057
69,0.709393673527
70,0.842526871997
71,0.84033874852
72,0.781863976346
73,0.761864443455
74,0.896706134314
75,0.871647609135
76,0.899561968829
77,0.84184229278
78,0.741083869107
79,0.661905194636
80,0.564575104587
81,0.687653918168
82,0.408035857141
83,0.294866508225
84,0.492017290167
85,0.809983139032
86,0.696276172748
87,0.616344037746
88,0.807808482571
89,0.814382498572
90,0.755604946954
91,0.675354253493
92,0.792186981708
93,0.732896465144
94,0.709593409284
95,0.540699626637
96,0.770219296327
97,0.107136836195
98,0.657770701196
99,0.70779422181
100,0.700246357939
101,0.193817562218
102,0.743782688453
103,0.714281356705
104,0.769388623606
105,0.644512394455
106,0.799200381313
107,0.769841045284
108,0.645246907894
109,0.865742263306
110,0.845726956744
111,0.6038112982
112,0.777064293977
113,0.768597469416
114,0.767400450158
115,0.603305476328
116,0.827271558732
117,0.845219866704
118,0.717338150562
119,0.666994621007
120,0.809215581269
121,0.874040197036
