site,dnds
1,0.582525269338
2,0.63304666934
3,0.599654229795
4,0.544132808368
5,0.354012485361
6,0.565676046032
7,0.503133582066
8,0.492811089651
9,0.39285654546
10,0.559589033166
11,0.432877582161
12,0.496953393738
13,0.34253148115
14,0.520829538728
15,0.537492519391
16,0.381131709382
17,0.371202817527
18,0.518753514478
19,0.613741614949
20,0.537860330547
21,0.707374264097
22,0.632229203095
23,0.682764552375
24,0.745284586377
25,0.606671978881
26,0.769315330662
27,0.62337880406
28,0.667718813033
29,0.77134412377
30,0.836338339
31,0.891052699822
32,0.888047209634
33,0.752892281421
34,0.834212954305
35,0.718180717511
36,0.708356282442
37,0.623465233541
38,0.786977086454
39,0.674117003647
40,0.647330460566
41,0.551019050095
42,0.399984179547
43,0.629272435273
44,0.548851275735
45,0.569389221208
46,0.55653753525
47,0.76263354185
48,0.785123774244
49,0.670805187383
50,0.424951366023
51,0.687401443641
52,0.880881019058
53,0.78900696433
54,0.842119787736
55,0.711330685382
56,0.764237263595
57,0.776188357732
58,0.697840421479
59,0.768467951356
60,0.858987882263
61,0.878334412772
62,0.681376954071
63,0.746179503439
64,0.847870982713
65,0.761483980818
66,0.731167178355
67,0.763581376323
68,0.825524007038
69,0.697792523556
70,0.837001889433
71,0.838643977851
72,0.780150084942
73,0.753414656988
74,0.894353813542
75,0.872739422624
76,0.8993098232
77,0.842135381324
78,0.737389401793
79,0.712355124921
80,0.563214556388
81,0.698713704494
82,0.450875976179
83,0.427991732473
84,0.516448563826
85,0.807439203459
86,0.716707264745
87,0.624580735378
88,0.811207588245
89,0.83940478767
90,0.76064911292
91,0.67151625355
92,0.78805243398
93,0.750173547454
94,0.710262438862
95,0.579969419971
96,0.749059659203
97,0.44733791299
98,0.638352154193
99,0.724620347137
100,0.70806385707
101,0.339421483155
102,0.730193169568
103,0.710304140363
104,0.777238917315
105,0.682738086655
106,0.792494020339
107,0.760052756674
108,0.639270702458
109,0.860917406816
110,0.844698169834
111,0.643450867537
112,0.779521573012
113,0.765205893777
114,0.751649972441
115,0.618020188196
116,0.822592979555
117,0.838884592266
118,0.695339123553
119,0.675327289752
120,0.831635469469
121,0.861206001733
