site,dnds
1,0.614607513297
2,0.564009593224
3,0.495558117961
4,0.734810036898
5,0.251961363227
6,0.639760951817
7,0.395926451315
8,0.516380138733
9,0.651627528344
10,0.569774271562
11,0.691289081954
12,0.349046002842
13,0.380040127237
14,0.347737533168
15,0.255377351916
16,0.527831628377
17,0.687801596005
18,0.683613395242
19,0.237707044396
20,0.712332801701
21,0.315031259516
22,0.260412069239
23,0.599535541111
24,0.68111487367
25,0.567242399492
26,0.767338913279
27,0.745917753085
28,0.622352457231
29,0.81506900669
30,0.411322730965
31,0.453905850243
32,0.717028111302
33,0.692321478083
34,0.65331023375
35,0.727632734691
36,0.599462904227
37,0.579642777761
38,0.540536692404
39,0.417337336985
40,0.330006588316
41,0.284752072949
42,0.252456326234
43,0.642541999721
44,0.619865921624
45,0.283944159339
46,0.370219057396
47,0.404723179001
48,0.487502054302
49,0.360722098731
50,0.382948228161
51,0.752432377077
52,0.652263371882
53,0.50356089871
54,0.472662595367
55,0.319262667299
56,0.695534630308
57,0.616106356002
58,0.805840683628
59,0.898746488144
60,0.934739601334
61,0.865932812823
62,0.782302483378
63,0.861207073067
64,0.779086447597
65,0.71065643594
66,0.394264637534
67,0.376924350827
68,0.294608493935
69,0.490612295471
70,0.686503836466
71,0.763379156145
72,0.708835770318
73,0.695064488927
74,0.747355196145
75,0.647915064641
76,0.464787918751
77,0.295210989507
78,0.500600088968
79,0.690234666766
80,0.329246111048
81,0.375488099624
82,0.62939374935
83,0.441889353351
84,0.856549973796
85,0.576268335496
86,0.402232548618
87,0.594528849811
88,0.609835761259
89,0.572633839594
90,0.620167401236
91,0.426942122921
92,0.529121746196
93,0.648381395804
94,0.507333321576
95,0.6703290888
96,0.700874380519
97,0.772723498804
98,0.783370971506
99,0.758290754736
100,0.719615308926
101,0.597887335367
102,0.691052142537
103,0.342761845285
104,0.558645773687
105,0.559450193158
106,0.508897487851
107,0.6945165684
108,0.486873825027
109,0.291350616198
110,0.683776853042
111,0.561466152021
112,0.691457275473
113,0.374894335839
114,0.41044241811
115,0.321001761369
116,0.659157245006
117,0.625963213221
118,0.741358379526
119,0.436053511966
120,0.796983481065
