site,dnds
1,0.779558999945
2,0.791529293981
3,0.870517089421
4,0.772847088298
5,0.724491976927
6,0.676417362069
7,0.772847088298
8,0.823308519652
9,0.697108488178
10,0.664369273481
11,0.772847088298
12,0.823141990092
13,0.581055645303
14,0.881047321745
15,0.870779651145
16,0.780269836943
17,0.657638509924
18,0.789874918786
19,0.758207783833
20,0.779558999945
21,0.787710605648
22,0.692008947299
23,0.730619544952
24,0.570720637387
25,0.869066211267
26,0.870943890566
27,0.879819593731
28,0.817870681747
29,0.871077673246
30,0.871344951386
31,0.829594057895
32,0.823141990092
33,0.789874918786
34,0.850154488301
35,0.828618179631
36,0.823141990092
37,0.789098782566
38,0.716385618326
39,0.881801325836
40,0.749377302379
41,0.850154488301
42,0.817870681747
43,0.797750254742
44,0.828618179631
45,0.8036261017
46,0.789874918786
47,0.797750254742
48,0.817870681747
49,0.59150518222
50,0.755355858068
51,0.620476256316
52,0.74064238357
53,0.705207157044
54,0.393203522762
55,0.74153090701
56,0.817870681747
57,0.804440284936
58,0.764015627943
59,0.744237747427
60,0.55680991962
61,0.287588406289
62,0.648296762815
63,0.581055645303
64,0.704860084294
65,0.581055645303
66,0.780028224712
67,0.749377302379
68,0.850154488301
69,0.869659367204
70,0.779558999945
71,0.402762306928
72,0.749377302379
73,0.779558999945
74,0.870517089421
75,0.589004440678
76,0.647788205905
77,0.772847088298
78,0.700982287531
79,0.677346622988
80,0.772847088298
81,0.772847088298
82,0.676417362069
83,0.583262812467
84,0.772847088298
85,0.665845391328
86,0.581055645303
87,0.59150518222
88,0.829190150757
89,0.670539068796
90,0.55680991962
