site,dnds
1,0.693328629279
2,0.731729625457
3,0.730150678699
4,0.675432852399
5,0.632047199913
6,0.588538731308
7,0.74267008025
8,0.823248089489
9,0.636536026708
10,0.581923875101
11,0.71293351142
12,0.794743515366
13,0.545039870995
14,0.8457170278
15,0.812307139596
16,0.744369605972
17,0.577823171186
18,0.703129611787
19,0.72314179169
20,0.632785109249
21,0.701634015329
22,0.675898893304
23,0.700206309607
24,0.493960592498
25,0.899200848541
26,0.768823171203
27,0.843496970677
28,0.863910618362
29,0.805769157313
30,0.818095897727
31,0.798207065686
32,0.843391755821
33,0.798560867314
34,0.86102292407
35,0.804592563369
36,0.587527976739
37,0.769044743409
38,0.671020804746
39,0.82020397135
40,0.670607199669
41,0.675033164033
42,0.708450008415
43,0.782105670704
44,0.781467985077
45,0.714507212656
46,0.767450309754
47,0.737315876619
48,0.778840977278
49,0.556387325917
50,0.657332928362
51,0.548572677281
52,0.70893672349
53,0.62877935654
54,0.2790865562
55,0.697811674644
56,0.795247367493
57,0.758503830048
58,0.740324350939
59,0.67662500735
60,0.538659340625
61,0.117942746875
62,0.574228248273
63,0.460540996911
64,0.6733087468
65,0.528838523821
66,0.76017742074
67,0.669060977363
68,0.843550472968
69,0.832217708687
70,0.830309399285
71,0.232944961288
72,0.747016227407
73,0.765143313681
74,0.8502575983
75,0.52015576574
76,0.600851940466
77,0.767304699365
78,0.620027116564
79,0.564725455469
80,0.726808843828
81,0.74461333572
82,0.595678067298
83,0.504873010235
84,0.794726770729
85,0.621846870102
86,0.549217658109
87,0.510876968949
88,0.762272627096
89,0.603785051726
90,0.487035238167
