site,dnds
1,0.718130015251
2,0.739691768944
3,0.418833880961
4,0.513560262169
5,0.529140326154
6,0.484031423098
7,0.0124439960257
8,0.55446526504
9,0.287577572425
10,0.0826670313211
11,0.33700555902
12,0.0607181144886
13,0.0278904054382
14,0.145112744524
15,0.332099800601
16,0.445665492733
17,0.538524464604
18,0.11277456245
19,0.693912227777
20,0.418776281197
21,0.598627465516
22,0.501216377458
23,0.714680961548
24,0.775549033496
25,0.591407365988
26,0.641572450409
27,0.389705025597
28,0.531329537706
29,0.526709692095
30,0.451938489959
31,0.340749568832
32,0.0997342432549
33,0.371582490238
34,0.0552580819379
35,0.421297732761
36,0.527524629818
37,0.842925916657
38,0.636666942823
39,0.877900043881
40,0.870618881935
41,0.793535081531
42,0.629786222759
43,0.778265684153
44,0.567559914799
45,0.590708100565
46,0.0318330092514
47,0.280436575667
48,0.158617672696
49,0.0382702111767
50,0.523945004429
51,0.641216594979
52,0.653327414367
53,0.763159301833
54,0.682110856855
55,0.756498215361
56,0.901665120662
57,0.740656397844
58,0.618429420028
59,0.701890991055
60,0.831104886524
61,0.791280629886
62,0.472926938066
63,0.554988048914
64,0.70344718414
65,0.53265472256
66,0.591651561419
67,0.623452864715
68,0.467016050218
69,0.649469422469
70,0.275975432897
71,0.750606558328
72,0.768372765322
73,0.885522404551
74,0.901156071476
75,0.756976980804
76,0.83422368436
77,0.251429491604
