site,dnds
1,0.46413792806
2,0.527032083528
3,0.497976571035
4,0.419659755834
5,0.12444552193
6,0.349125689117
7,0.0566612500263
8,0.356502823136
9,0.250070510628
10,0.428705077646
11,0.268787309888
12,0.308353202917
13,0.01902414123
14,0.34530581487
15,0.283492456067
16,0.140741862955
17,0.241128596904
18,0.30296441011
19,0.506155963005
20,0.400733860341
21,0.611068906384
22,0.53942835349
23,0.601002327543
24,0.664512060304
25,0.51468738186
26,0.697339556893
27,0.363938894973
28,0.567988045592
29,0.638375818492
30,0.74532394772
31,0.856919361612
32,0.835412275604
33,0.675844577118
34,0.769725354243
35,0.642259304677
36,0.566411665078
37,0.486604839525
38,0.715001137799
39,0.559990125712
40,0.543088335516
41,0.370625070921
42,0.210651311679
43,0.498068223137
44,0.369219505044
45,0.0743788833574
46,0.06643860303
47,0.703680772758
48,0.708353348267
49,0.544144249242
50,0.195167475471
51,0.574948769961
52,0.706024344586
53,0.693828185736
54,0.774147245392
55,0.606155083906
56,0.68070809163
57,0.68123042943
58,0.60942049913
59,0.685601196808
60,0.822515153396
61,0.831266264498
62,0.492369408323
63,0.660125349337
64,0.788534435817
65,0.70173143215
66,0.619983725662
67,0.682155312066
68,0.766236497816
69,0.607301965723
70,0.80301455619
71,0.784086145492
72,0.690654514545
73,0.649528389107
74,0.850637848763
75,0.845925549264
76,0.850924912001
77,0.794331212965
78,0.651607207629
79,0.526391922621
80,0.406814669531
81,0.596608720339
82,0.246880170528
83,0.145193998014
84,0.353981412171
85,0.737034819184
86,0.526847151176
87,0.474274803262
88,0.757987678297
89,0.744220751256
90,0.702747793961
91,0.494021815831
92,0.761075094629
93,0.616990297767
94,0.606991661298
95,0.395838763746
96,0.679103359933
97,0.0513908957161
98,0.538005971056
99,0.659502079195
100,0.516531923893
101,0.0684833011392
102,0.66026202942
103,0.608747425077
104,0.56874188323
105,0.506167815846
106,0.735740623575
107,0.706083509449
108,0.528342719411
109,0.821481470402
110,0.787013042727
111,0.510030354184
112,0.697527667642
113,0.663933152975
114,0.677577137469
115,0.437933730311
116,0.761557796465
117,0.788580176366
118,0.597334641766
119,0.559666537309
120,0.697205566295
121,0.791235170083
