site,dnds
1,0.682704207137
2,0.723376748683
3,0.716789532774
4,0.640116108024
5,0.618302427645
6,0.576894980874
7,0.735350474423
8,0.817047651049
9,0.628751604131
10,0.568449150627
11,0.703533331774
12,0.788394200191
13,0.532295947478
14,0.840740253211
15,0.806472175
16,0.737951224537
17,0.567372555534
18,0.696959820894
19,0.716217999475
20,0.602833791837
21,0.697994237883
22,0.669865183179
23,0.692483161454
24,0.483416159826
25,0.890977675822
26,0.756775727532
27,0.840886805522
28,0.861033675554
29,0.797667365086
30,0.810816427697
31,0.790857227185
32,0.839894627852
33,0.792987615433
34,0.853032252967
35,0.798921626507
36,0.557941558943
37,0.762822154217
38,0.66612526914
39,0.813068629979
40,0.662684144351
41,0.65079069316
42,0.70083620723
43,0.778186894462
44,0.776984375975
45,0.694147316295
46,0.761801412566
47,0.730114454384
48,0.773428245541
49,0.548373392181
50,0.645386226131
51,0.535993014563
52,0.703251833285
53,0.614108069528
54,0.259860250175
55,0.689306305509
56,0.789764793943
57,0.750084463753
58,0.702627162742
59,0.668297897348
60,0.525414225112
61,0.0839783333046
62,0.563915573634
63,0.450153536264
64,0.666765504619
65,0.517700576976
66,0.753947776111
67,0.662510406396
68,0.837056845431
69,0.825784242422
70,0.826342381066
71,0.172344253211
72,0.739731299766
73,0.757519595082
74,0.840038282012
75,0.492147132858
76,0.588774726639
77,0.758759683615
78,0.609703888128
79,0.554515154212
80,0.704339012248
81,0.729296164953
82,0.585424575646
83,0.465737463491
84,0.789578880804
85,0.612329961054
86,0.539210089585
87,0.501244451761
88,0.756869639421
89,0.590316954628
90,0.476292727936
