site,dnds
1,0.717762650173
2,0.739324050009
3,0.417700669759
4,0.512157501279
5,0.527519061618
6,0.48256468578
7,0.00395080069273
8,0.553789682497
9,0.285841820705
10,0.080647667602
11,0.334284982932
12,7.29397013761e-08
13,0.00608497049327
14,0.140669533661
15,0.33044547999
16,0.44447702333
17,0.537663191667
18,0.111029448858
19,0.69345133565
20,0.417504993257
21,0.597422465359
22,0.500080321092
23,0.714014420867
24,0.775221008193
25,0.589981494976
26,0.640775675109
27,0.388615178533
28,0.530612201207
29,0.525662723766
30,0.450116332913
31,0.339696817463
32,0.0984875828597
33,0.370345823701
34,1.32921405631e-06
35,0.420023585269
36,0.52634103407
37,0.842617784343
38,0.634635104975
39,0.877659131244
40,0.870228830778
41,0.792921510546
42,0.629244254177
43,0.777880627269
44,0.566574588197
45,0.589762213282
46,0.0120437001526
47,0.279195406233
48,0.156219060399
49,0.028211443708
50,0.522898535207
51,0.640838440716
52,0.652827541939
53,0.762836377878
54,0.681490813576
55,0.756213474963
56,0.901376496434
57,0.740145572127
58,0.617515157146
59,0.701423610854
60,0.830786033711
61,0.790821394987
62,0.468380512661
63,0.553666478145
64,0.70275075034
65,0.530671758081
66,0.590818976427
67,0.62292513933
68,0.463503024794
69,0.648862232721
70,0.27144247042
71,0.749952220757
72,0.767942575616
73,0.885238623367
74,0.901049137403
75,0.75628962495
76,0.833828734922
77,0.248881137276
