site,dnds
1,0.717765667691
2,0.739339012049
3,0.417828666022
4,0.512246182932
5,0.527881895245
6,0.482670699974
7,0.00397411629431
8,0.553807273982
9,0.285899235067
10,0.0807864398281
11,0.334574625756
12,1.58227603973e-05
13,0.00613624322451
14,0.140773019033
15,0.330518866793
16,0.444539440656
17,0.537705135738
18,0.111073651234
19,0.693459970884
20,0.417619151232
21,0.597488868025
22,0.500111551494
23,0.714042480481
24,0.775230574156
25,0.590058862286
26,0.640814905337
27,0.388645667781
28,0.530637460224
29,0.52570634123
30,0.450133917335
31,0.339704373124
32,0.0985409348907
33,0.370390957409
34,1.41876529469e-05
35,0.420096003383
36,0.526352305376
37,0.842628942015
38,0.634677478271
39,0.877669294901
40,0.870250608312
41,0.792932719632
42,0.629254256472
43,0.777898535962
44,0.566721385021
45,0.589846702934
46,0.0120686987747
47,0.279230440714
48,0.156416344558
49,0.0287555082747
50,0.522969618038
51,0.640852718735
52,0.652837338469
53,0.762845632922
54,0.681514233793
55,0.756220988591
56,0.901387043444
57,0.740159997419
58,0.617524562609
59,0.701429337492
60,0.830797818567
61,0.790837090614
62,0.468439746448
63,0.553747153149
64,0.702766446651
65,0.531149652706
66,0.590843550127
67,0.622932686566
68,0.465711630489
69,0.648893086679
70,0.271574268908
71,0.749978277944
72,0.767954706767
73,0.885248850139
74,0.90104946561
75,0.756317014789
76,0.833843562279
77,0.248930470778
