site,dnds
1,0.403016834227
2,0.722958971707
3,0.515250546894
4,0.733655261383
5,0.138757078709
6,0.351246614237
7,0.402805630791
8,0.812838707906
9,0.73335369173
10,0.679354889798
11,0.625497368278
12,0.778445534035
13,0.67901028677
14,0.351661141296
15,0.61792089113
16,0.723977298957
17,0.465178653157
18,0.702752469093
19,0.144477094895
20,0.756044366675
21,0.584789670083
22,0.482979395555
23,0.863942283824
24,0.544552996613
25,0.345495609277
26,0.431659060645
27,0.61223648105
28,0.676353130511
29,0.33504187555
30,0.772091471092
31,0.867890758038
32,0.83660988183
33,0.782534954385
34,0.856727550076
35,0.800034468922
36,0.849756241158
37,0.591586318253
38,0.771228862399
39,0.82939520586
40,0.366881703469
41,0.587715075174
42,0.757073059
43,0.427973253203
44,0.838914158804
45,0.442648138307
46,0.777640972985
47,0.0845644230844
48,0.769264320886
49,0.553802700765
50,0.715007352719
51,0.842126220324
52,0.693689402515
53,0.71415042936
54,0.732876302536
55,0.623826697931
56,0.633591120622
57,0.420847587673
58,0.540957333949
59,0.830502613303
60,0.544964268049
61,0.767745143375
62,0.604763336882
63,0.612227690675
64,0.771173144409
65,0.745093829031
66,0.695347949164
