site,dnds
1,0.543450112504
2,0.765249401295
3,0.587386287788
4,0.775421392053
5,0.33311540813
6,0.57556219577
7,0.494201604429
8,0.840730838538
9,0.770736821407
10,0.736025997678
11,0.685706314711
12,0.820099351132
13,0.734074459302
14,0.487551709044
15,0.67134169535
16,0.762326807015
17,0.542759296394
18,0.747324638921
19,0.301362081858
20,0.798750897474
21,0.644184461641
22,0.591236707761
23,0.885042998958
24,0.613084267999
25,0.507687520595
26,0.555677470517
27,0.66313515394
28,0.725064503191
29,0.510405926161
30,0.828524208241
31,0.88634979546
32,0.857955848008
33,0.821303142729
34,0.876913893419
35,0.827396508155
36,0.909376120601
37,0.653896045728
38,0.81591915521
39,0.858035015274
40,0.458175705706
41,0.645370285473
42,0.788334832462
43,0.502070169032
44,0.863686945473
45,0.52930098848
46,0.811439403596
47,0.307796295003
48,0.821774955097
49,0.631474231536
50,0.758386212191
51,0.866542528438
52,0.750569987395
53,0.755449495513
54,0.769555272087
55,0.693727800727
56,0.704783074126
57,0.521161548094
58,0.610075898071
59,0.860366781192
60,0.599778907994
61,0.79709569656
62,0.683322253212
63,0.671841922083
64,0.812150245381
65,0.77937457801
66,0.734081399544
