site,dnds
1,0.402887513926
2,0.722944895336
3,0.515131696842
4,0.733592201163
5,0.137170246503
6,0.351247240619
7,0.402539670643
8,0.812822309285
9,0.733317232507
10,0.679341646991
11,0.62548340997
12,0.778317047985
13,0.678987528467
14,0.351586454105
15,0.617846704914
16,0.723945472741
17,0.464950892665
18,0.702674390389
19,0.140087862814
20,0.756033491133
21,0.584775193275
22,0.482869091892
23,0.863930120989
24,0.544486868607
25,0.345469936545
26,0.431568370566
27,0.612195230393
28,0.67634049716
29,0.33501321454
30,0.772050808306
31,0.867879931343
32,0.836595416065
33,0.782523093811
34,0.856717205014
35,0.800002116504
36,0.849749116034
37,0.591140906892
38,0.771204361983
39,0.829374073343
40,0.366650338514
41,0.58769653223
42,0.757061647609
43,0.427359965164
44,0.838896581384
45,0.442572928072
46,0.777616802007
47,0.0843814162681
48,0.769253883956
49,0.553749636056
50,0.714889891882
51,0.842123602502
52,0.693669266051
53,0.714065238207
54,0.732843154244
55,0.623796975292
56,0.633571461458
57,0.420792431599
58,0.540814353641
59,0.830454641979
60,0.544900698619
61,0.76773779891
62,0.604732099832
63,0.61213398586
64,0.771130794968
65,0.745077685579
66,0.69533196408
