site,dnds
1,0.776209885588
2,0.71800382041
3,0.621660847622
4,0.814340745068
5,0.415469679031
6,0.83154689066
7,0.631737690223
8,0.713761893278
9,0.773035719698
10,0.748061010483
11,0.772383722347
12,0.516195155295
13,0.509845766941
14,0.618110055739
15,0.381026821662
16,0.673941831372
17,0.795094634458
18,0.800470848318
19,0.394022364289
20,0.805286453368
21,0.516026222825
22,0.411923130628
23,0.714992854391
24,0.857653430427
25,0.729480582157
26,0.84463055869
27,0.861230252622
28,0.741669924571
29,0.880768340929
30,0.618740611734
31,0.537923096353
32,0.786931317321
33,0.792521994235
34,0.763412351029
35,0.823669171591
36,0.721809690453
37,0.725127670009
38,0.699697477714
39,0.617921691203
40,0.600146412224
41,0.37440680924
42,0.445242103855
43,0.769893417989
44,0.729472990289
45,0.616470089072
46,0.52578954633
47,0.571099083682
48,0.637645638645
49,0.524939154567
50,0.562458014472
51,0.804692500892
52,0.847456067929
53,0.66345538982
54,0.606516029381
55,0.46243208612
56,0.796176433249
57,0.732034460522
58,0.868177529669
59,0.944961333061
60,0.958834321029
61,0.922239810316
62,0.901681522259
63,0.914307738988
64,0.86805971033
65,0.801184585409
66,0.664999008168
67,0.530757512826
68,0.450262037122
69,0.637349337329
70,0.80446855017
71,0.860535924385
72,0.809419203853
73,0.824898190087
74,0.863037255441
75,0.828301333648
76,0.669986732346
77,0.465416050252
78,0.628815158672
79,0.781225839531
80,0.495469840323
81,0.529139219253
82,0.735957512117
83,0.576055210757
84,0.897965028005
85,0.704450686978
86,0.537874965872
87,0.74225718026
88,0.750270342019
89,0.705457933861
90,0.707662407475
91,0.621029436293
92,0.693040281647
93,0.740127262848
94,0.649238427884
95,0.800690058541
96,0.812376769683
97,0.854703329933
98,0.887844953024
99,0.886669453754
100,0.798724717661
101,0.740743204749
102,0.77467446462
103,0.527824604609
104,0.678217037932
105,0.677516600779
106,0.674243866793
107,0.798533822421
108,0.673827471226
109,0.465617502327
110,0.792465917508
111,0.672748812526
112,0.782308562183
113,0.561190117131
114,0.541887737238
115,0.485266461592
116,0.765425293763
117,0.781925216458
118,0.818409627278
119,0.58920009346
120,0.872889163311
