site,dnds
1,0.82084174766
2,0.727354729786
3,0.315238780024
4,0.825488976744
5,0.208576639335
6,0.475139694653
7,0.23137212229
8,0.688446565637
9,0.600394061467
10,0.738873441018
11,0.71633542153
12,0.3887256603
13,0.563403059144
14,0.646442497584
15,0.199525598729
16,0.461314258143
17,0.297802328154
18,0.576338703277
19,0.710550112841
20,0.595482359182
21,0.193817225821
22,0.506942537511
23,0.190903478503
24,0.652758814036
25,0.583179872241
26,0.608244469513
27,0.635648482148
28,0.261672813199
29,0.667095748286
30,0.645822041824
31,0.361427706177
32,0.657865579017
33,0.387467214224
34,0.678199617694
35,0.46831940081
36,0.681235231815
37,0.67526228574
38,0.535148886267
39,0.650280522364
40,0.763887747823
41,0.486335430843
42,0.621519562008
43,0.203837362726
44,0.46198564885
45,0.268107677398
46,0.253782700617
47,0.507143578259
48,0.603542687683
49,0.762289213116
50,0.743534243365
51,0.379974622953
52,0.635983958208
53,0.641572506871
54,0.382121494592
55,0.454152751577
56,0.710320366008
57,0.231687212328
58,0.746430209774
59,0.479881620235
60,0.275702235661
61,0.492406632015
62,0.732472275393
63,0.223438311492
64,0.246444385518
65,0.639899941313
66,0.408546268373
67,0.227251943962
68,0.639550284029
69,0.571201368422
70,0.567136023164
71,0.395409520574
72,0.251834649513
73,0.234947418043
74,0.232155040157
75,0.390506125471
76,0.58035438737
77,0.586852894247
78,0.67456639297
79,0.461096277629
80,0.800114844458
81,0.341303316329
82,0.273996446626
