site,dnds
1,0.683808228854
2,0.723504590735
3,0.716903911648
4,0.640970074467
5,0.618737142431
6,0.578045558208
7,0.735744719319
8,0.8179380119
9,0.629381744617
10,0.571083104676
11,0.704365234536
12,0.789114932579
13,0.534339585238
14,0.840767761552
15,0.808209447787
16,0.739118408723
17,0.569082385513
18,0.697946767047
19,0.717054203206
20,0.60169930387
21,0.698013975662
22,0.670258698499
23,0.694508443898
24,0.484945316478
25,0.891766666431
26,0.756101696222
27,0.840883558556
28,0.861157708273
29,0.797412334337
30,0.81117020778
31,0.790865152155
32,0.839995936073
33,0.79406024807
34,0.852615385863
35,0.798897331057
36,0.556459305365
37,0.763073003905
38,0.666235596392
39,0.814669118126
40,0.66382187209
41,0.652347067406
42,0.701482609516
43,0.778368657154
44,0.777026642422
45,0.693629169358
46,0.761827224819
47,0.730637401299
48,0.774238445167
49,0.549502392327
50,0.645862792683
51,0.537641862782
52,0.704170881427
53,0.618161372074
54,0.260306410586
55,0.689514441899
56,0.790990209858
57,0.749851612994
58,0.704503617611
59,0.668849460031
60,0.526926749262
61,0.0833147421741
62,0.565897300188
63,0.451397167714
64,0.668657511993
65,0.519454402248
66,0.754805976151
67,0.662693955106
68,0.836957952057
69,0.825683650273
70,0.826544241343
71,0.169387245687
72,0.740758975477
73,0.758622000963
74,0.841050039667
75,0.490551797991
76,0.589640253646
77,0.759707495753
78,0.61096782524
79,0.556494336779
80,0.705324730481
81,0.72928325927
82,0.587713841296
83,0.469022820798
84,0.790529366041
85,0.613525139434
86,0.54171194284
87,0.503446821725
88,0.757055971772
89,0.589613852823
90,0.478771076962
