site,dnds
1,0.764532523477
2,0.694074149125
3,0.599162271839
4,0.774543503349
5,0.457144277508
6,0.764738804492
7,0.636253118353
8,0.490296593293
9,0.756471316899
10,0.687187254171
11,0.749295515112
12,0.52402682658
13,0.51396775174
14,0.586205854358
15,0.43501359334
16,0.635236081271
17,0.687185071941
18,0.724346587332
19,0.39444141103
20,0.77655261
21,0.478904829874
22,0.39444141103
23,0.687107272898
24,0.825162063755
25,0.697504468632
26,0.736228193984
27,0.746348940345
28,0.634944632486
29,0.880778258726
30,0.639213456375
31,0.577019188322
32,0.747303288812
33,0.735936985727
34,0.739085339032
35,0.756471316899
36,0.776684473498
37,0.734491962046
38,0.642758707783
39,0.56264275928
40,0.564307871353
41,0.379929556164
42,0.490296593293
43,0.687185071941
44,0.639213456375
45,0.607112982803
46,0.516322919855
47,0.504928344568
48,0.504796920766
49,0.42483447862
50,0.560774217613
51,0.724346587332
52,0.724388570694
53,0.529528264744
54,0.626452021346
55,0.490296593293
56,0.78068671991
57,0.736228193984
58,0.88239060855
59,0.889600601767
60,0.889259943674
61,0.883554802038
62,0.785161642289
63,0.742988423622
64,0.799927009261
65,0.767191910504
66,0.622666345098
67,0.504796920766
68,0.504553446963
69,0.605390891406
70,0.687185071941
71,0.797507617656
72,0.756471316899
73,0.756471316899
74,0.76373676133
75,0.868291553037
76,0.622886500884
77,0.518178867889
78,0.626452021346
79,0.770556036192
80,0.464614953483
81,0.42483447862
82,0.687509502295
83,0.504796920766
84,0.896300774927
85,0.756471316899
86,0.500641494615
87,0.67844197707
88,0.687185071941
89,0.605394761106
90,0.6941570702
91,0.608911070048
92,0.724346587332
93,0.736228193984
94,0.598073119656
95,0.708226366488
96,0.736523382126
97,0.814493732757
98,0.756471316899
99,0.882077246224
100,0.756471316899
101,0.683722442732
102,0.671004201198
103,0.544745024878
104,0.643181262752
105,0.60535004458
106,0.614756771115
107,0.848426014278
108,0.43501359334
109,0.490296593293
110,0.743591936296
111,0.622886500884
112,0.788000662883
113,0.525031277354
114,0.570201140939
115,0.42483447862
116,0.775816209816
117,0.720648751479
118,0.724346587332
119,0.57016512207
120,0.729460427268
