site,dnds
1,0.408459276829
2,0.723682430609
3,0.518599181445
4,0.73549110763
5,0.148458334525
6,0.352846540805
7,0.406771402862
8,0.813382408406
9,0.734516738562
10,0.679984761226
11,0.626531137593
12,0.781467295346
13,0.680284909465
14,0.353643250489
15,0.620467788935
16,0.725233191584
17,0.467557057992
18,0.704358603935
19,0.146989200428
20,0.756566241387
21,0.585302703072
22,0.485284930801
23,0.864312201126
24,0.546919793022
25,0.347011500782
26,0.436262219155
27,0.613338231211
28,0.677589935262
29,0.337061388814
30,0.773628866588
31,0.868171753995
32,0.836992870131
33,0.783192229517
34,0.857073236246
35,0.801299712036
36,0.850382016784
37,0.59499834778
38,0.772121861891
39,0.830406723727
40,0.369061651691
41,0.588468791456
42,0.757545144927
43,0.430400233554
44,0.83941083279
45,0.445844473833
46,0.778918700977
47,0.0927699316166
48,0.769822511102
49,0.556019216974
50,0.717325296611
51,0.842378171455
52,0.69481559571
53,0.716339258446
54,0.734112955193
55,0.625352874201
56,0.634555472982
57,0.423076228774
58,0.544185300406
59,0.831879646743
60,0.547128557785
61,0.768296739651
62,0.606576331667
63,0.615076585536
64,0.772557841443
65,0.745997737628
66,0.69606310932
