site,dnds
1,0.718157243308
2,0.739933925139
3,0.419790265248
4,0.514818189889
5,0.53041813833
6,0.485487853493
7,0.00517351944102
8,0.554673670166
9,0.287895682171
10,0.0830916935603
11,0.340924560643
12,0.00100238108496
13,0.00842434991742
14,0.142818304338
15,0.332551234727
16,0.447013488411
17,0.539427329742
18,0.112549205578
19,0.693857419221
20,0.420054723081
21,0.600134516192
22,0.501607371508
23,0.715157143484
24,0.775594045821
25,0.592499238129
26,0.642238749128
27,0.390268230839
28,0.531953414454
29,0.527530693659
30,0.451347301309
31,0.340477279849
32,0.0988705745896
33,0.371807628366
34,0.000904430827221
35,0.422754168159
36,0.527085025551
37,0.843209181708
38,0.636449639253
39,0.877950757116
40,0.871098140988
41,0.793584093963
42,0.630160650381
43,0.778840381829
44,0.568793650041
45,0.592118035917
46,0.0131563870312
47,0.280959583424
48,0.161943941451
49,0.0342387868771
50,0.525599890687
51,0.641721558886
52,0.653481149711
53,0.763268890135
54,0.68273431215
55,0.756598746006
56,0.901974144518
57,0.740757510015
58,0.618128982002
59,0.702007085863
60,0.831178655482
61,0.791641183432
62,0.472414533586
63,0.555626652984
64,0.704196108309
65,0.534543438864
66,0.592543786951
67,0.623561226189
68,0.467816371511
69,0.64997192877
70,0.274943422
71,0.751106856472
72,0.768680281717
73,0.885596399471
74,0.901136780075
75,0.757716632981
76,0.834764121383
77,0.251164794946
