site,dnds
1,0.804897039671
2,0.714960376755
3,0.280556334208
4,0.816965114862
5,0.141922775261
6,0.436408415326
7,0.186171552872
8,0.666828707035
9,0.582265732723
10,0.722756905025
11,0.637192998692
12,0.358138065825
13,0.524521000351
14,0.624229150324
15,0.165664296168
16,0.359863704711
17,0.266392578109
18,0.558638545309
19,0.684247104093
20,0.573498778985
21,0.0867681601399
22,0.323515535087
23,0.158707455271
24,0.629001431034
25,0.561772619879
26,0.579485617655
27,0.598521732879
28,0.232610247447
29,0.604863064612
30,0.634144016466
31,0.328692038365
32,0.63479214981
33,0.353928890554
34,0.66175317713
35,0.433224770257
36,0.668627676683
37,0.660833003783
38,0.508379221786
39,0.539883326804
40,0.755657345548
41,0.456532733281
42,0.57463521857
43,0.148833105444
44,0.421297442513
45,0.222749216293
46,0.218386298475
47,0.467689545224
48,0.57720089054
49,0.751038304852
50,0.732772866406
51,0.350156687211
52,0.61188170943
53,0.616978957908
54,0.359115539253
55,0.426638163069
56,0.683228377013
57,0.203453572402
58,0.729119399964
59,0.460546276044
60,0.237555511035
61,0.457198434286
62,0.723524805304
63,0.191856889351
64,0.188870842211
65,0.621273052921
66,0.384341768086
67,0.178356218002
68,0.626391990859
69,0.551429301841
70,0.550332378648
71,0.367862270662
72,0.226853010561
73,0.163727347972
74,0.177653869135
75,0.311180881684
76,0.560343567192
77,0.563632484903
78,0.658015347891
79,0.437090425748
80,0.781847056423
81,0.312682852062
82,0.232959340516
