site,dnds
1,0.809389734608
2,0.717320906669
3,0.283937465072
4,0.819442661542
5,0.147834221807
6,0.455912717143
7,0.190583004107
8,0.67063613952
9,0.587853336417
10,0.725730794291
11,0.645177309899
12,0.364012111367
13,0.529856151687
14,0.628412416922
15,0.17493196954
16,0.369267468251
17,0.271443326478
18,0.564606655511
19,0.688226753475
20,0.580281407305
21,0.0872220242212
22,0.488979662882
23,0.162661628796
24,0.637621779697
25,0.563561793786
26,0.587952562932
27,0.604498678009
28,0.235381041631
29,0.609481228168
30,0.635659099312
31,0.340644371638
32,0.639510029389
33,0.363767218923
34,0.666591070772
35,0.436860600619
36,0.671019348794
37,0.664067402643
38,0.512784437575
39,0.544153154532
40,0.75810833819
41,0.463545569524
42,0.582511470135
43,0.157709418108
44,0.42870285169
45,0.235754229903
46,0.222744531521
47,0.473850643877
48,0.583210280175
49,0.75384890012
50,0.7364267989
51,0.35582777305
52,0.618757190864
53,0.622857363054
54,0.36323605599
55,0.43342976142
56,0.68905928128
57,0.207035467571
58,0.734259184123
59,0.464320233321
60,0.243586317554
61,0.46722151973
62,0.725620118675
63,0.19444320347
64,0.191972428523
65,0.625832445459
66,0.390037111732
67,0.187856893572
68,0.629014530923
69,0.555707777402
70,0.552312496683
71,0.371139267028
72,0.230060604609
73,0.176346295242
74,0.187646752983
75,0.335308050263
76,0.567560137223
77,0.567559558275
78,0.66127597444
79,0.441530142716
80,0.785078327145
81,0.316684097954
82,0.239989081988
