site,dnds
1,0.468110015713
2,0.528877194549
3,0.49924782349
4,0.423278437737
5,0.123580667356
6,0.348444316307
7,0.0120042884155
8,0.359588468986
9,0.25091529905
10,0.430311557104
11,0.27019431285
12,0.308710218958
13,0.011850907411
14,0.344129965945
15,0.284007116555
16,0.137971476451
17,0.241997718151
18,0.303677410787
19,0.508710723282
20,0.401478733147
21,0.614952146946
22,0.541336923325
23,0.603518944455
24,0.665918697399
25,0.517670605005
26,0.697421210033
27,0.353904744225
28,0.571797724711
29,0.637315501113
30,0.745612490801
31,0.857642224129
32,0.836810355587
33,0.675303874394
34,0.771837739146
35,0.642662077971
36,0.567995715658
37,0.488252804916
38,0.715441873529
39,0.563330743698
40,0.544454823828
41,0.371041140708
42,0.210948439959
43,0.497191381955
44,0.370776668415
45,0.00271937792932
46,0.0175085140893
47,0.704675507719
48,0.708543279414
49,0.54209334912
50,0.194580453448
51,0.576168315562
52,0.702121214594
53,0.694935419464
54,0.775004575896
55,0.605547014346
56,0.679860514479
57,0.680595609869
58,0.609564972981
59,0.686801982985
60,0.823298947417
61,0.832141033885
62,0.491157655397
63,0.661986540088
64,0.788918956249
65,0.703145170816
66,0.621974862403
67,0.683525887045
68,0.765794588236
69,0.610490006314
70,0.803136942206
71,0.784156069392
72,0.690855730693
73,0.650868154611
74,0.851117669536
75,0.845873514585
76,0.851475251053
77,0.79425105189
78,0.651395744286
79,0.5241661895
80,0.4081246487
81,0.597211998863
82,0.246768600033
83,0.143151408336
84,0.355986084258
85,0.737337288417
86,0.527947969993
87,0.47570588634
88,0.757941612778
89,0.744890385174
90,0.703111977692
91,0.495122407961
92,0.761125035668
93,0.617864265121
94,0.608282436696
95,0.396542208707
96,0.681067796393
97,0.00195092087683
98,0.540357900419
99,0.659694364961
100,0.517116540502
101,0.0649603663733
102,0.660605275614
103,0.610817671681
104,0.568615468596
105,0.506166426454
106,0.736502119128
107,0.70709878462
108,0.529965156786
109,0.821477888812
110,0.78780367642
111,0.51106941118
112,0.69949382451
113,0.66467637515
114,0.680211767374
115,0.43856439141
116,0.762270673278
117,0.788902367126
118,0.599074410135
119,0.565836425842
120,0.69595563382
121,0.792275718154
