site,dnds
1,0.482053276314
2,0.538433603198
3,0.510793584556
4,0.434039290303
5,0.16870860645
6,0.386861655712
7,0.263973903834
8,0.369641790169
9,0.265432236291
10,0.46233754257
11,0.288809477935
12,0.331394356641
13,0.150156424138
14,0.38029057578
15,0.336019620388
16,0.17929059995
17,0.256719384612
18,0.335418554897
19,0.519855197571
20,0.421312406738
21,0.625746521067
22,0.551140404601
23,0.611651730332
24,0.676960485698
25,0.526658633135
26,0.7063185303
27,0.524405459409
28,0.582807308412
29,0.6608774344
30,0.757561240382
31,0.861668923998
32,0.844365503814
33,0.690819449509
34,0.779217960298
35,0.651746157968
36,0.588423163181
37,0.506295199603
38,0.725236178809
39,0.575932904576
40,0.556284729114
41,0.392931212467
42,0.240390771097
43,0.519173538153
44,0.42161194267
45,0.357521492976
46,0.282356854833
47,0.710454991418
48,0.718860429632
49,0.580789030722
50,0.219971861908
51,0.588630582313
52,0.747866343057
53,0.706135295547
54,0.782961539808
55,0.618465557727
56,0.694309201261
57,0.696072011934
58,0.623978251041
59,0.696005120969
60,0.827094857442
61,0.83831349842
62,0.524596173986
63,0.672577576566
64,0.796930266187
65,0.71014128919
66,0.643478316929
67,0.693400013794
68,0.778944723069
69,0.620970375877
70,0.806875467438
71,0.79103311441
72,0.706035080823
73,0.669796934025
74,0.857150898935
75,0.848846971528
76,0.858010686709
77,0.801320391544
78,0.667080456725
79,0.563750806712
80,0.443623441648
81,0.612297070658
82,0.277434412443
83,0.202384208958
84,0.379165789669
85,0.748643859007
86,0.55796897332
87,0.492778014235
88,0.76478297874
89,0.758471038497
90,0.709416341489
91,0.518387378408
92,0.763887559815
93,0.636832176904
94,0.621182365166
95,0.414321910655
96,0.68781301772
97,0.25530005983
98,0.55389380615
99,0.666837827753
100,0.534387605497
101,0.120632391653
102,0.668284907569
103,0.620920928495
104,0.59273992481
105,0.531497041519
106,0.743017811272
107,0.712898838197
108,0.54236516295
109,0.829462452716
110,0.795013547174
111,0.528239344285
112,0.709507508641
113,0.675380197446
114,0.687721805674
115,0.46984776015
116,0.769644332405
117,0.79543261655
118,0.613449330765
119,0.579764424
120,0.721141364464
121,0.805120564167
