site,dnds
1,0.61730102521
2,0.565704137085
3,0.498407947295
4,0.7364319411
5,0.25295798629
6,0.636236860634
7,0.398803781165
8,0.519516204051
9,0.655235528001
10,0.568355618193
11,0.691271787815
12,0.351766345677
13,0.381699803084
14,0.347378279012
15,0.256072745681
16,0.530663621501
17,0.690114557209
18,0.685092008117
19,0.237574149064
20,0.714602478627
21,0.31832519275
22,0.260031127941
23,0.600173532228
24,0.682122473726
25,0.561918823611
26,0.770237879074
27,0.749187552946
28,0.624806460883
29,0.816806472781
30,0.412312264118
31,0.453482139901
32,0.717815913362
33,0.693330564653
34,0.656463412529
35,0.730605895275
36,0.598608075701
37,0.583328597764
38,0.543048909116
39,0.416027669951
40,0.327550297732
41,0.284974379825
42,0.252762030187
43,0.644693366304
44,0.621097706311
45,0.275142152921
46,0.371057411395
47,0.409178353271
48,0.490843225294
49,0.361035898264
50,0.385848746818
51,0.753626028709
52,0.652032501466
53,0.505096007149
54,0.474454209937
55,0.318833105875
56,0.695841898544
57,0.616619547518
58,0.807350127351
59,0.898875440874
60,0.934880799093
61,0.866791738308
62,0.784633181182
63,0.861493284368
64,0.779792775806
65,0.710601457601
66,0.392127512442
67,0.380223978449
68,0.294164005395
69,0.493358160573
70,0.690155208599
71,0.766472256877
72,0.710591659547
73,0.697015820219
74,0.746671312431
75,0.644934475064
76,0.469006946027
77,0.299531545141
78,0.502856032071
79,0.691657084547
80,0.334312609668
81,0.376410272017
82,0.631043052409
83,0.44298779511
84,0.856605879334
85,0.579092360178
86,0.402841400053
87,0.596862920109
88,0.61071006994
89,0.575946459735
90,0.622876538075
91,0.423407049608
92,0.533740086088
93,0.650532983728
94,0.509976346661
95,0.67207824794
96,0.702432343119
97,0.774154372806
98,0.783860558011
99,0.758808178662
100,0.722487074865
101,0.601916112525
102,0.691959575641
103,0.348343464184
104,0.561258096836
105,0.561469243008
106,0.511809887495
107,0.697464774599
108,0.490915030452
109,0.296187888412
110,0.685001329234
111,0.563910756389
112,0.692320731245
113,0.376167100133
114,0.412682473178
115,0.322553911376
116,0.661947549371
117,0.625902878903
118,0.743768351824
119,0.437750119627
120,0.798341135076
