site,dnds
1,0.641446778579
2,0.587883722472
3,0.512693303847
4,0.744942928694
5,0.278866404327
6,0.740389898077
7,0.45984481517
8,0.585129631261
9,0.673539137108
10,0.612751060496
11,0.702967859082
12,0.376527645779
13,0.40194147627
14,0.464862629471
15,0.279490242592
16,0.545573366345
17,0.700612951484
18,0.70457763743
19,0.268030485542
20,0.726686504513
21,0.354735849133
22,0.290326203773
23,0.614433733965
24,0.705031076807
25,0.619844782436
26,0.780764100216
27,0.766661930682
28,0.640551270642
29,0.824640331516
30,0.455507485083
31,0.469381948742
32,0.725484016646
33,0.707634699805
34,0.669298765378
35,0.744850766
36,0.620483137559
37,0.598385822676
38,0.562206119624
39,0.472561105861
40,0.411230582293
41,0.31525334431
42,0.296568339846
43,0.660183942013
44,0.636372415384
45,0.416640392854
46,0.412212590883
47,0.434142364881
48,0.508330864358
49,0.39385415636
50,0.410754687135
51,0.760775732403
52,0.677178810457
53,0.527286776523
54,0.493992550733
55,0.354535501541
56,0.706396716434
57,0.632514837322
58,0.815786940141
59,0.907381308739
60,0.938708942494
61,0.8750123545
62,0.802625537538
63,0.86765789538
64,0.793226436517
65,0.724422555648
66,0.488664763433
67,0.401057995723
68,0.327011480638
69,0.509397052747
70,0.702796107808
71,0.778119270666
72,0.725950235639
73,0.720713497663
74,0.776143238931
75,0.697159298287
76,0.504438606872
77,0.356475760631
78,0.517664569015
79,0.701714526391
80,0.36710854008
81,0.410002059688
82,0.644882041288
83,0.462143323164
84,0.861978578219
85,0.595532092569
86,0.42028258332
87,0.613100627414
88,0.630234697134
89,0.592448192991
90,0.6335675006
91,0.483898880437
92,0.55636396358
93,0.662518361702
94,0.526584084697
95,0.68989370069
96,0.719241917254
97,0.785707596503
98,0.804395242401
99,0.784589784685
100,0.730657101041
101,0.615520464297
102,0.701811993722
103,0.402788658125
104,0.572231886548
105,0.578550532846
106,0.536014969826
107,0.706132429371
108,0.521631103687
109,0.345742230499
110,0.699324158161
111,0.573689164036
112,0.702886768638
113,0.405848879992
114,0.429052555984
115,0.352235887361
116,0.673406389065
117,0.650820029962
118,0.754027470568
119,0.456452924474
120,0.807942631957
