site,dnds
1,0.438052055763
2,0.72808909861
3,0.525740815024
4,0.739620778693
5,0.171680349568
6,0.393359526974
7,0.415451770302
8,0.816111166221
9,0.738088171941
10,0.68653856957
11,0.633382083717
12,0.785925277801
13,0.687173535677
14,0.370223231583
15,0.625192534467
16,0.728779236987
17,0.475059885494
18,0.708852982185
19,0.16173443293
20,0.76107649016
21,0.591125759271
22,0.496046512
23,0.86636909414
24,0.553578902887
25,0.366142171855
26,0.456458701747
27,0.618119185863
28,0.683202726191
29,0.375721032272
30,0.781457081
31,0.870082793974
32,0.839071234573
33,0.788200594702
34,0.859109462791
35,0.803646671212
36,0.857020586877
37,0.600860306662
38,0.776767262571
39,0.83330331584
40,0.377264757461
41,0.594909401506
42,0.760607953865
43,0.437712815604
44,0.841945763301
45,0.454708133186
46,0.782819376978
47,0.119133027446
48,0.774693592195
49,0.563118741591
50,0.721315993275
51,0.845170988656
52,0.705162438139
53,0.720300828416
54,0.7378664774
55,0.63293074345
56,0.643624738122
57,0.43536158026
58,0.551359411705
59,0.834679523705
60,0.552721365065
61,0.771047090146
62,0.615921883066
63,0.621291609484
64,0.77669013638
65,0.74946456061
66,0.699759996679
