site,dnds
1,0.804996821755
2,0.71512561252
3,0.280608479352
4,0.817027932123
5,0.14196676834
6,0.438166326057
7,0.185844301209
8,0.666942626712
9,0.582564286675
10,0.722844505418
11,0.637241540809
12,0.358411587768
13,0.524593350492
14,0.624299849953
15,0.17353877235
16,0.359938349245
17,0.266806251487
18,0.558788547522
19,0.684343931915
20,0.573726403016
21,0.0868167860653
22,0.323531762375
23,0.158832849257
24,0.629210246624
25,0.561779862315
26,0.581429026501
27,0.598589489248
28,0.232795297686
29,0.604885478594
30,0.634151710968
31,0.330310700555
32,0.634873594599
33,0.354390751118
34,0.661955851056
35,0.433444596876
36,0.668693364353
37,0.66088046135
38,0.508427182811
39,0.539859491401
40,0.755708515923
41,0.45672641264
42,0.574759956773
43,0.149041247356
44,0.421472813029
45,0.223015579719
46,0.218452539086
47,0.467711828853
48,0.577628869565
49,0.751204103595
50,0.73285676216
51,0.350336902678
52,0.612049578044
53,0.617125123503
54,0.359427000047
55,0.42684867845
56,0.683367270661
57,0.203530804562
58,0.729327666781
59,0.460654772596
60,0.238205333199
61,0.457483971543
62,0.723582905774
63,0.191876852662
64,0.188948545922
65,0.621393807395
66,0.384504443528
67,0.179550142846
68,0.626504513815
69,0.551570668506
70,0.550399871937
71,0.367940942377
72,0.226947057059
73,0.164024446055
74,0.177927109512
75,0.311831170704
76,0.560937797578
77,0.563680127942
78,0.658071033136
79,0.437188911442
80,0.781883089836
81,0.312775645796
82,0.233254451045
