site,dnds
1,0.563994114825
2,0.673674590003
3,0.535425867127
4,0.480425545173
5,0.250741015075
6,0.568778876889
7,0.239765416547
8,0.326326289923
9,0.379328822578
10,0.556266905594
11,0.409500233698
12,0.433458601716
13,0.327184282729
14,0.326326289923
15,0.648770340416
16,0.246004376634
17,0.250741015075
18,0.428753607265
19,0.618398764743
20,0.48553983145
21,0.668422696291
22,0.692462061075
23,0.618398764743
24,0.754452424683
25,0.611271073181
26,0.819299353345
27,0.637004533925
28,0.692467720537
29,0.810038708185
30,0.790752564005
31,0.906389670562
32,0.739443486384
33,0.749824136508
34,0.739443486384
35,0.614755309186
36,0.651917435769
37,0.657952876476
38,0.809062351341
39,0.673719734589
40,0.661019187834
41,0.495752287996
42,0.324989401731
43,0.540526241365
44,0.453799990419
45,0.190399585696
46,0.190399585696
47,0.719176141977
48,0.771555440103
49,0.61774048355
50,0.317949051139
51,0.57991746753
52,0.810038708185
53,0.766280869234
54,0.766280869234
55,0.704589827901
56,0.752458353567
57,0.754452424683
58,0.624048724958
59,0.736473584565
60,0.872299468123
61,0.906389670562
62,0.59165514093
63,0.739443486384
64,0.831230564958
65,0.795919910572
66,0.778791825448
67,0.766280869234
68,0.819299353345
69,0.700109928409
70,0.810038708185
71,0.766394435152
72,0.730481003413
73,0.692462061075
74,0.906389670562
75,0.906389670562
76,0.906389670562
77,0.906389670562
78,0.716452863791
79,0.69360184007
80,0.525637528217
81,0.660969862305
82,0.37355053734
83,0.224502120686
84,0.476022726563
85,0.812696693134
86,0.698315183961
87,0.568778876889
88,0.769096400283
89,0.831686262572
90,0.768512955001
91,0.640596349939
92,0.768512955001
93,0.756811755161
94,0.657952876476
95,0.499432917484
96,0.795657253126
97,0.352081140591
98,0.582838156408
99,0.704589827901
100,0.739443486384
101,0.190399585696
102,0.648770340416
103,0.736473584565
104,0.739443486384
105,0.662003117534
106,0.766280869234
107,0.743196041183
108,0.644123374559
109,0.905237436307
110,0.906389670562
111,0.614755309186
112,0.785870940207
113,0.766280869234
114,0.77942977436
115,0.568778876889
116,0.819299353345
117,0.766280869234
118,0.734272469124
119,0.698536192376
120,0.810038708185
121,0.766280869234
