site,dnds
1,0.61107618857
2,0.56086144791
3,0.493022071103
4,0.733580100093
5,0.24861473705
6,0.630959998023
7,0.381022792684
8,0.493713894384
9,0.647579093705
10,0.562140669159
11,0.689846789464
12,0.345127600097
13,0.377077659456
14,0.342072179226
15,0.252203356456
16,0.525200432881
17,0.686108247128
18,0.680533849709
19,0.233744343114
20,0.709929299823
21,0.309244448468
22,0.257399813953
23,0.597795233993
24,0.678127993812
25,0.558389312315
26,0.765101068572
27,0.7427891125
28,0.619461408221
29,0.813626612316
30,0.404070471209
31,0.452163413886
32,0.715943729301
33,0.690080431301
34,0.650765032964
35,0.72478722435
36,0.596888573792
37,0.576653272564
38,0.537699440961
39,0.413308870141
40,0.316157536253
41,0.275757714889
42,0.207844886661
43,0.640112309179
44,0.617546434409
45,0.247582861306
46,0.362714478976
47,0.399616701342
48,0.484471493956
49,0.356409979115
50,0.379821885223
51,0.75130815662
52,0.649091778755
53,0.500089375765
54,0.469640615875
55,0.314031374708
56,0.694290568995
57,0.61420592029
58,0.804398406229
59,0.897527945725
60,0.934252624857
61,0.864731739332
62,0.779653434882
63,0.860440419974
64,0.777344025557
65,0.708929633601
66,0.369453603905
67,0.373119237435
68,0.290669063103
69,0.488193202602
70,0.684325930773
71,0.760412490127
72,0.706386931188
73,0.691448893093
74,0.742641991343
75,0.640797646447
76,0.457832457451
77,0.272216300353
78,0.497971148539
79,0.68840791603
80,0.319628061757
81,0.370884032017
82,0.627275025372
83,0.439318024626
84,0.855919230814
85,0.573101719412
86,0.400012119578
87,0.592446889162
88,0.607382023779
89,0.569440527092
90,0.617934818206
91,0.416673181085
92,0.524511906288
93,0.64628436783
94,0.504645106481
95,0.667541309004
96,0.698189998056
97,0.771078730264
98,0.780673613957
99,0.755021148645
100,0.717862441579
101,0.595494068632
102,0.689657285254
103,0.325357484349
104,0.556546622562
105,0.556829916629
106,0.504679405229
107,0.692638705587
108,0.482199992941
109,0.271879315539
110,0.681787789313
111,0.559954224514
112,0.690011870286
113,0.370931667799
114,0.407935449948
115,0.317018082949
116,0.65723130328
117,0.622817009977
118,0.739094957698
119,0.433587399768
120,0.795430841672
