site,dnds
1,0.885966076276
2,0.794919162897
3,0.487667567959
4,0.868841638324
5,0.416837510745
6,0.580502394693
7,0.48981839407
8,0.78553926994
9,0.695778536483
10,0.809587201987
11,0.868612357936
12,0.530297870678
13,0.682125279313
14,0.746296940416
15,0.40735842345
16,0.696445716134
17,0.48249758365
18,0.675717246737
19,0.792402729136
20,0.70207036333
21,0.388248990878
22,0.627703319415
23,0.419201458626
24,0.755677444195
25,0.751229192984
26,0.707167171667
27,0.76018527085
28,0.454426057999
29,0.765153249782
30,0.719061042447
31,0.527926863294
32,0.762859779104
33,0.557009735291
34,0.758972096231
35,0.613511310158
36,0.7508406108
37,0.757240582517
38,0.656137806706
39,0.793145681125
40,0.808302705562
41,0.607295192726
42,0.735375897997
43,0.522491518079
44,0.58538449569
45,0.450851058506
46,0.398517474094
47,0.609340018781
48,0.72132018631
49,0.823523978684
50,0.791460900605
51,0.53786069864
52,0.747153256142
53,0.78956921737
54,0.502491834098
55,0.573241241661
56,0.816880719084
57,0.443192338891
58,0.827991361325
59,0.596982126229
60,0.467505549669
61,0.612300008062
62,0.787444031006
63,0.422692241622
64,0.414242265508
65,0.747076184127
66,0.534625018896
67,0.44440015709
68,0.712755835782
69,0.677437022069
70,0.691026270839
71,0.546383114021
72,0.435868906669
73,0.459399459538
74,0.436656962879
75,0.582853962784
76,0.680702403432
77,0.690244964798
78,0.83090343333
79,0.595271828589
80,0.886625942715
81,0.503137617357
82,0.47291366854
