site,dnds
1,0.778592244647
2,0.698695110001
3,0.63088730653
4,0.807021093688
5,0.487475814356
6,0.833461168184
7,0.623702860913
8,0.710473346247
9,0.764602349748
10,0.755491566237
11,0.76909814358
12,0.551633698817
13,0.537790372105
14,0.647230210353
15,0.461573763109
16,0.665432691307
17,0.775653922374
18,0.797804682396
19,0.468542915264
20,0.800147243996
21,0.588462969014
22,0.493088828202
23,0.716295454117
24,0.852766916376
25,0.753215128907
26,0.849321951715
27,0.854194771867
28,0.736212244724
29,0.876721894695
30,0.656055810598
31,0.584151813347
32,0.77828949088
33,0.792733737765
34,0.751179464124
35,0.812937506812
36,0.734284930302
37,0.710300424473
38,0.684203676342
39,0.696109689953
40,0.602193715776
41,0.426185719334
42,0.493633829369
43,0.768574938461
44,0.736786595738
45,0.60860115336
46,0.558237310352
47,0.58333699752
48,0.636263729435
49,0.630264915234
50,0.581132527407
51,0.807741610566
52,0.843845677403
53,0.651485275708
54,0.63336820262
55,0.563135870634
56,0.784958100843
57,0.744011923934
58,0.863810353351
59,0.942698103421
60,0.958838748023
61,0.916507655772
62,0.89630209325
63,0.909402275127
64,0.866980769018
65,0.797056358608
66,0.671149116405
67,0.558670826432
68,0.543856432305
69,0.631202565905
70,0.790705283323
71,0.848941123911
72,0.805684061377
73,0.832240524316
74,0.868900819424
75,0.875452102047
76,0.630853308811
77,0.506837316888
78,0.635831245583
79,0.77160474252
80,0.5379735974
81,0.598891145946
82,0.729535733579
83,0.591870669911
84,0.898155255302
85,0.698457440244
86,0.553299330089
87,0.728194642712
88,0.751910679361
89,0.704948971707
90,0.708895380553
91,0.659742570189
92,0.695767551964
93,0.742841983009
94,0.653106484076
95,0.805153296859
96,0.803635738816
97,0.85029208423
98,0.882871323458
99,0.882082374287
100,0.792587961895
101,0.723286386029
102,0.768158055317
103,0.575545820936
104,0.664276135565
105,0.689051449515
106,0.699041255999
107,0.777278147713
108,0.706304211837
109,0.504059614927
110,0.794138000481
111,0.659950792956
112,0.784392057118
113,0.583254471987
114,0.564933312014
115,0.550675697359
116,0.756258855932
117,0.796284565388
118,0.820454358643
119,0.608540977879
120,0.873517399911
