site,dnds
1,0.569030665093
2,0.82333800555
3,0.576672355733
4,0.851519495444
5,0.248944484005
6,0.530536223343
7,0.569030665093
8,0.82333800555
9,0.711883732399
10,0.79467091866
11,0.711883732399
12,0.795268981416
13,0.786988272212
14,0.471776951887
15,0.651730851463
16,0.551700828865
17,0.651730851463
18,0.711883732399
19,0.251479296787
20,0.786988272212
21,0.643661637448
22,0.586092764761
23,0.859533311428
24,0.651730851463
25,0.551700828865
26,0.651730851463
27,0.63758472691
28,0.705898418574
29,0.691013236476
30,0.691013236476
31,0.870314895032
32,0.870314895032
33,0.803941021709
34,0.851519495444
35,0.804054481273
36,0.870314895032
37,0.651730851463
38,0.868375661242
39,0.837054842481
40,0.433608117935
41,0.579034884639
42,0.814420949521
43,0.569030665093
44,0.851519495444
45,0.568842896673
46,0.643661637448
47,0.248944484005
48,0.860048892374
49,0.569030665093
50,0.858889850171
51,0.870314895032
52,0.752722873116
53,0.691013236476
54,0.786988272212
55,0.586092764761
56,0.569030665093
57,0.643661637448
58,0.651730851463
59,0.82333800555
60,0.558205128944
61,0.772351626322
62,0.656672836027
63,0.651730851463
64,0.643661637448
65,0.787156318909
66,0.787156318909
