site,dnds
1,0.610935242153
2,0.56077399091
3,0.492821075055
4,0.733511500911
5,0.248511383077
6,0.630998502176
7,0.380546659216
8,0.493252354025
9,0.647458330189
10,0.562078036492
11,0.689846447327
12,0.344963318921
13,0.376960479822
14,0.342010396947
15,0.252057625072
16,0.525052871845
17,0.686047256204
18,0.680401910567
19,0.2335850836
20,0.709707683243
21,0.308867257295
22,0.257381242178
23,0.597753348713
24,0.678067339908
25,0.558360561754
26,0.764932785165
27,0.74259446246
28,0.619268715877
29,0.813498737614
30,0.403962964287
31,0.452142954566
32,0.715926766167
33,0.690012904084
34,0.650679805662
35,0.724568104899
36,0.596863896557
37,0.576498874661
38,0.537592238754
39,0.413276162905
40,0.315888266181
41,0.275432389839
42,0.19670075937
43,0.63994662185
44,0.617397624648
45,0.245881062344
46,0.362469249377
47,0.399384296254
48,0.484289490226
49,0.356317979265
50,0.379697123626
51,0.751260122983
52,0.649067068473
53,0.499912680073
54,0.469410390382
55,0.313941045954
56,0.694269088387
57,0.614179237037
58,0.804363033771
59,0.897512513687
60,0.934242930454
61,0.864703079765
62,0.779445853404
63,0.860427205592
64,0.777313800956
65,0.70891270739
66,0.3687472183
67,0.372895261366
68,0.290624382535
69,0.488089197675
70,0.684191861185
71,0.760117116527
72,0.70634331527
73,0.691354198545
74,0.742595070241
75,0.640779920744
76,0.457523169301
77,0.270545774331
78,0.497788297114
79,0.688288335382
80,0.319098691334
81,0.370773620448
82,0.627246113554
83,0.439244046009
84,0.855903364806
85,0.572863978895
86,0.399962443914
87,0.592358443658
88,0.607334243834
89,0.569285896697
90,0.61773830439
91,0.416588558114
92,0.524199878089
93,0.646229560091
94,0.504495605552
95,0.667389115148
96,0.698058165117
97,0.771016259845
98,0.780633548941
99,0.75496944077
100,0.717724471518
101,0.595330118825
102,0.689632113528
103,0.32470625195
104,0.556444844458
105,0.556688730869
106,0.504478116195
107,0.692423653872
108,0.481944516718
109,0.271055412756
110,0.681729179041
111,0.559882249709
112,0.689919607883
113,0.370308665847
114,0.407801585158
115,0.316899975059
116,0.657103948856
117,0.622782034487
118,0.738901632381
119,0.433475152853
120,0.79530251038
