site,dnds
1,0.681255431023
2,0.722387645107
3,0.715086261467
4,0.635877978303
5,0.616722255932
6,0.575477576925
7,0.7344421592
8,0.816278400326
9,0.627830959975
10,0.566319256449
11,0.702349217008
12,0.78753556159
13,0.53016814585
14,0.840147941445
15,0.80548025882
16,0.737108883377
17,0.565926713369
18,0.696049812331
19,0.715321195656
20,0.599662278241
21,0.697572698557
22,0.669189985235
23,0.691369806135
24,0.482103240783
25,0.889631190807
26,0.755291522222
27,0.840612121823
28,0.860701637219
29,0.796713150621
30,0.80989593241
31,0.78990854064
32,0.839480584927
33,0.792174398115
34,0.852002766031
35,0.798245222228
36,0.554288351845
37,0.762065544026
38,0.665576586502
39,0.811812969996
40,0.661611332804
41,0.647194412269
42,0.699856053498
43,0.777729657373
44,0.776451921079
45,0.691498779993
46,0.761149281245
47,0.729171487045
48,0.772793155634
49,0.547299002052
50,0.64392108528
51,0.534155572437
52,0.702514349046
53,0.611554001763
54,0.257350891871
55,0.688197491798
56,0.789000799154
57,0.749046489123
58,0.70093682239
59,0.667253809463
60,0.523403539128
61,0.0767720745118
62,0.562458982312
63,0.448672274355
64,0.665791833709
65,0.516335178411
66,0.752936620681
67,0.66173777872
68,0.836275456259
69,0.824983091298
70,0.825875058501
71,0.165091184135
72,0.738652904956
73,0.756396844764
74,0.838323945819
75,0.487757440167
76,0.587144322703
77,0.757512196941
78,0.608354885524
79,0.553013357083
80,0.70134423997
81,0.727391969475
82,0.583750396913
83,0.453240534356
84,0.788854889391
85,0.611119783504
86,0.537578373669
87,0.500017545355
88,0.75623596166
89,0.588877685724
90,0.474726668914
