site,dnds
1,0.543334467457
2,0.773278280176
3,0.591762916316
4,0.782726883807
5,0.253033532953
6,0.488365844462
7,0.48234019932
8,0.848899607768
9,0.782429803189
10,0.727173334996
11,0.676510656117
12,0.827696211557
13,0.729120305937
14,0.425830419472
15,0.687699682222
16,0.768334277571
17,0.533848828939
18,0.753894602237
19,0.233098483764
20,0.795495070259
21,0.627153281652
22,0.551397809537
23,0.88789253538
24,0.614567420966
25,0.449027839228
26,0.546822382569
27,0.667539530755
28,0.735663712145
29,0.453801367354
30,0.825014589031
31,0.886543230574
32,0.86247787792
33,0.82798443545
34,0.879060358915
35,0.835589931888
36,0.90940760741
37,0.66739165503
38,0.816846448679
39,0.86371919485
40,0.451403578267
41,0.642099794721
42,0.790869166105
43,0.495351391151
44,0.868587654492
45,0.531289016916
46,0.819767105066
47,0.211672737465
48,0.812996419169
49,0.631835872059
50,0.772101015639
51,0.862403618609
52,0.754510898385
53,0.765363396157
54,0.782626838791
55,0.68248956076
56,0.698969516711
57,0.507776613598
58,0.610899332645
59,0.873471341527
60,0.6059133453
61,0.805518764361
62,0.674177072607
63,0.689051185629
64,0.81498669233
65,0.782327235889
66,0.737207161352
