site,dnds
1,0.681212778407
2,0.722376609366
3,0.715064741151
4,0.635802939716
5,0.616689108624
6,0.575440908225
7,0.734421907287
8,0.81624186894
9,0.627801643754
10,0.56613528283
11,0.702324094978
12,0.787508233893
13,0.530011110814
14,0.84014000851
15,0.805337671694
16,0.737066097187
17,0.565823916698
18,0.695965638675
19,0.715274204628
20,0.599636300274
21,0.697564180466
22,0.669176873595
23,0.691267830146
24,0.482035467047
25,0.889565939964
26,0.755287526874
27,0.840608303801
28,0.86069657896
29,0.796704680066
30,0.809880282868
31,0.78990129468
32,0.839475880761
33,0.792096936235
34,0.851995673056
35,0.798238183362
36,0.554272900451
37,0.762050584583
38,0.665571536332
39,0.811648828158
40,0.661552740435
41,0.647017297296
42,0.699810442426
43,0.777721672602
44,0.776443441973
45,0.69144995625
46,0.761137808436
47,0.729116755957
48,0.772763743083
49,0.547252358298
50,0.643897781545
51,0.534055431732
52,0.70247727756
53,0.611365289709
54,0.257250710031
55,0.688174011572
56,0.788971132232
57,0.749041260698
58,0.700863034347
59,0.667236960379
60,0.523319555012
61,0.0766389746159
62,0.562364864839
63,0.448588184223
64,0.665676377717
65,0.516276278826
66,0.75287132641
67,0.661721744096
68,0.836267400256
69,0.824974353085
70,0.825867665596
71,0.165046385108
72,0.738582527362
73,0.756365160049
74,0.838284945368
75,0.487722625973
76,0.587105210795
77,0.757407852222
78,0.608308321486
79,0.552913592844
80,0.701235638383
81,0.727369421746
82,0.583582941237
83,0.452898492635
84,0.78879638177
85,0.611060892982
86,0.537437285602
87,0.49994618729
88,0.75622885542
89,0.588870683084
90,0.474504821904
