site,dnds
1,0.752678894348
2,0.795144261719
3,0.796620339551
4,0.827305364296
5,0.715945039494
6,0.687876154174
7,0.830663579191
8,0.871876421193
9,0.70202233493
10,0.677195331661
11,0.773543878645
12,0.839247740912
13,0.625501255873
14,0.882897131935
15,0.855293933839
16,0.814360293276
17,0.664140601195
18,0.746381004917
19,0.779676003134
20,0.740862576177
21,0.728141699779
22,0.731312238967
23,0.76409507954
24,0.582249707425
25,0.934736268835
26,0.816321811215
27,0.86557314599
28,0.893487727746
29,0.848353478363
30,0.864533981681
31,0.844429389736
32,0.875082341937
33,0.839664201973
34,0.890793776854
35,0.843994261842
36,0.70849479206
37,0.812616544928
38,0.716848642015
39,0.866281169947
40,0.730473957392
41,0.774300121868
42,0.768755582816
43,0.817303246982
44,0.815745108036
45,0.779958326453
46,0.80470070567
47,0.789437664617
48,0.828907244028
49,0.619341025154
50,0.743394160474
51,0.628859553765
52,0.761259618923
53,0.722669551077
54,0.338554000297
55,0.7440754365
56,0.846677744533
57,0.802072297037
58,0.809572078541
59,0.738706994082
60,0.630548705151
61,0.179864458502
62,0.652169361546
63,0.540792501711
64,0.739190980196
65,0.618630658881
66,0.80440678453
67,0.725690851112
68,0.88063845208
69,0.867861996683
70,0.854620610255
71,0.375722875403
72,0.795475260222
73,0.811905583483
74,0.890272953074
75,0.607374178236
76,0.679111170346
77,0.823508143231
78,0.695860572451
79,0.646222140597
80,0.808684073957
81,0.816068839078
82,0.680290157287
83,0.60411495656
84,0.843090055704
85,0.690151291415
86,0.627401182589
87,0.592276513854
88,0.812086357701
89,0.665695507044
90,0.575553582204
