site,dnds
1,0.762914937747
2,0.792920288272
3,0.803323710341
4,0.826024589226
5,0.725712898708
6,0.678545851937
7,0.826421974612
8,0.865454801214
9,0.699360061693
10,0.66274053356
11,0.770417087097
12,0.836445447289
13,0.623513743911
14,0.879292412524
15,0.846620794009
16,0.795777992688
17,0.65455065497
18,0.747643735891
19,0.77058347865
20,0.770660656932
21,0.733304176372
22,0.727659851298
23,0.747249851399
24,0.579071039643
25,0.933568997058
26,0.835772585997
27,0.865581987163
28,0.886347061529
29,0.859176047049
30,0.862199112198
31,0.837989620166
32,0.870589124721
33,0.835702609483
34,0.897444741931
35,0.847053993568
36,0.739480205891
37,0.813476950277
38,0.71492792602
39,0.859973358081
40,0.753906348478
41,0.772754962337
42,0.762608377226
43,0.812240371639
44,0.816616303263
45,0.807897689575
46,0.808585180904
47,0.79207458825
48,0.81870739651
49,0.616388969066
50,0.735312878542
51,0.626669420665
52,0.753312307809
53,0.697891536311
54,0.422679125228
55,0.755821787502
56,0.830036338073
57,0.800818777882
58,0.790749695457
59,0.730957015814
60,0.621024692856
61,0.272107681154
62,0.642023851782
63,0.542730347029
64,0.718160997936
65,0.605490629128
66,0.802282676378
67,0.721553336379
68,0.885530904578
69,0.869115879997
70,0.859536754115
71,0.451338810938
72,0.793786366433
73,0.807283590317
74,0.883943428733
75,0.636026036057
76,0.671440268068
77,0.822990465742
78,0.687560725025
79,0.634509286277
80,0.8025288693
81,0.815210162402
82,0.666065597261
83,0.603933954228
84,0.832388061524
85,0.687964378435
86,0.613680371224
87,0.580225934512
88,0.805417903944
89,0.701151345891
90,0.562980843848
