site,dnds
1,0.40790978934
2,0.723486989773
3,0.516728256809
4,0.734354882599
5,0.145031645155
6,0.355705113048
7,0.404655598629
8,0.813175725856
9,0.733874324462
10,0.680093833225
11,0.626347722243
12,0.779672306592
13,0.679948975939
14,0.353690313103
15,0.618821449416
16,0.724568947197
17,0.466460847419
18,0.703508404031
19,0.146416029334
20,0.756566547148
21,0.585430740927
22,0.48455314164
23,0.864194042299
24,0.545633021821
25,0.347622293623
26,0.435087162675
27,0.612888392498
28,0.677068525179
29,0.34023104528
30,0.773171994889
31,0.868118604272
32,0.836868303669
33,0.783127822688
34,0.856970559318
35,0.80044255104
36,0.85047974783
37,0.592866413499
38,0.771816447484
39,0.829849272451
40,0.36803548189
41,0.588455969896
42,0.757432273979
43,0.429297137492
44,0.839233593738
45,0.444207896004
46,0.778233140302
47,0.0909956385698
48,0.769819770994
49,0.554839506294
50,0.715818827568
51,0.842439660356
52,0.695047690163
53,0.715007749896
54,0.733418798997
55,0.624845973514
56,0.63463806228
57,0.422437835583
58,0.542486340419
59,0.830995288785
60,0.546038239564
61,0.768079177486
62,0.6060032596
63,0.613335755714
64,0.77179780648
65,0.745565077945
66,0.695795454041
