site,dnds
1,0.816268605451
2,0.846869685267
3,0.61263186554
4,0.619035308362
5,0.590221497188
6,0.61263186554
7,0.152586678351
8,0.589634866231
9,0.320872652612
10,0.142722147659
11,0.430453470016
12,0.152911993344
13,0.25546629733
14,0.14832568956
15,0.439072596495
16,0.472172237264
17,0.590221497188
18,0.142722147659
19,0.846869685267
20,0.472172237264
21,0.621085018419
22,0.78892305786
23,0.846869685267
24,0.867924622244
25,0.748392905214
26,0.814625963027
27,0.449947642747
28,0.564817359737
29,0.752747788378
30,0.814625963027
31,0.39360480084
32,0.0805605063976
33,0.378765500326
34,0.247262338133
35,0.421000693637
36,0.429499967609
37,0.871309528645
38,0.61263186554
39,0.846869685267
40,0.846869685267
41,0.78892305786
42,0.61263186554
43,0.814625963027
44,0.590221497188
45,0.62556290857
46,0.14832568956
47,0.306531947256
48,0.214130466044
49,0.138496187675
50,0.590221497188
51,0.709702738148
52,0.846869685267
53,0.78892305786
54,0.846869685267
55,0.78892305786
56,0.846869685267
57,0.846869685267
58,0.636816474431
59,0.814625963027
60,0.846869685267
61,0.846869685267
62,0.748392905214
63,0.429499967609
64,0.761455232043
65,0.645036139208
66,0.645036139208
67,0.636816474431
68,0.526103631204
69,0.645036139208
70,0.429499967609
71,0.748392905214
72,0.429499967609
73,0.846869685267
74,0.846869685267
75,0.78892305786
76,0.814625963027
77,0.429499967609
