site,dnds
1,0.88736612603
2,0.787422331298
3,0.409687798991
4,0.874232001354
5,0.257148543469
6,0.593387153021
7,0.317287921548
8,0.773764231187
9,0.688408318078
10,0.804077415353
11,0.852263969851
12,0.434411135343
13,0.672377632715
14,0.742859042013
15,0.312775879098
16,0.625978325427
17,0.403276322297
18,0.686693227386
19,0.796446558591
20,0.699157842972
21,0.18467506225
22,0.621771733476
23,0.299520843141
24,0.770564285463
25,0.737705004237
26,0.709259874192
27,0.745380449059
28,0.317012638134
29,0.759717471183
30,0.722678737944
31,0.492024886175
32,0.775015387879
33,0.503964152359
34,0.7608168365
35,0.506942326205
36,0.741943922503
37,0.755468376823
38,0.648429068443
39,0.780730656027
40,0.824154504408
41,0.592216296503
42,0.746328262646
43,0.350786453874
44,0.58043320922
45,0.391271547881
46,0.381005122852
47,0.601123791222
48,0.703853577435
49,0.819647347695
50,0.799680272003
51,0.475951861887
52,0.737055549165
53,0.795342931213
54,0.40975510495
55,0.557583032162
56,0.807556609247
57,0.343247958589
58,0.817808856083
59,0.575028559233
60,0.336361440378
61,0.621305004177
62,0.791990657577
63,0.318185437812
64,0.313766545152
65,0.751548574895
66,0.521761123301
67,0.303808140813
68,0.698698827764
69,0.645129356503
70,0.633956947404
71,0.4703093465
72,0.328781125688
73,0.343618974841
74,0.387831899414
75,0.543062519523
76,0.685010261518
77,0.699313654271
78,0.822813561898
79,0.551219077642
80,0.884640946548
81,0.433648085119
82,0.355625247215
