site,dnds
1,0.807183530332
2,0.716864551289
3,0.284870283195
4,0.818015759592
5,0.151179433664
6,0.446334987038
7,0.190875035595
8,0.669736196662
9,0.585041559379
10,0.724719583588
11,0.650299036789
12,0.363116664181
13,0.529849756465
14,0.626891002244
15,0.17629159742
16,0.375091672162
17,0.270818941067
18,0.561059184494
19,0.687976216681
20,0.576816775834
21,0.0992772679589
22,0.487427180693
23,0.161679618121
24,0.632466847925
25,0.564340714288
26,0.585117990675
27,0.603302680148
28,0.235320860599
29,0.615449564145
30,0.635567203865
31,0.334851908881
32,0.637723735684
33,0.359973112799
34,0.664101064355
35,0.43708091052
36,0.670039431583
37,0.662286123574
38,0.51157381852
39,0.546007866036
40,0.756716509834
41,0.4606132163
42,0.581945625615
43,0.155113602491
44,0.427370659832
45,0.230604150751
46,0.223302315542
47,0.472651034134
48,0.580944814818
49,0.752753619553
50,0.734631047878
51,0.354109293715
52,0.615545168385
53,0.620383905186
54,0.36254199149
55,0.430746126631
56,0.687230917069
57,0.205731994306
58,0.731686498956
59,0.462719328014
60,0.243027318572
61,0.462851107642
62,0.724424587492
63,0.1956213805
64,0.193917687864
65,0.624039205961
66,0.387494438059
67,0.185110231067
68,0.627955353661
69,0.55376656504
70,0.551896643909
71,0.370558478721
72,0.229708212739
73,0.178223098633
74,0.187982025999
75,0.329785367164
76,0.563609960567
77,0.566530096702
78,0.660020104721
79,0.440126624147
80,0.784002630417
81,0.315705099087
82,0.238883744962
