site,dnds
1,0.748836287743
2,0.773164799829
3,0.481126343904
4,0.58926136966
5,0.592157986283
6,0.549209905604
7,0.0627994308388
8,0.607136760363
9,0.356402048876
10,0.150542215941
11,0.418658537632
12,0.057351639305
13,0.0906923811734
14,0.205830502963
15,0.390797557545
16,0.513702179733
17,0.60000047012
18,0.185438325741
19,0.722775636511
20,0.48672291811
21,0.667706541505
22,0.563959389795
23,0.762635995049
24,0.802228488037
25,0.651613307307
26,0.684184607812
27,0.4559254019
28,0.579935712236
29,0.587729509094
30,0.535650396142
31,0.393964356258
32,0.138441856982
33,0.432217531836
34,0.0518537049585
35,0.49858693441
36,0.585510522867
37,0.868880675371
38,0.714005839484
39,0.898192161155
40,0.891144552367
41,0.829853923096
42,0.683729021259
43,0.813618830102
44,0.628314181157
45,0.647761903166
46,0.075129086263
47,0.353432639824
48,0.229871548928
49,0.0962854535882
50,0.593721506981
51,0.679117572842
52,0.698782929831
53,0.791105642173
54,0.722185105677
55,0.783149306477
56,0.924514444171
57,0.782064959551
58,0.670040241895
59,0.742366221778
60,0.856592015629
61,0.821408672363
62,0.5941149809
63,0.615187024534
64,0.747795895181
65,0.594158315587
66,0.638491925568
67,0.671046693011
68,0.545469171885
69,0.694686620683
70,0.384536661034
71,0.791196086858
72,0.79814092596
73,0.907952968192
74,0.910412956566
75,0.79915642781
76,0.868971057269
77,0.334661104999
