site,dnds
1,0.46135606524
2,0.525643005373
3,0.496318547366
4,0.418171162804
5,0.121143387192
6,0.344896373585
7,0.00970120679265
8,0.356474782415
9,0.247875319476
10,0.422898145549
11,0.2655907627
12,0.305408921052
13,0.00957620583549
14,0.34036020857
15,0.274024683131
16,0.136116148738
17,0.238987646178
18,0.29875878745
19,0.504233512456
20,0.397884340796
21,0.60857402696
22,0.537726984592
23,0.599267218341
24,0.662896662439
25,0.512966637032
26,0.696283736328
27,0.343414016119
28,0.565467179172
29,0.63558526015
30,0.7438667593
31,0.856338616596
32,0.834074424546
33,0.673620261263
34,0.768087487076
35,0.640965635706
36,0.56333759751
37,0.483683579699
38,0.713645535888
39,0.556767722667
40,0.541273603514
41,0.368043203026
42,0.206645993898
43,0.495361098399
44,0.348214995967
45,4.59072065859e-05
46,0.0150169035666
47,0.702770357546
48,0.70706421289
49,0.535896761161
50,0.192340703259
51,0.573304931019
52,0.69897096605
53,0.69218558565
54,0.773018287303
55,0.604745592773
56,0.678946268682
57,0.679382839709
58,0.607532261705
59,0.684080435557
60,0.821856597147
61,0.830185429997
62,0.488101792088
63,0.658151372934
64,0.78736326415
65,0.700549558788
66,0.615992790447
67,0.680564027487
68,0.764531313471
69,0.60449696979
70,0.802576544241
71,0.78327931426
72,0.688541967101
73,0.646419556857
74,0.849766480871
75,0.845593281961
76,0.849922735214
77,0.793461366463
78,0.649533619054
79,0.521335492279
80,0.400614729638
81,0.594534054107
82,0.243099163793
83,0.137725756467
84,0.350246759114
85,0.73552604925
86,0.521680890092
87,0.471918551148
88,0.757194353385
89,0.742454751458
90,0.701889948176
91,0.491376714171
92,0.760751506753
93,0.614568730296
94,0.605244974078
95,0.393757612824
96,0.677742018541
97,3.16797048261e-05
98,0.535589942765
99,0.658616112889
100,0.514576742882
101,0.0598248692386
102,0.659337759096
103,0.607278681154
104,0.565960095524
105,0.502974789537
106,0.734832219609
107,0.705171127607
108,0.526609073894
109,0.820408191717
110,0.786007014427
111,0.507582902399
112,0.695906777219
113,0.662602161065
114,0.67594113784
115,0.433624608199
116,0.760552367001
117,0.787766217442
118,0.595155662124
119,0.55705583933
120,0.694191440421
121,0.789584363615
