site,dnds
1,0.749483069551
2,0.76604912444
3,0.488471373167
4,0.588382433764
5,0.592454140045
6,0.553961343744
7,0.350141282655
8,0.606098815204
9,0.407723702968
10,0.227524053668
11,0.445059001958
12,0.352546315299
13,0.493088266563
14,0.268935973668
15,0.428402673447
16,0.51863965184
17,0.601249738105
18,0.27951433653
19,0.729958744271
20,0.488377430331
21,0.662811787967
22,0.578816670511
23,0.75936929553
24,0.802512110336
25,0.650520196237
26,0.690950407454
27,0.467548079555
28,0.575864305867
29,0.595526887393
30,0.55634959107
31,0.433116941816
32,0.17551207935
33,0.4486957591
34,0.326627571961
35,0.49239023122
36,0.615874582006
37,0.864459128049
38,0.710004281679
39,0.89653638624
40,0.888150581846
41,0.829274500887
42,0.675657241339
43,0.802831447711
44,0.619715823148
45,0.636393032251
46,0.474410775378
47,0.377170503001
48,0.280406743913
49,0.349937861394
50,0.580058026625
51,0.671194362109
52,0.69202281413
53,0.789968421596
54,0.721660349588
55,0.779829858485
56,0.920190725543
57,0.777546768102
58,0.686513546818
59,0.741459776783
60,0.855612787055
61,0.820135329934
62,0.623344645426
63,0.629581971759
64,0.743860322049
65,0.594812284889
66,0.638780416032
67,0.668174441997
68,0.554755606324
69,0.692652953984
70,0.460949666329
71,0.795227807943
72,0.793222887141
73,0.906306189408
74,0.910583425374
75,0.794126112519
76,0.860245549194
77,0.422292451782
