site,dnds
1,0.769165326136
2,0.594250480318
3,0.76467390601
4,0.847056107957
5,0.82903326187
6,0.468321876419
7,0.79800994303
8,0.68797443872
9,0.375512656483
10,0.531766128015
11,0.747000923267
12,0.161621147112
13,0.468036544798
14,0.570736607692
15,0.599867304001
16,0.0596780935038
17,0.386021864841
18,0.53067966854
19,0.412684745949
20,0.339778075851
21,0.742147306891
22,0.817414161609
23,0.786072936664
24,0.808848912906
25,0.372606012253
26,0.766650563973
27,0.360536559323
28,0.741523454955
29,0.652948571984
30,0.807686641248
31,0.910904472963
32,0.829529429371
33,0.751712601215
34,0.668034401084
35,0.467468801677
36,0.684962121529
37,0.304609967379
38,0.726133852396
39,0.112514814772
40,0.525317083007
41,0.132268871834
42,0.719437530076
43,0.237020719125
44,0.422672666268
45,0.570500027863
46,0.709384527293
47,0.685717566427
48,0.382648393823
49,0.506028826387
50,0.0616154995315
51,0.345761522894
52,0.612684975523
53,0.478250647592
54,0.411180476472
55,0.562233840513
56,0.679493574674
57,0.572684259127
58,0.536588871413
59,0.714996491625
60,0.705378929419
61,0.369391993969
62,0.607546258784
63,0.410157097819
64,0.772360110703
65,0.584743121734
66,0.762694869863
67,0.617706083376
68,0.83401936359
69,0.777155441137
70,0.839697411587
71,0.386361599296
72,0.555987602616
73,0.734299184853
74,0.398613300228
75,0.627530703335
76,0.528892506349
77,0.712776096974
78,0.556344688061
79,0.538962678035
80,0.84230839033
81,0.891423067222
