site,dnds
1,0.768886430257
2,0.592897914815
3,0.764125316338
4,0.846095080115
5,0.828593235814
6,0.465789547973
7,0.797349270956
8,0.686712150055
9,0.361922819949
10,0.528769872691
11,0.746251344864
12,0.159636078212
13,0.465910698031
14,0.567737038459
15,0.597987377126
16,0.0583924008885
17,0.383868353392
18,0.529473237572
19,0.410059435507
20,0.33876437334
21,0.740977150582
22,0.816605132524
23,0.784810366444
24,0.80842591024
25,0.368861151819
26,0.76613452551
27,0.357823128371
28,0.740782341167
29,0.651009202502
30,0.806342688911
31,0.910700828051
32,0.829100205003
33,0.751278020583
34,0.667262741981
35,0.46486848052
36,0.683195968283
37,0.302142131145
38,0.725612056997
39,0.110852499209
40,0.523942760122
41,0.132444776432
42,0.717777549011
43,0.234717982893
44,0.418806809441
45,0.567712466638
46,0.708320252112
47,0.681527065287
48,0.380763273272
49,0.504916134293
50,0.0590283609405
51,0.342999903652
52,0.61172248686
53,0.475791444825
54,0.408066157943
55,0.561035514698
56,0.677585811211
57,0.571276940464
58,0.533207574079
59,0.712252633119
60,0.704552886926
61,0.36796005505
62,0.605611176027
63,0.408028537629
64,0.77195573705
65,0.58259120556
66,0.75996068262
67,0.615786027045
68,0.833531421431
69,0.776214073026
70,0.839211014078
71,0.385139473004
72,0.554132798795
73,0.733928826765
74,0.394320266029
75,0.626468283987
76,0.525939428332
77,0.712073483994
78,0.554924648076
79,0.538366881967
80,0.841885544455
81,0.891055678928
