site,dnds
1,0.420084610837
2,0.519918449626
3,0.156408416976
4,0.417069457238
5,0.67234456442
6,0.670271115643
7,0.678949010764
8,0.591587248842
9,0.768668766418
10,0.579243119492
11,0.725321005361
12,0.804941109356
13,0.61684495862
14,0.599413935777
15,0.37234785849
16,0.582920348166
17,0.23175389341
18,0.208127464715
19,0.524870325291
20,0.601859530406
21,0.722324115811
22,0.429308961289
23,0.635272031293
24,0.463804350669
25,0.663953650141
26,0.243870153371
27,0.471140849871
28,0.510871098088
29,0.76788779197
30,0.815579027116
31,0.559740993745
32,0.517147733657
33,0.589257350971
34,0.613688140097
35,0.728154344431
36,0.126310687361
37,0.154982679648
38,0.202356784238
39,0.519342470457
40,0.537958810394
41,0.588759117035
42,0.487041643699
43,0.636305128677
44,0.713943494124
45,0.481307692038
46,0.423142175302
47,0.614206831165
48,0.693657298313
49,0.484862139101
50,0.617884325852
51,0.712234462739
52,0.540123259844
53,0.54651470269
54,0.726404132425
55,0.338706188239
56,0.625639103499
57,0.585347972034
58,0.723138350358
59,0.574784211358
60,0.558475894412
61,0.676296155952
62,0.429964747959
63,0.198672797077
64,0.778985916916
65,0.791159673119
66,0.429310971771
67,0.432229731585
68,0.453718136956
69,0.379998121769
70,0.552326300394
71,0.591663391637
72,0.528417236352
73,0.582788865747
74,0.777840480111
75,0.811273690426
76,0.750088635315
77,0.598039389205
78,0.860328091445
79,0.907420694744
80,0.651538584235
81,0.513303083964
82,0.507428127243
83,0.747271799708
84,0.751605084608
85,0.655122392079
86,0.484732764508
87,0.711744934206
88,0.577219831553
89,0.580372927486
90,0.837528892819
91,0.90852273691
92,0.821585911556
93,0.785745129607
94,0.748153417934
95,0.86600380753
96,0.792140737598
97,0.699200736678
98,0.638520098815
99,0.733662693553
100,0.706328525632
101,0.582626396305
102,0.570089174617
103,0.739674992346
104,0.628197272397
105,0.561581916692
106,0.606868282881
107,0.555082011345
