site,dnds
1,0.650395742869
2,0.662852703429
3,0.754049709965
4,0.662852703429
5,0.903228196097
6,0.537968945741
7,0.833014133301
8,0.769722633757
9,0.413588417806
10,0.563309806485
11,0.778175053498
12,0.132547680344
13,0.594463850965
14,0.594463850965
15,0.720187153353
16,0.132547680344
17,0.406971713654
18,0.696981924301
19,0.431147522456
20,0.351503285912
21,0.7527449667
22,0.903228196097
23,0.903228196097
24,0.778205230207
25,0.413588417806
26,0.778205230207
27,0.413588417806
28,0.778205230207
29,0.594463850965
30,0.778205230207
31,0.903228196097
32,0.892352471559
33,0.696981924301
34,0.778205230207
35,0.55216032561
36,0.778205230207
37,0.366236083069
38,0.778205230207
39,0.178205043103
40,0.720187153353
41,0.206850359864
42,0.754049709965
43,0.363042745623
44,0.437530927744
45,0.662852703429
46,0.754049709965
47,0.720187153353
48,0.650395742869
49,0.516550209914
50,0.214918878458
51,0.387305538731
52,0.599228005352
53,0.500703050395
54,0.48860219897
55,0.644311585029
56,0.795079538437
57,0.696981924301
58,0.560629544092
59,0.778205230207
60,0.833255289912
61,0.427887239404
62,0.650395742869
63,0.427887239404
64,0.778205230207
65,0.696981924301
66,0.778205230207
67,0.720187153353
68,0.778205230207
69,0.720187153353
70,0.903228196097
71,0.478775956379
72,0.591370196505
73,0.778205230207
74,0.443340208436
75,0.778205230207
76,0.55216032561
77,0.778205230207
78,0.537968945741
79,0.662852703429
80,0.903228196097
81,0.903228196097
