site,dnds
1,0.380851618777
2,0.436879661667
3,0.168086518248
4,0.474994735104
5,0.579137658508
6,0.474994735104
7,0.610774272568
8,0.526328778767
9,0.726618244565
10,0.542879182205
11,0.708935318877
12,0.736428551248
13,0.497234887632
14,0.558589753917
15,0.309387824094
16,0.465019221772
17,0.243801282218
18,0.166856258205
19,0.442312057372
20,0.508192869918
21,0.680355614992
22,0.366609672429
23,0.550760105556
24,0.442680296478
25,0.678319164699
26,0.167836876765
27,0.389319186554
28,0.458081444297
29,0.74957844401
30,0.836969023157
31,0.560035389754
32,0.571150204343
33,0.50292880701
34,0.571150204343
35,0.608528564807
36,0.168109708108
37,0.414256725077
38,0.167354176328
39,0.428109013712
40,0.570781076906
41,0.497234887632
42,0.40683696431
43,0.515493665063
44,0.710164328026
45,0.327086145103
46,0.243801282218
47,0.623568839714
48,0.606209174203
49,0.427257232988
50,0.584267002224
51,0.704492439514
52,0.497671951375
53,0.458610957891
54,0.761431446172
55,0.379224366137
56,0.571150204343
57,0.606480554404
58,0.571150204343
59,0.449211072955
60,0.449211072955
61,0.666001133357
62,0.436774049292
63,0.28958433771
64,0.726618244565
65,0.736159213754
66,0.341235356537
67,0.366842804041
68,0.385052650516
69,0.339294740216
70,0.515892722003
71,0.497234887632
72,0.503540403341
73,0.471297526567
74,0.734233376598
75,0.781365308557
76,0.866687861463
77,0.497234887632
78,0.866687861463
79,0.866687861463
80,0.526328778767
81,0.445523673414
82,0.460609196709
83,0.659739548285
84,0.707036910529
85,0.681934815955
86,0.389319186554
87,0.707036910529
88,0.447755531649
89,0.510757407785
90,0.772373467343
91,0.866687861463
92,0.707036910529
93,0.776153502366
94,0.74957844401
95,0.707036910529
96,0.787227252001
97,0.74957844401
98,0.680137913324
99,0.707036910529
100,0.707036910529
101,0.510757407785
102,0.508380621285
103,0.704492439514
104,0.606480554404
105,0.449211072955
106,0.535722972511
107,0.449211072955
