site,dnds
1,0.769141591047
2,0.593916834186
3,0.764974611452
4,0.846579706124
5,0.828947669579
6,0.466723851797
7,0.797727639666
8,0.687400358488
9,0.369250721444
10,0.530071235981
11,0.746853764799
12,0.161202006115
13,0.467006658858
14,0.568959831863
15,0.598939625083
16,0.0597468845394
17,0.385017276604
18,0.531330862296
19,0.41164998312
20,0.339636496262
21,0.741455517815
22,0.81716555311
23,0.785560210987
24,0.808941585017
25,0.370531566973
26,0.766576226441
27,0.359433732475
28,0.741546534731
29,0.651712946889
30,0.806892056397
31,0.910935390124
32,0.829484083923
33,0.751539509149
34,0.668271493659
35,0.466092510511
36,0.684742185178
37,0.303607215466
38,0.726090429694
39,0.112326496972
40,0.525047763789
41,0.133433952594
42,0.718867968689
43,0.23714385976
44,0.420307292836
45,0.569034732056
46,0.708967370879
47,0.684403231067
48,0.381925875727
49,0.505562457038
50,0.0637475408477
51,0.344458660307
52,0.612750874578
53,0.476970690816
54,0.409894970244
55,0.561784311116
56,0.678503488776
57,0.571832628365
58,0.534642292178
59,0.713458346297
60,0.705213177605
61,0.370486755833
62,0.607097802563
63,0.409144442796
64,0.772297992867
65,0.583927396844
66,0.760997105801
67,0.616813678032
68,0.833916367787
69,0.776793448687
70,0.839771564869
71,0.387027517102
72,0.555082554804
73,0.73426050406
74,0.395964084073
75,0.628103441351
76,0.52699640208
77,0.712633651748
78,0.555591785569
79,0.539106077011
80,0.842269913727
81,0.891450795495
