site,dnds
1,0.771390028508
2,0.602769661351
3,0.772371728764
4,0.850269631466
5,0.832053724027
6,0.474339323452
7,0.801026234122
8,0.69304033527
9,0.402901798726
10,0.538753718905
11,0.752117549881
12,0.175430588315
13,0.474906794489
14,0.576916625627
15,0.60692914486
16,0.0747506257838
17,0.394015315083
18,0.547601732316
19,0.422897895409
20,0.34718271671
21,0.745615577703
22,0.82193311057
23,0.790880691326
24,0.813449651237
25,0.381954983539
26,0.770445550707
27,0.372337741516
28,0.748202878295
29,0.657025762687
30,0.811329253418
31,0.912984606225
32,0.832929663377
33,0.75391821919
34,0.676997273368
35,0.474619148061
36,0.695605909017
37,0.315000511041
38,0.730230342828
39,0.124990920631
40,0.534338198883
41,0.147882432276
42,0.726317149155
43,0.254515380472
44,0.431913460691
45,0.577087374615
46,0.713975383294
47,0.701338305746
48,0.390137625738
49,0.511393329192
50,0.0919112961744
51,0.356216836775
52,0.62159096957
53,0.4859769568
54,0.422011091005
55,0.567365972974
56,0.685026762347
57,0.576856150716
58,0.543966465125
59,0.72137724713
60,0.71103775199
61,0.391188932534
62,0.618551200458
63,0.417919132955
64,0.775275959617
65,0.594384226143
66,0.766998266689
67,0.624154373943
68,0.837234436486
69,0.781389613137
70,0.844577263306
71,0.400061294725
72,0.562774358076
73,0.737237391831
74,0.406049717451
75,0.641363387029
76,0.534036447611
77,0.71761834021
78,0.560973349964
79,0.54552505303
80,0.845617541411
81,0.894836665917
