site,dnds
1,0.307429797164
2,0.396839539442
3,0.0918273435348
4,0.302285248162
5,0.551774562608
6,0.587641131072
7,0.580172893862
8,0.529008507322
9,0.660757352238
10,0.45940050589
11,0.612661622132
12,0.740366604179
13,0.527813217583
14,0.471747348057
15,0.259380819023
16,0.48799497626
17,0.113559275971
18,0.150596368325
19,0.394629768459
20,0.488615131364
21,0.625627079968
22,0.335607413011
23,0.513876508059
24,0.356345394096
25,0.558612589815
26,0.168059809876
27,0.378879598676
28,0.435496559831
29,0.687116038899
30,0.727948301463
31,0.481130148742
32,0.352147525611
33,0.45965399044
34,0.506537481391
35,0.595821870915
36,0.143391882245
37,0.27618698144
38,0.125592294043
39,0.41207019584
40,0.430004231144
41,0.462991907255
42,0.392193172238
43,0.48422722852
44,0.629422590481
45,0.258338859721
46,0.294896350253
47,0.48882627585
48,0.581297100045
49,0.389120028566
50,0.495513258492
51,0.613387228779
52,0.4512273443
53,0.387962644332
54,0.673546064477
55,0.272258710262
56,0.518264028129
57,0.4597628801
58,0.594183143373
59,0.449057323847
60,0.460938960084
61,0.553439587298
62,0.298716869339
63,0.178346603638
64,0.695353015057
65,0.727550885885
66,0.255840351234
67,0.340154674441
68,0.295431306158
69,0.263181587962
70,0.442462135209
71,0.476834813211
72,0.415048520099
73,0.449605039174
74,0.693918196766
75,0.759856890925
76,0.691032531191
77,0.508562535226
78,0.81869560734
79,0.870543635646
80,0.582086300361
81,0.415038828729
82,0.358947067234
83,0.624367374837
84,0.675860574199
85,0.55354548085
86,0.38740432842
87,0.601272884518
88,0.472703514835
89,0.440972814348
90,0.777456308677
91,0.873635972095
92,0.756645484214
93,0.707675932204
94,0.663659284745
95,0.802250751673
96,0.71015283731
97,0.579628575636
98,0.539429516683
99,0.639946408452
100,0.615563487354
101,0.433910598317
102,0.478125974093
103,0.651392454847
104,0.536381555402
105,0.400415429414
106,0.479411864051
107,0.414987814493
