site,dnds
1,0.792352657777
2,0.657473013972
3,0.810022573784
4,0.880110974052
5,0.858606547017
6,0.545820767357
7,0.838017252668
8,0.739691747673
9,0.516604293447
10,0.608034452829
11,0.797158305237
12,0.248030558931
13,0.533328984881
14,0.635720159917
15,0.670210802043
16,0.130021293147
17,0.45319769387
18,0.627100825736
19,0.496482776985
20,0.410630765415
21,0.784170585316
22,0.858466458525
23,0.870805648947
24,0.843744981386
25,0.453376824741
26,0.804341559615
27,0.46228981411
28,0.81023053022
29,0.713311012136
30,0.850336123838
31,0.92781605927
32,0.87874937465
33,0.78464709688
34,0.732097341662
35,0.54293687599
36,0.747277916552
37,0.382631091429
38,0.765095645726
39,0.178783982014
40,0.612630987279
41,0.181011728512
42,0.763999852903
43,0.28798238007
44,0.514857674399
45,0.624373289882
46,0.748091820196
47,0.765232101042
48,0.433981081619
49,0.569521722714
50,0.130441842797
51,0.440123764092
52,0.679469321071
53,0.556714806975
54,0.51415033448
55,0.615963294714
56,0.741955210124
57,0.638085838431
58,0.62284267494
59,0.782217166566
60,0.759448507947
61,0.471458810172
62,0.682986457256
63,0.470775980409
64,0.804055263417
65,0.669865913344
66,0.815830933401
67,0.665579835522
68,0.865211362531
69,0.81364427601
70,0.872929630151
71,0.439912527585
72,0.622515058543
73,0.765862656449
74,0.491230552811
75,0.702607931337
76,0.60940531242
77,0.76529522168
78,0.616450922446
79,0.582579277552
80,0.871571757977
81,0.94515947721
