site,dnds
1,0.768891833679
2,0.592875558061
3,0.764116754673
4,0.846083723157
5,0.828588421779
6,0.465739754876
7,0.797345758141
8,0.686685297054
9,0.36164098882
10,0.528684496619
11,0.746247735267
12,0.15966161441
13,0.465873583092
14,0.567647152832
15,0.597961619121
16,0.0581857580308
17,0.383814323603
18,0.529473550514
19,0.40994993385
20,0.338753220034
21,0.740959439655
22,0.816589624652
23,0.784748561472
24,0.808424493207
25,0.368805393559
26,0.766132065715
27,0.357747403611
28,0.740780961255
29,0.650959039733
30,0.806332645152
31,0.910701324106
32,0.829101156313
33,0.751281826984
34,0.667262227029
35,0.464809123199
36,0.683153459889
37,0.302085731093
38,0.725613419167
39,0.110812930741
40,0.523917532562
41,0.132452056054
42,0.717734533465
43,0.234617472131
44,0.418719956383
45,0.567571308223
46,0.708294517452
47,0.681408922759
48,0.380486380856
49,0.504983259418
50,0.0589612027297
51,0.342944842541
52,0.611716600927
53,0.475753476324
54,0.407948060241
55,0.561008193962
56,0.677509134925
57,0.571260725284
58,0.53312308306
59,0.712194969647
60,0.704549711961
61,0.367948638569
62,0.605576189124
63,0.407979881785
64,0.771953671635
65,0.582568951753
66,0.759831487815
67,0.615757908161
68,0.833528626514
69,0.776198824909
70,0.839205492371
71,0.385130640463
72,0.554104334194
73,0.733934690624
74,0.394199436224
75,0.626468904383
76,0.525714382126
77,0.712073719536
78,0.554888528263
79,0.5383547079
80,0.841884123768
81,0.89105244239
