site,dnds
1,0.495265716238
2,0.540697652857
3,0.331152086685
4,0.466158045673
5,0.685933041869
6,0.697124812171
7,0.738359290793
8,0.643190627443
9,0.751625380695
10,0.597178532299
11,0.69562051408
12,0.805145178451
13,0.643010554121
14,0.590489964297
15,0.458837856757
16,0.604305557719
17,0.33320743258
18,0.356864397295
19,0.509484777894
20,0.622005186458
21,0.719399919042
22,0.478254849043
23,0.621190195557
24,0.527947506043
25,0.665899532797
26,0.379414407082
27,0.523409108636
28,0.535865919736
29,0.75982981959
30,0.813672485494
31,0.597997705322
32,0.516242345295
33,0.628276747315
34,0.61373432105
35,0.695123098154
36,0.36319960405
37,0.487333339706
38,0.342049365074
39,0.513638376184
40,0.573867122547
41,0.585373884298
42,0.501996799038
43,0.613515157272
44,0.700125565935
45,0.509832867774
46,0.488514778525
47,0.608049395126
48,0.682687951794
49,0.513228935802
50,0.61759856087
51,0.719488963242
52,0.54594811016
53,0.540949805932
54,0.751335706323
55,0.374982733868
56,0.634005044216
57,0.592865775459
58,0.697416895919
59,0.589771966842
60,0.567860704073
61,0.654466315583
62,0.488468745298
63,0.400648593731
64,0.759511375455
65,0.780324716307
66,0.405588997085
67,0.495803381545
68,0.479096294963
69,0.412913208659
70,0.601933211398
71,0.5944303969
72,0.580720861312
73,0.59914103861
74,0.764828092935
75,0.816003531727
76,0.765916520426
77,0.610498636753
78,0.86800735153
79,0.900770394721
80,0.656701911649
81,0.578254509947
82,0.497824316425
83,0.751567923425
84,0.757446672751
85,0.651618324252
86,0.533881264583
87,0.722307931702
88,0.590068121919
89,0.593264229836
90,0.826477758012
91,0.910577199971
92,0.816767838853
93,0.786913582962
94,0.746522809521
95,0.86822695234
96,0.784568681678
97,0.705675400736
98,0.649300329003
99,0.76852755311
100,0.704759173534
101,0.599596539113
102,0.601321806899
103,0.726492594276
104,0.628156243926
105,0.576623616659
106,0.596726186176
107,0.554215776956
