site,dnds
1,0.284567849382
2,0.382732787072
3,0.0491496750551
4,0.274002816764
5,0.527947957015
6,0.566621569916
7,0.55508257091
8,0.514234915187
9,0.644098210782
10,0.435521995414
11,0.600103980759
12,0.731425503663
13,0.506113502331
14,0.449823999813
15,0.218166188027
16,0.470625768395
17,0.089310213318
18,0.0990088944896
19,0.38119545527
20,0.467262472263
21,0.61092964966
22,0.31329932459
23,0.484650031679
24,0.322314641844
25,0.544684887933
26,0.112684920178
27,0.354863725214
28,0.392988668913
29,0.676844573258
30,0.716285885946
31,0.456408319332
32,0.290807881465
33,0.413788975085
34,0.493320810829
35,0.546476151665
36,0.0484318718616
37,0.0821275578218
38,0.0852892293489
39,0.397600627981
40,0.409946835339
41,0.437236150548
42,0.375211077598
43,0.460322150364
44,0.620005374892
45,0.138958903316
46,0.271862583932
47,0.470426055788
48,0.549363519962
49,0.371793982489
50,0.473151051314
51,0.580183429772
52,0.438772776764
53,0.335954899678
54,0.662642453225
55,0.270671938288
56,0.502235713482
57,0.434355519035
58,0.574496636733
59,0.427925186871
60,0.447785453713
61,0.537539290648
62,0.267049786013
63,0.0764383629171
64,0.682603851978
65,0.720403238198
66,0.213919991691
67,0.31842054399
68,0.262213941883
69,0.244364325823
70,0.412986806998
71,0.460108508651
72,0.389352585011
73,0.423663404392
74,0.683664490988
75,0.752182763234
76,0.679355966246
77,0.473953818877
78,0.81187122733
79,0.864114289945
80,0.571474518783
81,0.3851633666
82,0.326866047323
83,0.556764177503
84,0.661846500141
85,0.540036356829
86,0.364287429105
87,0.584802162248
88,0.450995063988
89,0.410689213944
90,0.767792961389
91,0.866154282319
92,0.744330482413
93,0.693839107245
94,0.652229307224
95,0.792101063008
96,0.698492296283
97,0.555727580792
98,0.522863576775
99,0.617335895333
100,0.602539914828
101,0.335546835397
102,0.460815070886
103,0.635388498109
104,0.524664781578
105,0.381147194766
106,0.462093913824
107,0.3923780764
