site,dnds
1,0.791615572399
2,0.671907404347
3,0.824910037235
4,0.876045003093
5,0.856860901543
6,0.53490051894
7,0.827880529619
8,0.735645051953
9,0.4979004778
10,0.600012443509
11,0.791106768029
12,0.287810989027
13,0.535137025687
14,0.629189548562
15,0.665736942981
16,0.204661023513
17,0.466502828114
18,0.64687152536
19,0.508526937885
20,0.405445611025
21,0.779503349287
22,0.853804518263
23,0.8672824828
24,0.846998706335
25,0.46081513575
26,0.799458018511
27,0.471555169249
28,0.805094293603
29,0.696820514935
30,0.838226486863
31,0.927949886241
32,0.873383412235
33,0.775823587479
34,0.738147413181
35,0.539280920395
36,0.748280822033
37,0.405808378493
38,0.761059068089
39,0.2448629174
40,0.626105967676
41,0.27545938433
42,0.769841651027
43,0.369264787477
44,0.519331071946
45,0.630008029872
46,0.750221987548
47,0.765331055173
48,0.454268510089
49,0.5646759249
50,0.270197563971
51,0.45512605623
52,0.68245022996
53,0.557687247493
54,0.509163519752
55,0.610401949008
56,0.731969834398
57,0.62128776077
58,0.606152429479
59,0.768291448081
60,0.75442035303
61,0.506761476373
62,0.688009067282
63,0.486012913661
64,0.799314228671
65,0.652892769414
66,0.802763661364
67,0.672381201688
68,0.862722046771
69,0.81006487008
70,0.878178189504
71,0.468173348954
72,0.616773226039
73,0.762253595569
74,0.47879031763
75,0.709671445332
76,0.587195441002
77,0.75624689554
78,0.607940380104
79,0.597810801984
80,0.870726437489
81,0.944048468403
