site,dnds
1,0.281582659703
2,0.380928503705
3,0.041626331732
4,0.270439525378
5,0.52495228988
6,0.563674672771
7,0.552086863721
8,0.512383580558
9,0.641636324721
10,0.432193645353
11,0.597969284073
12,0.730172469092
13,0.503282755905
14,0.446857888452
15,0.209910698953
16,0.468465433932
17,0.0867526410448
18,0.0941396482146
19,0.379610948258
20,0.464320982405
21,0.60870246629
22,0.310000406088
23,0.479921900014
24,0.316583764228
25,0.54298104431
26,0.10132402364
27,0.351006892381
28,0.390792058214
29,0.675601110048
30,0.714782902886
31,0.451740394997
32,0.280521984683
33,0.406626434866
34,0.491755145637
35,0.530890567875
36,0.0103002611737
37,0.0371638961952
38,0.0806315028795
39,0.395537852089
40,0.407131937398
41,0.433699201511
42,0.372158619981
43,0.456940854853
44,0.618651671634
45,0.117303259991
46,0.269069775794
47,0.467395325778
48,0.542535325337
49,0.369240231554
50,0.469896720671
51,0.574398867657
52,0.437146329228
53,0.326834610548
54,0.661344992398
55,0.269845320746
56,0.499970445073
57,0.430997596788
58,0.571321845723
59,0.419514185233
60,0.445696143679
61,0.535417088883
62,0.261174844643
63,0.0577416488433
64,0.680644659674
65,0.719548734099
66,0.205839241657
67,0.315672301046
68,0.257581367448
69,0.242222182842
70,0.409191992442
71,0.458248391718
72,0.38621784962
73,0.419945456721
74,0.682312261738
75,0.751107801564
76,0.677916008734
77,0.470937293051
78,0.811072596206
79,0.862885022094
80,0.570075352571
81,0.380773350219
82,0.283974243842
83,0.542161469203
84,0.65957651889
85,0.538002882512
86,0.360810039862
87,0.582297934877
88,0.44563956125
89,0.406835439192
90,0.76619118245
91,0.86509113643
92,0.74197090194
93,0.691514758504
94,0.650678938777
95,0.790803899621
96,0.69690311355
97,0.552503254019
98,0.520132867301
99,0.614441815812
100,0.600933023144
101,0.312132472963
102,0.458561999992
103,0.631668863661
104,0.523046803328
105,0.378603655455
106,0.459161460495
107,0.38817436256
