site,dnds
1,0.285051095996
2,0.384386842944
3,0.0444366926461
4,0.273216393844
5,0.529297396294
6,0.566553574823
7,0.554305810693
8,0.51410656805
9,0.647924565565
10,0.43616508866
11,0.603844531583
12,0.732240321631
13,0.506036146313
14,0.451872992741
15,0.218883597951
16,0.471571770037
17,0.0893903752032
18,0.0973762873922
19,0.38307328996
20,0.469656806712
21,0.613563994664
22,0.314485290742
23,0.485140860372
24,0.324631040694
25,0.545599916526
26,0.112144125044
27,0.356768658479
28,0.393072168943
29,0.677307838868
30,0.717224269264
31,0.459227394532
32,0.29614256106
33,0.414054259042
34,0.494514791351
35,0.549842509568
36,0.0134282580199
37,0.039501617917
38,0.0837363996115
39,0.399469531609
40,0.411772004741
41,0.43804252438
42,0.376566116364
43,0.46477982872
44,0.622135099269
45,0.128555915229
46,0.274119645603
47,0.473910742232
48,0.551766914665
49,0.373163593746
50,0.474732982704
51,0.58142555509
52,0.440034971156
53,0.335008081478
54,0.662286445037
55,0.270671565756
56,0.504287792711
57,0.435529986002
58,0.578342133683
59,0.430186573171
60,0.449041871223
61,0.539215684622
62,0.270008649982
63,0.0610261520448
64,0.684387219035
65,0.721095825029
66,0.213319787713
67,0.318607413487
68,0.262957013612
69,0.244486557009
70,0.412686457995
71,0.461613907352
72,0.388821313967
73,0.425534147861
74,0.685504322377
75,0.752886467858
76,0.679161937302
77,0.473496029336
78,0.811741504506
79,0.86562841241
80,0.572029643261
81,0.386548249623
82,0.329968062064
83,0.549657847192
84,0.663923790043
85,0.542332247472
86,0.366744108577
87,0.587014282053
88,0.455352802299
89,0.410807666972
90,0.769789959759
91,0.866678105445
92,0.746934567656
93,0.696089793633
94,0.653848713632
95,0.792658810906
96,0.699540642282
97,0.556485809921
98,0.524971326663
99,0.617396131152
100,0.60339668117
101,0.326265348731
102,0.462387686774
103,0.640321739586
104,0.526660772079
105,0.381982771763
106,0.465231326387
107,0.396844467554
