site,dnds
1,0.281858284607
2,0.380989291608
3,0.0417189737377
4,0.270468304029
5,0.525051080491
6,0.563751205988
7,0.552119127334
8,0.512469631228
9,0.641823838528
10,0.432315945992
11,0.598144888515
12,0.730255196773
13,0.503272918622
14,0.447013629391
15,0.21003779441
16,0.468545033283
17,0.0868035667944
18,0.0941970153947
19,0.379661167396
20,0.464441635494
21,0.608874604801
22,0.310143959446
23,0.480024933717
24,0.316810144995
25,0.543030784024
26,0.101486829345
27,0.351236701708
28,0.390938225246
29,0.675629706018
30,0.714874034556
31,0.452097137151
32,0.281320716122
33,0.406838474265
34,0.491773595012
35,0.531207181807
36,0.0103665672682
37,0.0372131892498
38,0.0809711177296
39,0.395545427866
40,0.407257207865
41,0.433796846462
42,0.37285035663
43,0.457132926049
44,0.618714444304
45,0.117485782738
46,0.26918989119
47,0.467544759967
48,0.54268030754
49,0.369602773018
50,0.470036547605
51,0.574535322939
52,0.437141988042
53,0.326909210263
54,0.66137471651
55,0.270343254742
56,0.500071846145
57,0.431113730794
58,0.571485214681
59,0.424670203882
60,0.44596391248
61,0.535498265942
62,0.261752753613
63,0.0578036730072
64,0.680732639695
65,0.719525375993
66,0.205994630308
67,0.315690773531
68,0.257683573301
69,0.242267016151
70,0.409237303737
71,0.458277404602
72,0.386256810677
73,0.420058290956
74,0.682391977748
75,0.751210415213
76,0.677928783732
77,0.470958649966
78,0.811062221769
79,0.862971527232
80,0.57013804725
81,0.380979874447
82,0.31983237883
83,0.542237132426
84,0.659723503746
85,0.538139081898
86,0.360996265239
87,0.582454436089
88,0.445937083991
89,0.406955126108
90,0.766285786491
91,0.865124924716
92,0.74210501515
93,0.691691561928
94,0.650762951205
95,0.790846369986
96,0.696952202496
97,0.552582682341
98,0.520305965965
99,0.61446378076
100,0.600896290475
101,0.312416731223
102,0.45866862512
103,0.631942865042
104,0.523123255577
105,0.378668554567
106,0.459378709248
107,0.388402187364
