site,dnds
1,0.138161512237
2,0.584955264208
3,0.469338066218
4,0.533309258904
5,0.593605400167
6,0.30416857632
7,0.489103941634
8,0.275517551809
9,0.547673430079
10,0.480683631925
11,0.0094954169309
12,0.598443203617
13,0.506591887498
14,0.558050229187
15,0.423331737459
16,0.0918216073933
17,0.364178261205
18,0.772807867191
19,0.4367692652
20,0.658814238702
21,0.666036997301
22,0.774441640723
23,0.670069194339
24,0.553309001247
25,0.347887955416
26,0.491259261721
27,0.64715788965
28,0.528007365911
29,0.646199563798
30,0.609916915638
31,0.560496586908
32,0.673871312961
33,0.731604192732
34,0.640139044606
35,0.708471954763
36,0.498541619032
37,0.48110202492
38,0.558738338722
39,0.674199546811
40,0.436030549517
41,0.217707858077
42,0.697813277462
43,0.643311439525
44,0.48941290977
45,0.6970592977
46,0.551553938547
47,0.70911328598
48,0.70268632384
49,0.547867371887
50,0.726728199188
51,0.457813908416
52,0.100977561617
53,0.0307540867776
54,0.376751625432
55,0.605724164364
56,0.615394090325
