site,dnds
1,0.144176147992
2,0.58657684534
3,0.471742864368
4,0.539914381079
5,0.595145092874
6,0.311674190331
7,0.49238627297
8,0.301263821718
9,0.550385162678
10,0.485549834598
11,0.0210618225535
12,0.600473411131
13,0.509417660697
14,0.561266587838
15,0.429435522207
16,0.101453182644
17,0.369281744192
18,0.774125762111
19,0.444909621189
20,0.660504960769
21,0.667911840239
22,0.775571617737
23,0.672015535305
24,0.555502310159
25,0.354260886978
26,0.494983355706
27,0.649392806813
28,0.530263061694
29,0.649371726874
30,0.612468687936
31,0.561423990455
32,0.675448270406
33,0.733095013417
34,0.641994499022
35,0.710085282374
36,0.500377910302
37,0.484179190083
38,0.560474926864
39,0.675738422304
40,0.43934769768
41,0.222179273066
42,0.699137063701
43,0.644656341058
44,0.492242876192
45,0.699052015799
46,0.553601047454
47,0.7115590307
48,0.705027486194
49,0.550825930117
50,0.728933116295
51,0.460381526742
52,0.108133155898
53,0.0468592122324
54,0.379748009687
55,0.608611133679
56,0.618108477628
