site,dnds
1,0.202552751853
2,0.580727899373
3,0.475646917284
4,0.553779267993
5,0.623940234379
6,0.483116293445
7,0.511725830405
8,0.48863324386
9,0.657684591704
10,0.649879111012
11,0.202194356565
12,0.682722054027
13,0.679067965709
14,0.680031740603
15,0.590737894878
16,0.349658355783
17,0.432889583721
18,0.682722054027
19,0.48863324386
20,0.657684591704
21,0.743137170163
22,0.753803865371
23,0.679237557633
24,0.682722054027
25,0.489362721761
26,0.637483297143
27,0.637483297143
28,0.66569326934
29,0.657684591704
30,0.652686730698
31,0.53158651561
32,0.753191232762
33,0.817805342331
34,0.587434051317
35,0.808118953006
36,0.587434051317
37,0.495743559717
38,0.659919679377
39,0.661502894315
40,0.553779267993
41,0.279909720346
42,0.659919679377
43,0.676140182765
44,0.587591682193
45,0.680031740603
46,0.483116293445
47,0.771530183861
48,0.649879111012
49,0.671536547361
50,0.680031740603
51,0.511725830405
52,0.202194356565
53,0.432889583721
54,0.475646917284
55,0.685600262563
56,0.679237557633
