site,dnds
1,0.138034184794
2,0.584851107363
3,0.469256187355
4,0.533076517915
5,0.593500143924
6,0.304068665306
7,0.488980472641
8,0.274880708227
9,0.547619120002
10,0.480553624067
11,0.00934409499069
12,0.598412022431
13,0.506385366274
14,0.557816471376
15,0.423253031203
16,0.0908631145592
17,0.364103180845
18,0.772791865002
19,0.436457792869
20,0.658734687505
21,0.663249719626
22,0.774428274782
23,0.669983853286
24,0.553170797003
25,0.347373042638
26,0.491135974177
27,0.647048475054
28,0.527815373487
29,0.64617048822
30,0.609869051937
31,0.560481982467
32,0.673810590557
33,0.731577026425
34,0.640111899092
35,0.708446738335
36,0.498456166442
37,0.480981469525
38,0.558653493553
39,0.674179126927
40,0.435717820177
41,0.217650757196
42,0.697673002862
43,0.643293267992
44,0.489245506538
45,0.696849500439
46,0.551475437125
47,0.709034171516
48,0.702549327141
49,0.547637458523
50,0.726638575639
51,0.457690867485
52,0.100227337528
53,0.0307055393486
54,0.376600408987
55,0.605190146528
56,0.61529099749
