site,dnds
1,0.287219011202
2,0.680566143041
3,0.569275270624
4,0.726591305741
5,0.679769522947
6,0.500927358337
7,0.616508696856
8,0.504099356226
9,0.672103942226
10,0.649739495356
11,0.14577193165
12,0.713905906701
13,0.621731406743
14,0.684047911711
15,0.614800905701
16,0.353469422834
17,0.522591484886
18,0.849899075808
19,0.611561139172
20,0.751099317491
21,0.760375398126
22,0.838164925071
23,0.768272339586
24,0.66676299302
25,0.535569110938
26,0.660772272079
27,0.756794347364
28,0.647327285061
29,0.762737522866
30,0.721038976742
31,0.639111390039
32,0.770597916309
33,0.819354395299
34,0.742589948959
35,0.806164940376
36,0.62127568151
37,0.599945653866
38,0.674607981902
39,0.767873458228
40,0.593135712391
41,0.368398772482
42,0.789244545093
43,0.73238842478
44,0.639128948582
45,0.794228402261
46,0.659713136341
47,0.811742832998
48,0.815467864865
49,0.707585154904
50,0.82521052813
51,0.589360502957
52,0.265619087945
53,0.509318978026
54,0.499626765594
55,0.71450609046
56,0.740723086392
