site,dnds
1,0.436918278412
2,0.686981339507
3,0.620886777365
4,0.719908946509
5,0.687103316832
6,0.582498453346
7,0.640626371129
8,0.54082903704
9,0.694519091096
10,0.641372433638
11,0.449200248286
12,0.718559466442
13,0.644890080356
14,0.704893970083
15,0.681989624322
16,0.468855060344
17,0.562432645786
18,0.852362880081
19,0.625879845907
20,0.752737419389
21,0.75161951327
22,0.845539353697
23,0.769694188556
24,0.671084160751
25,0.565309941153
26,0.677463735915
27,0.750535447204
28,0.656548509588
29,0.797234857837
30,0.749754848913
31,0.637988992287
32,0.771270658372
33,0.817163013888
34,0.761424566067
35,0.820306924105
36,0.623648918711
37,0.654370057089
38,0.66662763131
39,0.779553340291
40,0.586475530388
41,0.497196105848
42,0.775015027563
43,0.726033807191
44,0.625361042494
45,0.791295379561
46,0.66459986836
47,0.810465411566
48,0.813683044115
49,0.683429951608
50,0.830664396251
51,0.602203835791
52,0.438784842072
53,0.536232999502
54,0.54058373349
55,0.71410803989
56,0.744998427341
