site,dnds
1,0.188602996309
2,0.598890492369
3,0.490696504261
4,0.580672444907
5,0.606390853212
6,0.358404738263
7,0.514036796072
8,0.371637272506
9,0.572146179116
10,0.51761550073
11,0.15736782366
12,0.617052803093
13,0.527895290707
14,0.581735644757
15,0.475852642857
16,0.174620897429
17,0.40137859443
18,0.784886797135
19,0.481387133435
20,0.672811638273
21,0.679597389626
22,0.785003426008
23,0.685965460301
24,0.570469892366
25,0.390662395875
26,0.522203234191
27,0.664144240839
28,0.546634746202
29,0.674657565113
30,0.632987280767
31,0.569585066191
32,0.688056499083
33,0.745074888278
34,0.657163799298
35,0.723841872481
36,0.514776038389
37,0.507247635648
38,0.573879959502
39,0.689263622301
40,0.460119025646
41,0.260513226397
42,0.709336229898
43,0.654688538998
44,0.512227006936
45,0.711836840715
46,0.568724223596
47,0.728359104069
48,0.721734550804
49,0.569090546521
50,0.744261718836
51,0.479657558133
52,0.15843679134
53,0.336193490928
54,0.40163280142
55,0.62476666651
56,0.638770855656
