site,dnds
1,0.142156787288
2,0.588308078593
3,0.471207404165
4,0.544117955779
5,0.596538565796
6,0.310658027976
7,0.493987485069
8,0.302464360186
9,0.550637794907
10,0.486878949922
11,0.0134203736477
12,0.60034172671
13,0.510995948219
14,0.563302468406
15,0.427809784559
16,0.0970161627522
17,0.369178694772
18,0.774588038599
19,0.450538510364
20,0.661429706407
21,0.669912720339
22,0.775410260025
23,0.673422016103
24,0.55724864035
25,0.3583670695
26,0.496962552525
27,0.651690576529
28,0.53193939387
29,0.648133426593
30,0.612324814863
31,0.561719566058
32,0.676439313027
33,0.733471257977
34,0.642640449533
35,0.710245375778
36,0.501490861242
37,0.484277410241
38,0.562506366106
39,0.676078402281
40,0.442155969187
41,0.221133912095
42,0.700592061141
43,0.646384866621
44,0.496273717511
45,0.701490939331
46,0.554551640555
47,0.712907153399
48,0.707346941195
49,0.554930982535
50,0.73040318657
51,0.461858180652
52,0.111448577194
53,0.0363391771575
54,0.381022358038
55,0.611663595689
56,0.619963472468
