site,dnds
1,0.705655544597
2,0.76538408892
3,0.790082803658
4,0.684776959869
5,0.831224848233
6,0.549387005035
7,0.456530466462
8,0.679141625723
9,0.792235442699
10,0.732917994912
11,0.520034565933
12,0.934301052717
13,0.315442943905
14,0.512390176774
15,0.739463513013
16,0.658528452033
17,0.828518020589
18,0.932675926088
19,0.890044434342
20,0.924946322464
21,0.905432310319
22,0.881729205119
23,0.880424176325
24,0.829026468594
25,0.789847115362
26,0.800838920556
27,0.816360887091
28,0.827528944982
29,0.719533851852
30,0.834278113322
31,0.814344729021
32,0.810403081758
33,0.70328714904
34,0.800541555851
35,0.882054099272
36,0.786326892383
37,0.838131978735
38,0.853928436392
39,0.925953134158
40,0.660862250271
41,0.855573584605
42,0.686380716722
43,0.584983594859
44,0.362283895323
45,0.521718455415
46,0.554103334178
47,0.544328552731
48,0.71779351553
49,0.797017653008
50,0.86378354585
51,0.762140040895
52,0.87483472948
53,0.865586729558
54,0.891003473275
55,0.810465507501
56,0.842919862057
57,0.854652661327
58,0.844065467004
59,0.825171513242
60,0.855556502985
61,0.883110129844
62,0.855165561332
63,0.866569978143
64,0.803391662371
65,0.778110831451
66,0.886263455526
67,0.745565490775
68,0.749674802874
69,0.636420894974
70,0.675054793099
71,0.641476599953
72,0.83661856094
73,0.880683033276
74,0.852749316107
75,0.634018819177
76,0.809394238858
77,0.85834397032
78,0.637875618737
79,0.762720154047
80,0.815353058135
81,0.60569536818
82,0.752400845477
83,0.81703314375
84,0.633189062356
85,0.802283373887
86,0.659713318197
87,0.541198709984
88,0.647857588228
89,0.592004307877
90,0.668000514448
91,0.816761695233
92,0.781667153865
93,0.70763325257
94,0.705209170768
95,0.792078463875
96,0.734166653108
97,0.875691814594
98,0.829304734517
99,0.715544515179
100,0.860847456148
101,0.857832962032
102,0.79168795241
103,0.787805550161
104,0.852211706574
105,0.729078474663
106,0.723975846298
107,0.740735285086
108,0.738466329296
109,0.669035128226
110,0.785559866863
111,0.806418961946
112,0.565708261039
113,0.82602458188
114,0.758975409481
115,0.81015683032
116,0.77005393958
117,0.758012043591
118,0.772970186626
119,0.788656154123
120,0.742430993538
121,0.753320905256
122,0.689384369686
123,0.684805605569
124,0.719262542086
125,0.696947155878
126,0.628867633591
127,0.726046040508
128,0.720377548238
129,0.807975244372
130,0.869685420113
131,0.848841805891
132,0.742245422372
133,0.76442413989
134,0.773813608413
135,0.725933962487
136,0.708905562076
