site,dnds
1,0.725365021995
2,0.767029319456
3,0.798089169305
4,0.686312003203
5,0.833874732948
6,0.513884805829
7,0.17772439164
8,0.632486907529
9,0.800676963957
10,0.735240387205
11,0.0852805983467
12,0.935786652997
13,0.314238683545
14,0.101072674961
15,0.747680904847
16,0.651970129517
17,0.82915972432
18,0.932910285223
19,0.891007556296
20,0.926434970496
21,0.903056377618
22,0.883825031868
23,0.879606886518
24,0.826020374159
25,0.780862737066
26,0.800912007103
27,0.811815570451
28,0.83881591737
29,0.721795338197
30,0.84028739416
31,0.818711205806
32,0.817490139992
33,0.691966402187
34,0.794747518293
35,0.890849878363
36,0.777878062962
37,0.836253088815
38,0.853719183883
39,0.926749225952
40,0.664892344899
41,0.863527084992
42,0.70312050132
43,0.584677250545
44,0.31608787796
45,0.484072680204
46,0.535436803346
47,0.493503654422
48,0.720583403643
49,0.797720672523
50,0.863153233278
51,0.749729321229
52,0.877638368233
53,0.873285531747
54,0.893693927038
55,0.813515853804
56,0.847321360014
57,0.854336176667
58,0.842712139866
59,0.827172364958
60,0.859925671669
61,0.881586506089
62,0.858747228437
63,0.86831984921
64,0.80487840058
65,0.778570073074
66,0.890011994021
67,0.756594629045
68,0.736404336008
69,0.615871802449
70,0.642807115023
71,0.639026551644
72,0.84279776552
73,0.879515360362
74,0.857017388935
75,0.644464481695
76,0.811937336349
77,0.86061564218
78,0.645580391158
79,0.754154986033
80,0.819041452982
81,0.541572405429
82,0.735536005559
83,0.822725571611
84,0.649373627632
85,0.806363183376
86,0.671058134067
87,0.542467688681
88,0.656747002323
89,0.602114066766
90,0.671595711482
91,0.823646298968
92,0.776416360227
93,0.677851241881
94,0.707469309707
95,0.788022821336
96,0.733158979921
97,0.88148390486
98,0.819612391875
99,0.70249700496
100,0.853786560321
101,0.855826414696
102,0.717264650983
103,0.786062155337
104,0.852738611368
105,0.738623506086
106,0.736816637498
107,0.719782954272
108,0.741345748488
109,0.68493031298
110,0.780927265847
111,0.81435658436
112,0.53847216674
113,0.813598282444
114,0.76429948494
115,0.81307846243
116,0.78017593087
117,0.745990702953
118,0.773046549572
119,0.799167377308
120,0.739543743328
121,0.744884611321
122,0.701435679749
123,0.684992996541
124,0.725542379638
125,0.693893362526
126,0.582306693627
127,0.717534916573
128,0.706075833812
129,0.811031846159
130,0.862915382017
131,0.848409278274
132,0.754857554105
133,0.76872850783
134,0.778201998363
135,0.72664347935
136,0.716037651729
