site,dnds
1,0.637003371282
2,0.731149183273
3,0.761200628452
4,0.653581040723
5,0.794846916892
6,0.469738232111
7,0.126345640149
8,0.571791272576
9,0.750029184581
10,0.698684059059
11,0.00331648285812
12,0.920106997752
13,0.157262613391
14,0.0124650060069
15,0.710306560374
16,0.584552639717
17,0.795332799101
18,0.92201119634
19,0.877084595602
20,0.915513972838
21,0.892377296699
22,0.867827303934
23,0.832622803904
24,0.801187326927
25,0.732868891687
26,0.770683609392
27,0.772070819089
28,0.784523058791
29,0.668296766986
30,0.807426696552
31,0.774316991851
32,0.774029421138
33,0.635729772288
34,0.762083580091
35,0.863658454435
36,0.755759642058
37,0.811112247888
38,0.820644913947
39,0.912952420606
40,0.607980170831
41,0.826792806019
42,0.602642816896
43,0.520500861914
44,0.242883500758
45,0.437096987479
46,0.479412379386
47,0.441477933996
48,0.678576803191
49,0.75547586183
50,0.845189249413
51,0.698844735794
52,0.854373364105
53,0.841781596695
54,0.859373843345
55,0.786935264977
56,0.825502676312
57,0.835116525102
58,0.814464334636
59,0.805595589281
60,0.827535947644
61,0.862152193137
62,0.831493331704
63,0.844362380868
64,0.777211475793
65,0.698156539532
66,0.870341810301
67,0.702794070199
68,0.661354999751
69,0.562471964045
70,0.591791799598
71,0.557688498091
72,0.816853665852
73,0.865351566704
74,0.819038339944
75,0.593061377848
76,0.783584550644
77,0.83869120041
78,0.582845938743
79,0.729462805528
80,0.771228347439
81,0.491970258895
82,0.69691224272
83,0.772727236098
84,0.576950011073
85,0.774133528819
86,0.614973305339
87,0.491489754593
88,0.60180806666
89,0.542925345022
90,0.633620135382
91,0.789409844387
92,0.742423201102
93,0.627807145167
94,0.658169487892
95,0.75877989107
96,0.672636047361
97,0.860046654385
98,0.779122497621
99,0.65106701941
100,0.828106954041
101,0.833335968688
102,0.412755260802
103,0.738051108741
104,0.831502049355
105,0.690263226756
106,0.675477343463
107,0.691383992761
108,0.673952464647
109,0.621945241856
110,0.732543138644
111,0.780473719826
112,0.470494976743
113,0.775724840364
114,0.681106930136
115,0.785189913653
116,0.725537445524
117,0.7004818502
118,0.722834211306
119,0.749164775617
120,0.693865193325
121,0.703917673798
122,0.637579104395
123,0.641249114408
124,0.670178895647
125,0.649991377278
126,0.490114697984
127,0.684031720895
128,0.650178894463
129,0.782742338571
130,0.826320791229
131,0.807497759505
132,0.701922894736
133,0.732501101519
134,0.72968068035
135,0.673269894107
136,0.669258256819
