site,dnds
1,0.636947811426
2,0.731127582844
3,0.761133139756
4,0.653566313307
5,0.794925156044
6,0.469737025479
7,0.126237421245
8,0.571886963957
9,0.749930925015
10,0.698754900899
11,0.00328803304193
12,0.920135836698
13,0.157153923117
14,0.0124253870424
15,0.710294366547
16,0.58451747909
17,0.795395254253
18,0.922036606705
19,0.877116592386
20,0.915554986017
21,0.892400858078
22,0.867860315
23,0.832584685305
24,0.801176501132
25,0.732948065085
26,0.770692691108
27,0.772055667439
28,0.784457835384
29,0.668248886934
30,0.807426590156
31,0.774329335296
32,0.774038098843
33,0.635617929163
34,0.762112299403
35,0.863697393421
36,0.755733902349
37,0.811066925476
38,0.82072649003
39,0.912947584518
40,0.607891755664
41,0.826725775929
42,0.602418095602
43,0.520334814077
44,0.242742227189
45,0.437073215588
46,0.479447986465
47,0.441456101129
48,0.67862162112
49,0.755359948471
50,0.845219018975
51,0.698898905705
52,0.854362114426
53,0.841801343884
54,0.859368238491
55,0.786941023416
56,0.825448872474
57,0.835089872149
58,0.814507788644
59,0.805558868438
60,0.827529588678
61,0.862179948178
62,0.831478860567
63,0.844318630433
64,0.777235547963
65,0.698055448882
66,0.870344415101
67,0.702727682232
68,0.661290271839
69,0.562402251627
70,0.591725729511
71,0.557562147673
72,0.816817184637
73,0.865363456459
74,0.819017387148
75,0.59293857034
76,0.78361744106
77,0.838723634677
78,0.58274275649
79,0.729476238554
80,0.771216420193
81,0.491987130953
82,0.696907918093
83,0.772710443909
84,0.576884234057
85,0.774159301043
86,0.614904195514
87,0.491454418157
88,0.601707440762
89,0.542984164681
90,0.633614853501
91,0.789260986013
92,0.742423156666
93,0.62798895405
94,0.658094710962
95,0.758828789458
96,0.672697682318
97,0.860043090238
98,0.779033201242
99,0.651122663844
100,0.828135177813
101,0.833363321869
102,0.412610588928
103,0.738094856375
104,0.831546263056
105,0.690201432464
106,0.675441675553
107,0.669605931753
108,0.673920589085
109,0.621817228677
110,0.73251138036
111,0.780497781645
112,0.470154939168
113,0.775772908736
114,0.681007083715
115,0.785227224718
116,0.725445347385
117,0.700596675182
118,0.722816557565
119,0.749124779889
120,0.693898501519
121,0.703833241706
122,0.637432070004
123,0.641057435308
124,0.670119046444
125,0.649967388806
126,0.490145358012
127,0.68402338333
128,0.650190344959
129,0.782797387281
130,0.826366150795
131,0.807543118783
132,0.701793414742
133,0.73244661665
134,0.729737173598
135,0.673210046351
136,0.669161132707
