site,dnds
1,0.679138283508
2,0.62724451327
3,0.809070970403
4,0.851206182808
5,0.643881268852
6,0.745834459776
7,0.791862907955
8,0.715980463194
9,0.556373506177
10,0.735361955694
11,0.720492158275
12,0.669716766067
13,0.492106299336
14,0.762395412555
15,0.742853716881
16,0.665640171547
17,0.800735380227
18,0.837491159784
19,0.739460726084
20,0.863175002763
21,0.842903449412
22,0.79703219669
23,0.675917959205
24,0.616179457531
25,0.505892675757
26,0.578139682977
27,0.616274221454
28,0.522386627751
29,0.598676851359
30,0.589279427534
31,0.608052718048
32,0.673461684001
33,0.670428510788
34,0.555318295057
35,0.608050206581
36,0.628125191003
37,0.730357606062
38,0.810504538244
39,0.714539544574
40,0.765881354008
41,0.700410262621
42,0.576770669287
43,0.786950066894
44,0.739159889001
45,0.441241273109
46,0.48438242152
47,0.748085322447
48,0.752667961523
49,0.528941397408
50,0.555401789439
51,0.696301501297
52,0.595700226109
53,0.755484433009
54,0.614334421588
55,0.647812936246
56,0.556273197584
57,0.687008601887
58,0.68313734329
59,0.574055243575
60,0.666561655911
61,0.790378978664
62,0.779345979684
63,0.857226111329
