site,dnds
1,0.556233782095
2,0.470120942544
3,0.713319709212
4,0.79794258012
5,0.516941615995
6,0.624474575556
7,0.660505706344
8,0.610757520344
9,0.364273706541
10,0.645464467972
11,0.535291743467
12,0.51129189627
13,0.21839154696
14,0.645096125733
15,0.636831671465
16,0.495176491159
17,0.696339019088
18,0.767603136279
19,0.64117238273
20,0.798738106077
21,0.797342807953
22,0.681309556626
23,0.58890576725
24,0.365330657501
25,0.136848632159
26,0.437013163901
27,0.481785414828
28,0.154658065746
29,0.43124189661
30,0.449715926818
31,0.466830013972
32,0.519355325559
33,0.494902941296
34,0.460583343732
35,0.42119510527
36,0.449503764901
37,0.593592895914
38,0.697488603345
39,0.541476797382
40,0.676127349418
41,0.472699533457
42,0.366296789892
43,0.66257302443
44,0.578108225899
45,0.10166982566
46,0.347103386038
47,0.483554123132
48,0.575787331044
49,0.297749837449
50,0.371115184318
51,0.564677295344
52,0.459732265502
53,0.60818680562
54,0.513976608106
55,0.370129473119
56,0.400369894359
57,0.56886589979
58,0.499626472245
59,0.410100766429
60,0.473145442375
61,0.69741787374
62,0.680985384433
63,0.768851142146
