site,dnds
1,0.792129946359
2,0.778676490322
3,0.793906432367
4,0.516213919308
5,0.811867114736
6,0.566739349108
7,0.40704187357
8,0.638642413903
9,0.804213953132
10,0.754400866975
11,0.40704187357
12,0.90857560151
13,0.346459159391
14,0.40704187357
15,0.726625243175
16,0.751320853651
17,0.887691561668
18,0.90857560151
19,0.888507242339
20,0.900082861276
21,0.892133965073
22,0.90857560151
23,0.888130181492
24,0.887527470285
25,0.787147050886
26,0.805568739028
27,0.793886159401
28,0.792438011514
29,0.725762205781
30,0.874517187617
31,0.786591145119
32,0.872727686791
33,0.693809572662
34,0.786591145119
35,0.872727686791
36,0.842652520498
37,0.834012852517
38,0.786591145119
39,0.920003246978
40,0.792129946359
41,0.920003246978
42,0.737091472185
43,0.516213919308
44,0.516213919308
45,0.547035126742
46,0.55538498397
47,0.496783376906
48,0.732577307609
49,0.7484043542
50,0.889415275682
51,0.763782674205
52,0.894861906509
53,0.88782157104
54,0.872727686791
55,0.87281676749
56,0.842652520498
57,0.872727686791
58,0.872727686791
59,0.842652520498
60,0.842043096416
61,0.872727686791
62,0.823583302299
63,0.895307971538
64,0.906867648559
65,0.792129946359
66,0.920003246978
67,0.795567035165
68,0.691646144451
69,0.626052757315
70,0.638642413903
71,0.547035126742
72,0.834991353641
73,0.887780302334
74,0.903094551683
75,0.693809572662
76,0.786591145119
77,0.872727686791
78,0.7484043542
79,0.842043096416
80,0.786591145119
81,0.547035126742
82,0.759492370513
83,0.814492275467
84,0.724080919653
85,0.788466844137
86,0.733623511916
87,0.538814153324
88,0.723859161562
89,0.6229756197
90,0.650524384297
91,0.820040025775
92,0.778436622764
93,0.763782674205
94,0.792129946359
95,0.802578286009
96,0.786591145119
97,0.899612783606
98,0.849723340824
99,0.722797828562
100,0.851953450814
101,0.778436622764
102,0.90857560151
103,0.786792576299
104,0.786591145119
105,0.724175006829
106,0.842652520498
107,0.786591145119
108,0.72864059926
109,0.693809572662
110,0.786591145119
111,0.894365354471
112,0.693809572662
113,0.842043096416
114,0.786591145119
115,0.842043096416
116,0.792129946359
117,0.763782674205
118,0.781233910595
119,0.784495459413
120,0.751320853651
121,0.78367794102
122,0.733623511916
123,0.690223698827
124,0.724333565108
125,0.676462711946
126,0.691646144451
127,0.778436622764
128,0.709701372168
129,0.793886159401
130,0.883369486932
131,0.786591145119
132,0.749140348166
133,0.842652520498
134,0.786591145119
135,0.747033379144
136,0.693809572662
