site,dnds
1,0.638822107321
2,0.731600133936
3,0.761527313205
4,0.653928581363
5,0.795230251826
6,0.470709400503
7,0.133693922588
8,0.573450248898
9,0.751025221258
10,0.699100968621
11,0.0382762340923
12,0.920303311574
13,0.159993734061
14,0.0334747711597
15,0.710671312612
16,0.585668001972
17,0.79585982449
18,0.922141225344
19,0.877228685439
20,0.915619949196
21,0.892521594701
22,0.86798633255
23,0.834171050375
24,0.801539600018
25,0.733747964182
26,0.7710201204
27,0.772751471117
28,0.785593448164
29,0.669260667661
30,0.807912807372
31,0.775170674688
32,0.774588955375
33,0.636762981065
34,0.762630145106
35,0.863869985016
36,0.756152172031
37,0.811434992229
38,0.821143241612
39,0.913107649789
40,0.608678495739
41,0.827135900534
42,0.605047681645
43,0.521726814038
44,0.245165676425
45,0.438155911685
46,0.480335218746
47,0.443505270716
48,0.679358824059
49,0.756162444566
50,0.845409095306
51,0.699685293219
52,0.854647389252
53,0.84220117101
54,0.859970607185
55,0.787199692735
56,0.825697568805
57,0.835338178235
58,0.814912548426
59,0.805815778242
60,0.828115352453
61,0.862402773772
62,0.831855437024
63,0.844696114572
64,0.777663422782
65,0.698665045823
66,0.870528126485
67,0.703369008605
68,0.662688792903
69,0.563539063826
70,0.593185915497
71,0.560837768057
72,0.817078270045
73,0.865524130821
74,0.819712368521
75,0.593722732752
76,0.783993401514
77,0.838919050651
78,0.58367721451
79,0.72987361224
80,0.771992786934
81,0.493760112732
82,0.697708816794
83,0.773326863335
84,0.577801794257
85,0.774557079147
86,0.615614928768
87,0.492098457526
88,0.602452167589
89,0.543609934547
90,0.634016848544
91,0.789891062485
92,0.742992060902
93,0.629020811232
94,0.658795465652
95,0.759198390781
96,0.673364016001
97,0.86024522608
98,0.779953348898
99,0.651954246654
100,0.828559021839
101,0.833643282842
102,0.440557428414
103,0.738638893019
104,0.831747510563
105,0.690848986687
106,0.676120763088
107,0.692136101138
108,0.675063064898
109,0.622710282816
110,0.733353460433
111,0.78080298512
112,0.472923117004
113,0.776370722066
114,0.682151247074
115,0.78549938208
116,0.726442531857
117,0.701232361922
118,0.723587574005
119,0.74980900753
120,0.69449687666
121,0.704559747114
122,0.638726760449
123,0.642348634076
124,0.670840643169
125,0.650545568087
126,0.492451417117
127,0.684565120635
128,0.651245679691
129,0.783088388458
130,0.826790072249
131,0.808093399798
132,0.702639163573
133,0.733037026052
134,0.730295228785
135,0.673909861405
136,0.66985899342
