site,dnds
1,0.558827365246
2,0.473542027833
3,0.714859823881
4,0.798858568449
5,0.518637706289
6,0.626550828057
7,0.665842585258
8,0.612707384933
9,0.376406033316
10,0.646810818076
11,0.629581136285
12,0.514022381785
13,0.233156349793
14,0.647707128868
15,0.640059004807
16,0.49884075805
17,0.698952415052
18,0.76963011173
19,0.642852851362
20,0.80057122748
21,0.79788212105
22,0.688862445573
23,0.590592861192
24,0.384888463413
25,0.142661025504
26,0.439953054432
27,0.484819913349
28,0.175505453647
29,0.433917216185
30,0.453217774181
31,0.468739015291
32,0.523144792094
33,0.500630001328
34,0.462122918867
35,0.425010516083
36,0.452227018428
37,0.598261370094
38,0.699780927371
39,0.544350346187
40,0.677869668582
41,0.484031998539
42,0.370439771576
43,0.665609295974
44,0.58235947856
45,0.115047070593
46,0.349657351831
47,0.489301803949
48,0.581104125955
49,0.302520150121
50,0.374158651304
51,0.568033645702
52,0.462746135007
53,0.611957044124
54,0.516077580331
55,0.380935192671
56,0.403746470297
57,0.577011260894
58,0.504459660942
59,0.414023485435
60,0.477140355817
61,0.699178537958
62,0.68287339884
63,0.770544205323
