site,dnds
1,0.555924051842
2,0.469884814813
3,0.713142570378
4,0.797864511892
5,0.516775264885
6,0.620438186988
7,0.660217776336
8,0.610694180453
9,0.363834937797
10,0.645396076401
11,0.627823687862
12,0.511069707559
13,0.218064718912
14,0.644940787307
15,0.636235129787
16,0.494915187183
17,0.696766914962
18,0.767325755125
19,0.640854365194
20,0.798675881513
21,0.797246481958
22,0.680930067173
23,0.588618614954
24,0.364960401627
25,0.136740914682
26,0.436770730641
27,0.480298154115
28,0.154138869099
29,0.43103824231
30,0.449710664122
31,0.466586546531
32,0.519131375503
33,0.494610857359
34,0.460573006003
35,0.421057864032
36,0.449408780289
37,0.593705160826
38,0.697161742239
39,0.541046221532
40,0.67584363078
41,0.472371667526
42,0.366053540278
43,0.662219968025
44,0.575158266726
45,0.101430366667
46,0.346810008052
47,0.483430054461
48,0.575548319412
49,0.297501138711
50,0.37098133513
51,0.564252461752
52,0.458931885267
53,0.607809641603
54,0.513731069724
55,0.370072698062
56,0.399695432949
57,0.567432591334
58,0.499415564993
59,0.409798322402
60,0.472981799927
61,0.697124083627
62,0.680673830116
63,0.768822383359
