site,dnds
1,0.688559918107
2,0.647549621413
3,0.814896495722
4,0.855908074659
5,0.660655243032
6,0.763099360309
7,0.789488168701
8,0.71733677338
9,0.53825212267
10,0.756387260013
11,0.742473112041
12,0.700002374409
13,0.437685251131
14,0.75971959418
15,0.758464128563
16,0.672386494262
17,0.803008221437
18,0.839448689844
19,0.744210815916
20,0.865726183457
21,0.856242984331
22,0.810179394967
23,0.673186379652
24,0.61462327221
25,0.290902184307
26,0.592311681844
27,0.634616296366
28,0.444503290847
29,0.57646742997
30,0.583876675664
31,0.625245404684
32,0.695840990392
33,0.652590198391
34,0.558390500788
35,0.602358330997
36,0.584666731329
37,0.7323431433
38,0.818469247593
39,0.699613109785
40,0.757555386359
41,0.71547605918
42,0.5203568343
43,0.782574766579
44,0.718819152377
45,0.373201527607
46,0.457069902159
47,0.69990370433
48,0.741032751822
49,0.521275452558
50,0.531529548067
51,0.691949386736
52,0.597587960299
53,0.758462779943
54,0.62095693894
55,0.642295583798
56,0.562582842669
57,0.69775801961
58,0.714552876192
59,0.536315339835
60,0.62689837193
61,0.806846355351
62,0.79251750151
63,0.862863732637
