site,dnds
1,0.651524487633
2,0.735265983082
3,0.764540170321
4,0.657048968387
5,0.798563608673
6,0.479289980118
7,0.199174660229
8,0.587489659314
9,0.757333531582
10,0.702653721526
11,0.280948253917
12,0.921944583544
13,0.176974500072
14,0.20267962809
15,0.713872332589
16,0.595117193648
17,0.800113445652
18,0.923262568463
19,0.87845426624
20,0.916504696985
21,0.893797629116
22,0.86935358053
23,0.844954252537
24,0.804672163304
25,0.741097397641
26,0.774055102919
27,0.778029824952
28,0.791848802297
29,0.676790227863
30,0.81125644449
31,0.780119772965
32,0.779126319285
33,0.644664805821
34,0.762497683738
35,0.865699038533
36,0.759614842381
37,0.814352023211
38,0.824789685705
39,0.914468871014
40,0.614780844889
41,0.830297187368
42,0.620800626303
43,0.530187107618
44,0.261745393984
45,0.447492956536
46,0.488405061893
47,0.458552674381
48,0.684446834377
49,0.761420099287
50,0.847301279477
51,0.706021141176
52,0.857032016203
53,0.845546475811
54,0.864540868121
55,0.789541122242
56,0.827514688608
57,0.837358495439
58,0.81836769093
59,0.807840543844
60,0.831812051235
61,0.864546430059
62,0.83473668853
63,0.847545038278
64,0.781040402527
65,0.703394439056
66,0.872159690386
67,0.708404228621
68,0.673435099777
69,0.571774803128
70,0.604712632787
71,0.578606915479
72,0.819128260058
73,0.867057592976
74,0.825073338001
75,0.598323189978
76,0.78715742644
77,0.840869277411
78,0.590082581166
79,0.733460533708
80,0.777283273895
81,0.50894131395
82,0.704537495737
83,0.778441356748
84,0.584653179611
85,0.777663967684
86,0.620628842497
87,0.497498254354
88,0.607410926477
89,0.549458012568
90,0.637555355363
91,0.793275413243
92,0.747480117595
93,0.639163653937
94,0.664220688622
95,0.762794284196
96,0.679656771973
97,0.862015872111
98,0.786913420189
99,0.65922705579
100,0.832423187481
101,0.836275917346
102,0.580773471704
103,0.743835831434
104,0.833821329742
105,0.695697128788
106,0.681642118863
107,0.697543880957
108,0.683540117837
109,0.628414434877
110,0.739960461411
111,0.78364115302
112,0.488143657016
113,0.781991213081
114,0.715661818213
115,0.788151268332
116,0.73258310794
117,0.708100344469
118,0.729767218256
119,0.754743082702
120,0.699949033614
121,0.710250542771
122,0.646162814274
123,0.648615326963
124,0.676826210276
125,0.655447725476
126,0.513355879732
127,0.689210108902
128,0.660124022278
129,0.7859115951
130,0.830864355491
131,0.812906705347
132,0.707622956683
133,0.736901964068
134,0.735115104285
135,0.679629618959
136,0.67475821431
