site,dnds
1,0.577022118831
2,0.497101116786
3,0.728010467808
4,0.807019575779
5,0.533623726886
6,0.643797795809
7,0.699372274551
8,0.628612790793
9,0.411499058901
10,0.658468316019
11,0.642737532012
12,0.535279438805
13,0.308733143267
14,0.668573309653
15,0.65764617629
16,0.524923698842
17,0.716132851154
18,0.782258679192
19,0.656289571317
20,0.812084603416
21,0.803123004998
22,0.720553219813
23,0.603316280087
24,0.458649572414
25,0.203929624979
26,0.459907072762
27,0.505272798691
28,0.276957096215
29,0.454985137383
30,0.47433189565
31,0.484736444774
32,0.549248488327
33,0.535645223087
34,0.471555043212
35,0.455498352319
36,0.475145160605
37,0.625040996586
38,0.715918646758
39,0.565508759722
40,0.69082263885
41,0.555234205315
42,0.401526788791
43,0.687186834023
44,0.60830940151
45,0.185316585613
46,0.367460181577
47,0.533517388553
48,0.615629139689
49,0.337686473632
50,0.399407820294
51,0.594611382035
52,0.482172421865
53,0.640488855602
54,0.528712220333
55,0.445676831596
56,0.425220433187
57,0.59919234718
58,0.537122833065
59,0.443045863504
60,0.509618792799
61,0.712387854191
62,0.697343962917
63,0.784103829632
