site,dnds
1,0.639539164384
2,0.731962733187
3,0.761746286907
4,0.653988352766
5,0.795627856895
6,0.470138644324
7,0.127270109388
8,0.572573657961
9,0.752659978638
10,0.699558743482
11,0.00486797728458
12,0.92034329322
13,0.161782252541
14,0.0143928994684
15,0.710805796342
16,0.585514305446
17,0.79599792933
18,0.922113127511
19,0.877250912862
20,0.915664272624
21,0.89248203638
22,0.868039194548
23,0.833829561857
24,0.801483703987
25,0.73361450355
26,0.771024955965
27,0.773287888759
28,0.787479765028
29,0.669116745095
30,0.808576171846
31,0.776256659877
32,0.775290028156
33,0.637034309932
34,0.762694669894
35,0.864075846452
36,0.755971550487
37,0.811421247654
38,0.821630812143
39,0.913144275403
40,0.609031062168
41,0.827650737206
42,0.606451573054
43,0.523278576399
44,0.245695873147
45,0.437639094814
46,0.480125108777
47,0.442886462392
48,0.67986949377
49,0.756741074175
50,0.84545026914
51,0.700238059599
52,0.854664357647
53,0.842314788578
54,0.860491784579
55,0.787281059236
56,0.825779149451
57,0.835350884804
58,0.815164439008
59,0.805857527594
60,0.828846498055
61,0.862409017353
62,0.832233849055
63,0.844706406394
64,0.777735640479
65,0.698667616587
66,0.870615977202
67,0.704043123989
68,0.663426332845
69,0.56376861158
70,0.593212415738
71,0.562246494278
72,0.81726013084
73,0.865505516731
74,0.819614710009
75,0.594591694265
76,0.784341912831
77,0.839002041294
78,0.584700797212
79,0.729751707321
80,0.772940032117
81,0.492482154121
82,0.697484908328
83,0.773377451764
84,0.5789542392
85,0.775011653961
86,0.616424862768
87,0.492199780951
88,0.603237562892
89,0.544084284276
90,0.634419673306
91,0.790541447047
92,0.743373048257
93,0.628285833612
94,0.659230406394
95,0.759239473343
96,0.673463763557
97,0.860367633158
98,0.779705852507
99,0.652139203782
100,0.82847124105
101,0.833683961607
102,0.421456674726
103,0.738677358611
104,0.831776527432
105,0.691468911859
106,0.676644608196
107,0.692545801684
108,0.676015553254
109,0.623738116182
110,0.733633657867
111,0.781009833478
112,0.473901988413
113,0.776208963472
114,0.683100001483
115,0.78559069932
116,0.727520017739
117,0.70094435769
118,0.724218276886
119,0.751033360614
120,0.694494671828
121,0.704510308463
122,0.64041363566
123,0.643683418407
124,0.671227815905
125,0.651063253807
126,0.491291831441
127,0.68457421682
128,0.651422110608
129,0.783347999466
130,0.826750690385
131,0.808469020851
132,0.703886411725
133,0.733599321006
134,0.730740972884
135,0.67404554703
136,0.670571515254
