site,dnds
1,0.560660558618
2,0.477055293097
3,0.716115735155
4,0.798926000038
5,0.52025871199
6,0.628997927387
7,0.666713385585
8,0.612962237575
9,0.38294349815
10,0.647646366724
11,0.631551665047
12,0.517619524792
13,0.228345984962
14,0.647520389183
15,0.644583918235
16,0.500956042517
17,0.699388887791
18,0.770906714999
19,0.644550243801
20,0.802526549532
21,0.798262102225
22,0.691887162201
23,0.591965125701
24,0.378184655415
25,0.140277126599
26,0.444114297574
27,0.488510534324
28,0.168917541335
29,0.435579132712
30,0.455444182031
31,0.470626748493
32,0.527406977904
33,0.501240619292
34,0.464295818225
35,0.425064388365
36,0.453612492703
37,0.597373249478
38,0.702461643556
39,0.546044878644
40,0.67918326293
41,0.48795468396
42,0.371176301705
43,0.667140601265
44,0.58556649623
45,0.116135487694
46,0.351615240122
47,0.488001317286
48,0.580541420189
49,0.305713403812
50,0.375641991751
51,0.56907360495
52,0.466346400666
53,0.613072157977
54,0.518476436599
55,0.377661909673
56,0.407949127055
57,0.579372623759
58,0.508353384895
59,0.414039572795
60,0.476041167746
61,0.701801296416
62,0.685096989219
63,0.770784095082
