site,dnds
1,0.543442367556
2,0.61279253904
3,0.769339795615
4,0.769215324726
5,0.553500585177
6,0.618456778976
7,0.641341776938
8,0.635943539046
9,0.547751772506
10,0.660192549809
11,0.649507473385
12,0.67144636954
13,0.52857170014
14,0.660192549809
15,0.649507473385
16,0.658933085
17,0.790229620556
18,0.83212653808
19,0.641341776938
20,0.83212653808
21,0.797732234084
22,0.598313791391
23,0.658849344041
24,0.598313791391
25,0.412396778734
26,0.52857170014
27,0.607199379632
28,0.417369249532
29,0.521899736493
30,0.531137645077
31,0.553500585177
32,0.660388368103
33,0.636768656406
34,0.52857170014
35,0.627360999072
36,0.649507473385
37,0.671512236163
38,0.734587270758
39,0.641341776938
40,0.641341776938
41,0.631350187352
42,0.536260617065
43,0.753647254492
44,0.683222705676
45,0.393902770332
46,0.52857170014
47,0.660192549809
48,0.68673520747
49,0.436113265187
50,0.500518631966
51,0.664054252128
52,0.550376339427
53,0.789084386731
54,0.52857170014
55,0.618456778976
56,0.641341776938
57,0.624593780129
58,0.657945874309
59,0.515455501349
60,0.616123542806
61,0.754196620018
62,0.616123542806
63,0.799588772319
