site,dnds
1,0.792891394103
2,0.776335281401
3,0.740339602843
4,0.743918557215
5,0.726488426592
6,0.676971699444
7,0.755604304967
8,0.665441958718
9,0.670418084689
10,0.571789985913
11,0.627445483128
12,0.529301907239
13,0.579296802949
14,0.735269453515
15,0.725343341039
16,0.747398773198
17,0.554352371123
18,0.798027005632
19,0.731446421831
20,0.797403262105
21,0.819505637616
22,0.874565198577
23,0.54131990628
24,0.677777030989
25,0.819574450124
26,0.62536069972
27,0.610666503432
28,0.591570847704
29,0.751876197362
30,0.733777369911
31,0.656102255226
32,0.467216556331
33,0.28844267831
34,0.520174198223
35,0.579487695899
36,0.734560463104
37,0.758548364043
38,0.78598348036
39,0.782312591439
40,0.794171705851
41,0.842508612276
42,0.791904048817
43,0.83101673527
44,0.558202997601
45,0.719542076044
46,0.552204483697
47,0.213827707377
48,0.124993712712
49,0.574470523551
50,0.822710888126
51,0.698968891879
52,0.670869358513
53,0.550022493356
54,0.617808330404
55,0.57680083825
56,0.237143137819
57,0.185927833583
58,0.641805242529
59,0.878222159871
60,0.861795956883
61,0.79015915337
62,0.772071951805
63,0.795840545268
64,0.823862213327
65,0.673725511754
66,0.516359090002
67,0.737862478296
68,0.624497617882
69,0.655869634797
70,0.503152992922
71,0.551262375145
72,0.582930906046
73,0.44485564427
74,0.4119775159
75,0.355171722418
76,0.612354592692
77,0.202152437451
78,0.630167716997
79,0.589872176935
80,0.582445040604
81,0.667004749996
82,0.674177635609
83,0.496974552624
84,0.235601679607
85,0.738594259001
86,0.670363109902
87,0.627432354203
88,0.795187760913
89,0.379011070748
90,0.213327813896
91,0.539192845425
