site,dnds
1,0.751918526876
2,0.727327394022
3,0.681472876386
4,0.696969653103
5,0.679088423052
6,0.63534561103
7,0.714438073153
8,0.634392788001
9,0.611087241776
10,0.478490687349
11,0.54884021086
12,0.434029843524
13,0.49167446373
14,0.654553268451
15,0.661896553615
16,0.69637198054
17,0.489782520834
18,0.758878928998
19,0.684208089879
20,0.759811256668
21,0.782835129381
22,0.843564703565
23,0.477616669602
24,0.62331971457
25,0.76595191605
26,0.559958303382
27,0.550169358224
28,0.536872655448
29,0.710345604652
30,0.694076629776
31,0.589957832737
32,0.422818817889
33,0.233185822321
34,0.452012142156
35,0.416063952373
36,0.69365379929
37,0.724488824045
38,0.759854268105
39,0.763783796502
40,0.756056773002
41,0.826927595452
42,0.751164999415
43,0.800151560723
44,0.478794099237
45,0.674246181903
46,0.478991078314
47,0.172612122468
48,0.0866675187125
49,0.503031419311
50,0.791794796713
51,0.652729474698
52,0.628317147633
53,0.454444035839
54,0.56257332525
55,0.515505105043
56,0.177946973049
57,0.118247769648
58,0.576317416982
59,0.77419980689
60,0.824814196969
61,0.743114988667
62,0.722813800033
63,0.762341963738
64,0.779306191087
65,0.603519447154
66,0.464430428223
67,0.692766481197
68,0.538852510818
69,0.571399792542
70,0.428016062728
71,0.477607743066
72,0.525206673528
73,0.379881246358
74,0.311789863004
75,0.266890732309
76,0.564281291858
77,0.13464040044
78,0.590048348794
79,0.512816545824
80,0.540674411289
81,0.619115036911
82,0.623287763003
83,0.428321006846
84,0.192936647414
85,0.689280377115
86,0.611508677211
87,0.587496258049
88,0.758222007184
89,0.313327857705
90,0.172906474739
91,0.477531362189
