site,dnds
1,0.746474239259
2,0.7177738824
3,0.670255418351
4,0.691487546052
5,0.673616027155
6,0.628033071014
7,0.709271098723
8,0.628835397261
9,0.603821338457
10,0.449351744816
11,0.532117918577
12,0.41941704077
13,0.467219658716
14,0.641127732422
15,0.649821197525
16,0.690523597171
17,0.479593991201
18,0.752828437973
19,0.679104482833
20,0.754732891105
21,0.778915906788
22,0.836331742153
23,0.466363080813
24,0.615226431833
25,0.756288819571
26,0.549676678852
27,0.541872395898
28,0.52825230253
29,0.704570377514
30,0.690110223622
31,0.582976821038
32,0.41202435728
33,0.217309637958
34,0.443305245864
35,0.301319427598
36,0.688383967577
37,0.717851199267
38,0.755705553266
39,0.761015885556
40,0.750676621722
41,0.825156979048
42,0.743531243744
43,0.796777689263
44,0.468311794635
45,0.669728501283
46,0.469946536906
47,0.152470882633
48,0.0632028577092
49,0.489263678211
50,0.787980889654
51,0.646986715645
52,0.621714559021
53,0.443590490721
54,0.556554027377
55,0.508116198793
56,0.155702090658
57,0.0988250059577
58,0.568104896126
59,0.767004740086
60,0.81966938926
61,0.738256124341
62,0.716480319609
63,0.758309350881
64,0.772546303133
65,0.592278832021
66,0.457443641444
67,0.685257074889
68,0.517803650375
69,0.565172152853
70,0.415806401609
71,0.467042176973
72,0.516080060433
73,0.370250492194
74,0.29727127734
75,0.245920860735
76,0.55867682443
77,0.111503179471
78,0.584295701529
79,0.496677528948
80,0.533815654037
81,0.613759157195
82,0.617710319912
83,0.414910683952
84,0.176383722931
85,0.680728314517
86,0.602412813945
87,0.582310063714
88,0.753207684563
89,0.289245296116
90,0.154638616763
91,0.465676241223
