site,dnds
1,0.746489640868
2,0.717802207081
3,0.670275483304
4,0.69149930055
5,0.673641703313
6,0.628044043841
7,0.709293489035
8,0.628844317115
9,0.603860880528
10,0.449367258121
11,0.532256986678
12,0.419629978679
13,0.467226825082
14,0.641149836345
15,0.650042638501
16,0.690557822937
17,0.47965541733
18,0.752855315745
19,0.679115765579
20,0.754750802611
21,0.778936349459
22,0.836451279572
23,0.466518693301
24,0.61527531997
25,0.756297274399
26,0.549716004199
27,0.541937125617
28,0.52829618719
29,0.704622071096
30,0.690124653767
31,0.583003975477
32,0.412090846669
33,0.217368691662
34,0.443336528035
35,0.301348126225
36,0.68838743644
37,0.717856302934
38,0.755720636958
39,0.761017669105
40,0.750766611106
41,0.825153262438
42,0.743576780698
43,0.796781554093
44,0.468349742665
45,0.66974163588
46,0.469998923398
47,0.152375152016
48,0.0633010260135
49,0.489335630464
50,0.787989395057
51,0.647011870922
52,0.621752548788
53,0.44362601099
54,0.556582057085
55,0.508143668408
56,0.155785177266
57,0.0989277190861
58,0.56812695947
59,0.767024517082
60,0.819722331586
61,0.738266890248
62,0.716497497966
63,0.758322635455
64,0.772596602821
65,0.592311993748
66,0.457459985501
67,0.685355831265
68,0.517821292184
69,0.565186256544
70,0.415879342274
71,0.467604002147
72,0.516090259295
73,0.370322437775
74,0.29734848047
75,0.246086261901
76,0.558702578913
77,0.111529637491
78,0.584317548972
79,0.496735785184
80,0.533864689919
81,0.613779923679
82,0.61775741799
83,0.414930089355
84,0.176749567056
85,0.680758118312
86,0.602482885021
87,0.582314764169
88,0.753299574699
89,0.289387131628
90,0.154669800026
91,0.465796394067
