site,dnds
1,0.74709373561
2,0.71886470814
3,0.671525078291
4,0.692104678656
5,0.674245303388
6,0.628762119958
7,0.709830081295
8,0.62942881047
9,0.604689220142
10,0.451207102611
11,0.534682197167
12,0.421442688633
13,0.469924464281
14,0.642656464775
15,0.651906480781
16,0.69129314237
17,0.4808424387
18,0.753529303084
19,0.679676900963
20,0.755255176384
21,0.779402479117
22,0.837537276267
23,0.468326088755
24,0.61621627055
25,0.757334574445
26,0.550865095742
27,0.543039488099
28,0.529180761763
29,0.705447989649
30,0.690565643257
31,0.583778981891
32,0.413405893489
33,0.21930617398
34,0.444260640868
35,0.314949758352
36,0.688975523217
37,0.718563388201
38,0.756250265769
39,0.761322192553
40,0.751543151288
41,0.825360109723
42,0.744474072342
43,0.797153208305
44,0.469460521043
45,0.67020755561
46,0.470969757058
47,0.154965787359
48,0.0659112583193
49,0.490842503531
50,0.788411438726
51,0.647657397005
52,0.622448991834
53,0.444800004151
54,0.557190576673
55,0.508985438891
56,0.15841952059
57,0.101501435218
58,0.569019643378
59,0.767841279875
60,0.820341894822
61,0.738798516684
62,0.717142473819
63,0.758739978222
64,0.773466069694
65,0.593508345891
66,0.4581842125
67,0.686392816052
68,0.520479556707
69,0.565837375779
70,0.416810094226
71,0.468785436597
72,0.517073568679
73,0.371499356102
74,0.299215044464
75,0.248769019433
76,0.559264303682
77,0.113883165869
78,0.584903346998
79,0.498542215546
80,0.534723188026
81,0.614329735903
82,0.618381204957
83,0.416307575709
84,0.178749265789
85,0.681733695146
86,0.603610654122
87,0.582867044622
88,0.7539627682
89,0.294829985779
90,0.156546244726
91,0.467525893408
