site,dnds
1,0.747794096622
2,0.719183357136
3,0.671629354378
4,0.692604325816
5,0.674926219439
6,0.628926474544
7,0.710321646742
8,0.629592877941
9,0.605798263162
10,0.451047146789
11,0.537342785489
12,0.42369913879
13,0.468906389613
14,0.64290178874
15,0.65442430054
16,0.692417017628
17,0.481754206446
18,0.753947068457
19,0.680209493106
20,0.755636625982
21,0.780101007467
22,0.838704391575
23,0.47026778902
24,0.617087655892
25,0.757528897902
26,0.552035662168
27,0.544709478484
28,0.530098526407
29,0.706494752194
30,0.691070529289
31,0.58455519077
32,0.414282045942
33,0.22021155513
34,0.44489613504
35,0.30708252746
36,0.689234121352
37,0.718401944426
38,0.756930172486
39,0.761285009906
40,0.752634022513
41,0.825314796635
42,0.745002755467
43,0.797296692669
44,0.470465038714
45,0.670630863703
46,0.472129853848
47,0.15608348888
48,0.0661641264748
49,0.491970633393
50,0.788708696134
51,0.648271997396
52,0.622984039068
53,0.445925166214
54,0.557872834801
55,0.509764570216
56,0.158167518299
57,0.102824451811
58,0.569298619409
59,0.768668775862
60,0.821494967887
61,0.739043820869
62,0.717613968613
63,0.759009384755
64,0.774600369793
65,0.594438083683
66,0.458783505578
67,0.687901212653
68,0.519767070546
69,0.566069850092
70,0.417607806904
71,0.469735353544
72,0.517214147215
73,0.372589373055
74,0.300588331033
75,0.250811245924
76,0.559969989304
77,0.112944196618
78,0.585586830071
79,0.498953772437
80,0.535271182797
81,0.615141705556
82,0.619295637827
83,0.416089720645
84,0.178765913159
85,0.682493013665
86,0.604798529459
87,0.582956056926
88,0.754866108525
89,0.296330799961
90,0.156264391134
91,0.469034058335
