site,dnds
1,0.785294981205
2,0.786339464899
3,0.736239917524
4,0.735660142624
5,0.716615586477
6,0.686253268831
7,0.749948278472
8,0.672760264354
9,0.661394312402
10,0.592779436738
11,0.613693413887
12,0.509367752469
13,0.612364477437
14,0.736365811597
15,0.716716762669
16,0.733530510953
17,0.553219878706
18,0.798388947311
19,0.722334105341
20,0.794786172476
21,0.80921805507
22,0.875399505363
23,0.537254998041
24,0.676815034631
25,0.81473099124
26,0.6280027007
27,0.598279899228
28,0.596804778737
29,0.743881773058
30,0.725072110994
31,0.644316348409
32,0.491966985385
33,0.31752032505
34,0.521538303535
35,0.675778972692
36,0.730453951015
37,0.762627471465
38,0.786601893576
39,0.786472225287
40,0.786150893671
41,0.842634110574
42,0.790883096977
43,0.82546813889
44,0.54142578635
45,0.70793423555
46,0.550070641866
47,0.282529568843
48,0.245991186697
49,0.591020452263
50,0.818604217976
51,0.689853897513
52,0.674413440873
53,0.51410406685
54,0.609576656353
55,0.565701270508
56,0.360804920016
57,0.271991557945
58,0.635856712614
59,0.872952991919
60,0.854697370082
61,0.786597207367
62,0.761566847863
63,0.789584629297
64,0.816168270546
65,0.676152410381
66,0.515631593186
67,0.730764027803
68,0.61375495669
69,0.647464546968
70,0.501301578491
71,0.553224021498
72,0.585074833307
73,0.45261576585
74,0.423817277322
75,0.39146353418
76,0.604488175074
77,0.322786987574
78,0.630806158422
79,0.594346809825
80,0.58594591457
81,0.661411750819
82,0.661825086915
83,0.526222371868
84,0.305882780347
85,0.733372384611
86,0.665191756556
87,0.629923168778
88,0.787502090625
89,0.38261352984
90,0.302905275376
91,0.546583294993
