site,dnds
1,0.728889034
2,0.638652079138
3,0.626431562006
4,0.628502776043
5,0.671286416625
6,0.549946485347
7,0.712428054354
8,0.658751090087
9,0.611125076222
10,0.512485676132
11,0.611125076222
12,0.453243844865
13,0.552322445074
14,0.626431562006
15,0.628502776043
16,0.680680845469
17,0.573690556874
18,0.628502776043
19,0.628502776043
20,0.800955263369
21,0.781562351947
22,0.800977542804
23,0.552322445074
24,0.706511077877
25,0.800977542804
26,0.628502776043
27,0.573690556874
28,0.619892522622
29,0.626431562006
30,0.779865555387
31,0.671286416625
32,0.549946485347
33,0.152474855113
34,0.453243844865
35,0.800977542804
36,0.779865555387
37,0.779865555387
38,0.779865555387
39,0.779865555387
40,0.779865555387
41,0.818754727084
42,0.756219311912
43,0.800977542804
44,0.584927981971
45,0.800977542804
46,0.573690556874
47,0.254960400248
48,0.152474855113
49,0.617472072807
50,0.800977542804
51,0.744146383337
52,0.626651383269
53,0.453243844865
54,0.623434753248
55,0.638652079138
56,0.275604814364
57,0.152474855113
58,0.638652079138
59,0.814698803768
60,0.818572115074
61,0.770887508338
62,0.623434753248
63,0.756219311912
64,0.756219311912
65,0.638652079138
66,0.459274287708
67,0.744146383337
68,0.608661432379
69,0.665771000176
70,0.453243844865
71,0.628502776043
72,0.626431562006
73,0.453243844865
74,0.32661075304
75,0.453243844865
76,0.573690556874
77,0.226149873241
78,0.549946485347
79,0.561795611174
80,0.647164495223
81,0.639603558722
82,0.647787810946
83,0.623434753248
84,0.152474855113
85,0.658751090087
86,0.614942882817
87,0.584851415894
88,0.794571273111
89,0.294389690809
90,0.277929919538
91,0.526585606257
