site,dnds
1,0.262552332651
2,0.563660234867
3,0.386523676858
4,0.397516540208
5,0.705581170768
6,0.327949756142
7,0.550705000724
8,0.205521448098
9,0.707228620635
10,0.603818978812
11,0.696554713433
12,0.261305144089
13,0.528982968772
14,0.372592523468
15,0.523623406473
16,0.305401264653
17,0.63637167818
18,0.4692513459
19,0.548742489138
20,0.13865348871
21,0.154343603766
22,0.631941941087
23,0.49914427952
24,0.266379985629
25,0.358858022393
26,0.252379511797
27,0.133319867219
28,0.217811857265
29,0.307799401878
30,0.174312804616
31,0.468448700604
32,0.429975994236
33,0.124498746772
34,0.191160289423
35,0.431041589254
36,0.295735613651
37,0.251281450693
38,0.126410549428
39,0.483619882209
40,0.13384117236
41,0.289558203044
42,0.177430804275
43,0.454904643417
44,0.253411902303
45,0.605781105423
46,0.429061978597
47,0.424434702004
48,0.594586912706
49,0.15864123771
50,0.37748825101
51,0.178217052385
52,0.590314607321
53,0.306423809739
54,0.649271105539
55,0.476695582918
56,0.110505154744
57,0.387934333991
58,0.132140068635
59,0.126187573843
60,0.336731712564
61,0.595939192755
62,0.390987683754
63,0.476198820122
64,0.591542233033
65,0.505475213418
66,0.252766054023
67,0.475984760028
68,0.402586784161
69,0.752244305643
70,0.552926192144
71,0.555874638098
72,0.514093871226
73,0.538601787632
74,0.192793166291
75,0.597193178193
76,0.613039802921
77,0.400626277813
78,0.388900110327
79,0.113339019207
80,0.671521160689
81,0.459188854473
82,0.602333789586
83,0.205327606989
84,0.252642457922
85,0.409958139651
86,0.123573493259
87,0.475867033384
88,0.557918891026
89,0.137023010414
90,0.295937804137
91,0.406625701835
92,0.399792639614
93,0.578170681673
94,0.131162366692
95,0.39449480201
96,0.151627249763
97,0.282410532123
98,0.46692938103
99,0.497928801266
100,0.26816848279
101,0.23366839567
102,0.44333489678
103,0.130553444273
104,0.138347240851
105,0.228771142683
106,0.230104901014
107,0.449321570409
108,0.476036577893
109,0.274081697116
110,0.202003501954
111,0.171060437826
112,0.265817825815
113,0.238382527789
114,0.193500597925
115,0.442844998271
