site,dnds
1,0.2520541043
2,0.569524662427
3,0.406084027698
4,0.412397872744
5,0.713153818904
6,0.346500424871
7,0.561360270408
8,0.251415927124
9,0.709618033884
10,0.614828117591
11,0.702436147601
12,0.298014378381
13,0.534805093825
14,0.398847274566
15,0.525297855363
16,0.341595696733
17,0.640304145681
18,0.483560269407
19,0.552109944735
20,0.175580286903
21,0.161583703158
22,0.639115376801
23,0.494089439474
24,0.298090084824
25,0.378529925291
26,0.268373730148
27,0.153484161547
28,0.262148179701
29,0.322549717747
30,0.195004411589
31,0.466701568222
32,0.454270839564
33,0.153484161547
34,0.199563350253
35,0.448271031399
36,0.322885532689
37,0.278974710484
38,0.155093085728
39,0.50077197194
40,0.143880300842
41,0.328007100328
42,0.185151704486
43,0.467971451269
44,0.274130765167
45,0.631725884887
46,0.436647200989
47,0.472102158759
48,0.598063784071
49,0.181598923047
50,0.389124825401
51,0.208619445289
52,0.621692741033
53,0.336534283116
54,0.662236315234
55,0.503525925255
56,0.132717056484
57,0.3887498679
58,0.147093404598
59,0.153489166748
60,0.364919599817
61,0.60765700963
62,0.43447348431
63,0.494424802825
64,0.599184042837
65,0.5279627364
66,0.273671420683
67,0.484933206351
68,0.40603371457
69,0.764481688006
70,0.548907023272
71,0.580586227625
72,0.523627027645
73,0.538635352663
74,0.219398418164
75,0.606735342065
76,0.624867422669
77,0.411780194217
78,0.416872454869
79,0.133918961566
80,0.676267583588
81,0.468180386695
82,0.61027235917
83,0.22405006686
84,0.285763387366
85,0.432917056787
86,0.123944275853
87,0.484590047604
88,0.570039255304
89,0.158745606827
90,0.30904642043
91,0.426210584789
92,0.415809529232
93,0.593169378307
94,0.149653420052
95,0.399310228039
96,0.189375845003
97,0.299721122126
98,0.481367508689
99,0.524672904221
100,0.297621636258
101,0.259689657788
102,0.463853128786
103,0.149792029362
104,0.154284268819
105,0.235963666419
106,0.248854520339
107,0.474195216848
108,0.488107247989
109,0.291124943587
110,0.206646136882
111,0.182149436886
112,0.269520422102
113,0.259530306201
114,0.214087222834
115,0.451159345662
