site,dnds
1,0.13608148815
2,0.552777800321
3,0.338691504788
4,0.255746209447
5,0.654984659719
6,0.113509375372
7,0.489871187894
8,0.0835712879073
9,0.556537158243
10,0.621479322414
11,0.616892429482
12,0.153846091363
13,0.455876515136
14,0.283938268361
15,0.560170471373
16,0.194431485855
17,0.562210155839
18,0.362262617577
19,0.564398658903
20,0.0331691368476
21,0.1406974432
22,0.536896729553
23,0.393926041515
24,0.184096358752
25,0.36132304944
26,0.0728096765904
27,0.0155555878227
28,0.0688585389522
29,0.18031328243
30,0.00393100031716
31,0.28123765398
32,0.214250786685
33,0.0140489995403
34,0.0191869980819
35,0.356795566385
36,0.187252545177
37,0.0946739355567
38,0.0206971260121
39,0.403286497856
40,0.0600091161012
41,0.186680365845
42,0.0532140629898
43,0.346597220498
44,0.0930333278311
45,0.49293568411
46,0.359078110886
47,0.276739831069
48,0.559892805252
49,0.0450890417267
50,0.28300373262
51,0.0774621329999
52,0.531702828236
53,0.140298352917
54,0.562590731876
55,0.392456718523
56,0.0350144853347
57,0.260425345986
58,0.064775078029
59,0.0168346928973
60,0.224250020743
61,0.564657697264
62,0.284135017366
63,0.360749154734
64,0.593847839314
65,0.375694498417
66,0.164675994429
67,0.452128521403
68,0.285813242382
69,0.666213551456
70,0.431231108901
71,0.563351075782
72,0.404310198729
73,0.51181823383
74,0.0160642045105
75,0.607269324654
76,0.530946119821
77,0.281599862905
78,0.369437594661
79,0.0476247424274
80,0.690231365064
81,0.395714222356
82,0.506472819131
83,0.173713280836
84,0.132032311869
85,0.287740389125
86,0.0146879095245
87,0.38124832596
88,0.490279525833
89,0.0342609953053
90,0.186355814763
91,0.337655081485
92,0.228575852217
93,0.4562693357
94,0.0951132256971
95,0.194767786875
96,0.0342115895387
97,0.271513237062
98,0.310924779519
99,0.368610233262
100,0.24535014213
101,0.1153826217
102,0.300572983846
103,0.0048322677592
104,0.0268853044703
105,0.050975281234
106,0.0869595850753
107,0.360715807742
108,0.428791992688
109,0.194928985174
110,0.0036679133008
111,0.0564935040047
112,0.135591562102
113,0.0917298245014
114,0.082046227153
115,0.352935492932
