site,dnds
1,0.181915477527
2,0.536669496559
3,0.352407355123
4,0.341977461159
5,0.696658252297
6,0.262396941612
7,0.519045708265
8,0.172198133525
9,0.664342755072
10,0.591260156775
11,0.684298118303
12,0.219395042232
13,0.496205089105
14,0.335466745761
15,0.502959799586
16,0.261537168665
17,0.586098523402
18,0.4205298515
19,0.528709015364
20,0.0868542680522
21,0.114029788546
22,0.599805917805
23,0.428997974472
24,0.241289228667
25,0.322894624785
26,0.172747481432
27,0.0725644495806
28,0.186213744175
29,0.247826554557
30,0.0890727675025
31,0.401881443143
32,0.373946469856
33,0.0689404050627
34,0.0986855638478
35,0.409291647667
36,0.259019553806
37,0.191322335724
38,0.0767493065039
39,0.435242473208
40,0.0859321332932
41,0.256641747362
42,0.104837384401
43,0.40908425046
44,0.18053937416
45,0.590921823538
46,0.385221560248
47,0.405800320098
48,0.58144550202
49,0.105472815735
50,0.331191248483
51,0.142625096562
52,0.581115522376
53,0.247259031061
54,0.634127621292
55,0.453188313291
56,0.0652393265323
57,0.321684614709
58,0.0741185614328
59,0.0762804943424
60,0.294713037201
61,0.582391258384
62,0.359349233431
63,0.429030637748
64,0.57923313992
65,0.471199474068
66,0.2205082991
67,0.449942512997
68,0.34627406777
69,0.743612480279
70,0.499362078262
71,0.539968580935
72,0.467012124244
73,0.49980381557
74,0.11466030513
75,0.589153800955
76,0.587935998054
77,0.340302845981
78,0.367862654793
79,0.0733573704316
80,0.664324032146
81,0.417303333264
82,0.56790944294
83,0.166969270299
84,0.212358097235
85,0.368174371748
86,0.055299350344
87,0.420365876109
88,0.510908495459
89,0.079667535936
90,0.239026326539
91,0.374159742893
92,0.330482346922
93,0.535096982579
94,0.0866213112602
95,0.309988304036
96,0.104102042617
97,0.261811538452
98,0.422615188943
99,0.473533366556
100,0.224703424964
101,0.190468769867
102,0.403460607032
103,0.065626234574
104,0.0773801632068
105,0.139824791358
106,0.168192205004
107,0.41889937641
108,0.431061128175
109,0.244985958322
110,0.0925789246052
111,0.109792494443
112,0.186543964511
113,0.179215601743
114,0.139390107559
115,0.389710128801
