site,dnds
1,0.130164337701
2,0.549167625363
3,0.332452678448
4,0.249472717111
5,0.654007187339
6,0.110218357007
7,0.484787325674
8,0.0788336956647
9,0.552358052747
10,0.617791938292
11,0.613545813796
12,0.147081610142
13,0.452263069571
14,0.279695292881
15,0.558067928143
16,0.187037729899
17,0.557627485077
18,0.358380137206
19,0.560619713614
20,0.0279100314557
21,0.134784497616
22,0.532283451763
23,0.388580285742
24,0.177091028529
25,0.356117976451
26,0.0686303208368
27,0.0110861798716
28,0.0659161166828
29,0.174425236835
30,9.39879235308e-08
31,0.276496754311
32,0.208318616355
33,0.00962071186779
34,0.0155394231178
35,0.352831619594
36,0.181064910207
37,0.0896339659078
38,0.0153477029441
39,0.397872448204
40,0.0545355577714
41,0.180424317705
42,0.0482047280623
43,0.340166113831
44,0.0896799215335
45,0.490055196808
46,0.353866155102
47,0.270732359454
48,0.558157664867
49,0.0396642446744
50,0.276678844041
51,0.0710976223755
52,0.52736385399
53,0.135332295392
54,0.558383446025
55,0.388275420014
56,0.02871990077
57,0.253324157411
58,0.0593722808914
59,0.0120137448101
60,0.219052346514
61,0.561874946025
62,0.277630267447
63,0.355726097924
64,0.591373376359
65,0.371499888639
66,0.157549561657
67,0.447441495879
68,0.279268901633
69,0.663826571409
70,0.424895080224
71,0.560041049273
72,0.399497390665
73,0.507203749874
74,0.0116843849151
75,0.60468621789
76,0.528057858672
77,0.276978653784
78,0.36411413436
79,0.0413422168829
80,0.688088106275
81,0.391824301316
82,0.503449964551
83,0.166238161545
84,0.126190579785
85,0.282691555327
86,0.00890363250457
87,0.375153900544
88,0.485993718435
89,0.03003191434
90,0.181300151683
91,0.332085790831
92,0.221650694763
93,0.450694727358
94,0.0896349156207
95,0.186572901896
96,0.0275034135738
97,0.266826014911
98,0.30670473175
99,0.36405358835
100,0.239907190339
101,0.108429529199
102,0.293225930953
103,1.06997428872e-07
104,0.0221431050969
105,0.046599145515
106,0.0806680820214
107,0.35407396311
108,0.420791825546
109,0.188530640609
110,7.66485178794e-08
111,0.0509754714533
112,0.129771556858
113,0.0866800799505
114,0.0765410658936
115,0.348485290874
