site,dnds
1,0.223015475963
2,0.22947563047
3,0.262761467457
4,0.372970477632
5,0.421575736196
6,0.24028293299
7,0.342797708314
8,0.151395707262
9,0.191390908001
10,0.206426354459
11,0.152948476586
12,0.292534450756
13,0.123940237702
14,0.341086200919
15,0.177214707912
16,0.296069034951
17,0.220773474666
18,0.549928057119
19,0.26011053443
20,0.396925566975
21,0.571015810599
22,0.128850500902
23,0.319820116583
24,0.208698152006
25,0.647296963917
26,0.268763242203
27,0.426279244462
28,0.415472292852
29,0.20279482545
30,0.340071874708
31,0.324762232221
32,0.388443590929
33,0.206633281262
34,0.539913206043
35,0.619151220619
36,0.651421875702
37,0.467359915447
38,0.398503074494
39,0.535604889989
40,0.565212519635
41,0.370716763477
42,0.217227534365
43,0.556730568021
44,0.631054244629
45,0.227298716098
46,0.552024581877
47,0.539290043333
48,0.22916263093
49,0.503442106429
50,0.64401871177
51,0.320053174272
52,0.229677073846
53,0.298268250554
54,0.533884633722
55,0.531938524837
56,0.137017443014
57,0.380572865797
58,0.643103633482
59,0.361497319119
60,0.491469542944
61,0.587586962604
62,0.14364759351
63,0.23443738076
64,0.150564719537
65,0.268697333717
66,0.385658718858
67,0.268102573167
68,0.344510088109
69,0.246750421049
70,0.439852524595
71,0.275956040406
72,0.569190415702
73,0.431376261817
74,0.335044947105
75,0.272225661212
76,0.492656360246
77,0.538658759825
78,0.486932722632
79,0.123940237702
80,0.701560618989
81,0.486846844111
82,0.475411664278
83,0.153479218854
84,0.403216805753
85,0.150564719537
86,0.383176337246
87,0.189522444999
88,0.32756144717
89,0.639305893983
90,0.259201296038
91,0.507670692772
92,0.187305606295
93,0.153479218854
94,0.25932864863
95,0.238283607386
96,0.176769600849
97,0.210395567394
98,0.456892863657
99,0.484185130643
100,0.494429347622
101,0.587455708306
102,0.474366030664
103,0.239704174663
104,0.185426370362
105,0.190393958339
106,0.457281320661
107,0.290332843718
108,0.235602148448
109,0.200052361579
110,0.278049472435
111,0.461849498927
112,0.448194408996
113,0.341187310804
114,0.218822854286
115,0.651685648785
116,0.346222909637
117,0.254845070262
118,0.505285768425
119,0.199822312215
120,0.340528928589
121,0.190418301109
122,0.559721384441
123,0.580088927691
124,0.348738578475
125,0.606416254569
