site,dnds
1,0.0355442129459
2,0.183957252878
3,0.0922235020826
4,0.138515419449
5,0.266421239227
6,0.0274863239942
7,0.176404923046
8,0.020968737908
9,0.00892402806012
10,0.0619447572374
11,0.0365443257226
12,0.141936853634
13,0.00887107497485
14,0.217015749539
15,0.169666194837
16,0.191740517153
17,0.0622623604243
18,0.407884097394
19,0.104907649193
20,0.266669777338
21,0.474105653061
22,0.0236609683819
23,0.0914377890314
24,0.0250030878321
25,0.565828460576
26,0.0962794477305
27,0.214263647039
28,0.207403242178
29,0.178509575594
30,0.198124307428
31,0.204117021715
32,0.247580377619
33,0.00906322994333
34,0.372520062369
35,0.459305786294
36,0.482877635966
37,0.34533372362
38,0.338192721906
39,0.444910257813
40,0.412065497028
41,0.392476357264
42,0.11448713484
43,0.416434735455
44,0.483189642921
45,0.0105519194441
46,0.4892181372
47,0.359267673473
48,0.0929630294475
49,0.352388634044
50,0.533464563309
51,0.150930763361
52,0.0683176755549
53,0.115706621715
54,0.444384183391
55,0.468908188825
56,0.0409699081184
57,0.238351461536
58,0.503501500257
59,0.164889439686
60,0.286807878573
61,0.533506556958
62,0.0616784937635
63,0.0938847110565
64,0.0198245710242
65,0.149623678348
66,0.273451985224
67,0.117766835612
68,0.0503502016757
69,0.109548302405
70,0.0747542504342
71,0.0703468906094
72,0.517709723274
73,0.276568645591
74,0.198537353687
75,0.132955473753
76,0.341386875814
77,0.417903045193
78,0.37437385838
79,0.00746530456616
80,0.617993103771
81,0.234250251754
82,0.410267895081
83,9.8679905786e-08
84,0.344133671123
85,0.0113564914104
86,0.206730716316
87,0.0520569887327
88,0.33209870232
89,0.514861572991
90,0.146296032134
91,0.430563557272
92,0.0773261142197
93,0.00396166632474
94,0.0891531011071
95,0.0610175413563
96,0.0259639360966
97,0.00364939961479
98,0.236678926141
99,0.273339513065
100,0.380473970389
101,0.409507268799
102,0.365950131761
103,0.0927855733334
104,0.154504574171
105,0.00449960424809
106,0.32688744326
107,0.0828286381307
108,0.0821799514614
109,0.00798571088438
110,0.201941010289
111,0.408092870839
112,0.259445832157
113,0.29588592523
114,0.0780903113275
115,0.491362578625
116,0.318975344495
117,0.0842144656069
118,0.460398129106
119,0.176299781197
120,0.0163813978613
121,0.00582076104492
122,0.457844651194
123,0.491537585056
124,0.359804976219
125,0.51786814639
