site,dnds
1,0.0389073582932
2,0.191087598544
3,0.0976049430884
4,0.142397147412
5,0.271434445339
6,0.0317526388606
7,0.181939724513
8,0.0262704364304
9,0.0127790476675
10,0.0674334629125
11,0.0413496093223
12,0.146283275992
13,0.0145663782456
14,0.223571905268
15,0.174949098401
16,0.196775498633
17,0.0687928107271
18,0.41208957612
19,0.10872745734
20,0.270356157437
21,0.479901844856
22,0.0298070594112
23,0.0953249141291
24,0.0285511220408
25,0.570956323609
26,0.101594024234
27,0.217943095216
28,0.213502816865
29,0.183575449169
30,0.205742897625
31,0.209854258623
32,0.253421471964
33,0.0124380435305
34,0.377413435038
35,0.463921773778
36,0.48787629344
37,0.352329180175
38,0.344149250912
39,0.448732859086
40,0.416756408889
41,0.397600626515
42,0.120417233524
43,0.420888166155
44,0.487173413319
45,0.0143261694198
46,0.494094060678
47,0.364092855509
48,0.0989554838332
49,0.359557088099
50,0.538125138536
51,0.157477771985
52,0.0752918836118
53,0.118541859888
54,0.449428298999
55,0.474187585214
56,0.0470935774516
57,0.245067805363
58,0.508617687228
59,0.169559251638
60,0.290108843417
61,0.54006916994
62,0.0689868785497
63,0.100126218823
64,0.0243748912449
65,0.155123474782
66,0.278411282621
67,0.124237876869
68,0.0533385364314
69,0.116689539057
70,0.079432911421
71,0.0737528435808
72,0.521203823533
73,0.281243683121
74,0.203545236242
75,0.139213630502
76,0.347077271833
77,0.424836508028
78,0.380460515551
79,0.013805524979
80,0.62116651773
81,0.237984911649
82,0.414811364143
83,0.00479908051102
84,0.348334831845
85,0.0167115605329
86,0.210796815917
87,0.0579167912491
88,0.337166695628
89,0.519289221502
90,0.151938177448
91,0.436113764734
92,0.0820643941298
93,0.00915704523702
94,0.0945251870904
95,0.0661230196391
96,0.0312091618656
97,0.00851339753733
98,0.241565576813
99,0.27930645312
100,0.386656063123
101,0.414915625344
102,0.371318375233
103,0.100011324071
104,0.160004889621
105,0.00776248436187
106,0.33212475069
107,0.0888170810057
108,0.086975804608
109,0.0113084062942
110,0.20984095235
111,0.413146768273
112,0.263520621819
113,0.302093898457
114,0.0833243071948
115,0.496493864429
116,0.322861905655
117,0.0898524676477
118,0.464934525345
119,0.182455066267
120,0.0204016349971
121,0.00870261033758
122,0.462482266462
123,0.495917880237
124,0.364527312061
125,0.522175603962
