site,dnds
1,0.11953930938
2,0.164499709445
3,0.181480438279
4,0.276865368774
5,0.351191995992
6,0.140947134019
7,0.263899164517
8,0.0832331734188
9,0.0932492058543
10,0.129154540018
11,0.0812777428026
12,0.238711369343
13,0.055132846617
14,0.280415500859
15,0.129197062236
16,0.222385973004
17,0.139617821809
18,0.500344698198
19,0.172073864881
20,0.330089303119
21,0.514303363461
22,0.0619284183062
23,0.235003274262
24,0.110612097068
25,0.601769585158
26,0.174770774404
27,0.345896770381
28,0.342804745232
29,0.141151090274
30,0.259894213645
31,0.261456441181
32,0.304628289968
33,0.0951573804718
34,0.48112220049
35,0.561603393709
36,0.608477030334
37,0.414203461406
38,0.338860099552
39,0.49486627886
40,0.501916531006
41,0.31887890104
42,0.141277225677
43,0.508996039719
44,0.587021929586
45,0.106260423896
46,0.517290477157
47,0.467922024563
48,0.143773933629
49,0.428955603219
50,0.589774392013
51,0.246299978281
52,0.152130313212
53,0.196470806136
54,0.484335240589
55,0.483752652014
56,0.0671382355534
57,0.310255536045
58,0.583169217096
59,0.266995593708
60,0.426386702795
61,0.545475782875
62,0.091689194083
63,0.163590314477
64,0.0798470781695
65,0.202919818469
66,0.320366763427
67,0.195762251582
68,0.23836425492
69,0.17011601286
70,0.326701981343
71,0.161352555214
72,0.526466948363
73,0.351485273591
74,0.250886110834
75,0.192363660267
76,0.437927172185
77,0.488814983426
78,0.424974765828
79,0.0582349321155
80,0.664184401996
81,0.406048818766
82,0.405164017952
83,0.0660981044308
84,0.355893188521
85,0.0762419165576
86,0.290361091363
87,0.120102929083
88,0.281562522825
89,0.58835776379
90,0.189003559569
91,0.451459963209
92,0.128404060014
93,0.0711762270006
94,0.178057540691
95,0.157131481003
96,0.0940644321609
97,0.104863105642
98,0.371651909283
99,0.394483978446
100,0.441254761833
101,0.504243055453
102,0.406035466852
103,0.164211495709
104,0.122027399356
105,0.0882822101196
106,0.394533723235
107,0.188475915659
108,0.149640544795
109,0.096701895233
110,0.218354549106
111,0.431949319356
112,0.370034824738
113,0.281996710858
114,0.143883919064
115,0.600284591049
116,0.301381745261
117,0.1829950015
118,0.456774008162
119,0.143269595696
120,0.186736486378
121,0.0881161898569
122,0.528615669049
123,0.530849236858
124,0.304536150421
125,0.566834792693
