site,dnds
1,0.282784007631
2,0.624615464035
3,0.426253797707
4,0.42390558309
5,0.743617748095
6,0.30675997527
7,0.609145841275
8,0.2723352102
9,0.718116633989
10,0.604201893783
11,0.775712547197
12,0.348435527158
13,0.554603682784
14,0.400493221759
15,0.529548363848
16,0.391340327702
17,0.577352107708
18,0.474886692802
19,0.645000461757
20,0.133364651741
21,0.231275265393
22,0.693222037233
23,0.568425159713
24,0.298564183768
25,0.370461096378
26,0.235400888618
27,0.130743060636
28,0.277546550897
29,0.372770529339
30,0.117234201044
31,0.552091888897
32,0.554558717332
33,0.124394039143
34,0.188009783835
35,0.519981471692
36,0.296718000936
37,0.299625443775
38,0.169381937383
39,0.507872942583
40,0.190785591055
41,0.324015712195
42,0.216957032637
43,0.536585174151
44,0.299158546351
45,0.663120781232
46,0.449695390794
47,0.509936515631
48,0.673329835455
49,0.222673593384
50,0.413431668272
51,0.206152272875
52,0.658108817717
53,0.329875620919
54,0.720660359482
55,0.519258492013
56,0.0982023813649
57,0.43641953447
58,0.152706420356
59,0.158877589878
60,0.35490375637
61,0.771292405983
62,0.393790583528
63,0.518385946291
64,0.671591181968
65,0.566349882941
66,0.369735304752
67,0.581492080125
68,0.444772375124
69,0.760044505052
70,0.609265063774
71,0.578192794968
72,0.561014844316
73,0.592074277452
74,0.185995760986
75,0.642753071003
76,0.669954364777
77,0.463758878672
78,0.438699966411
79,0.124267668748
80,0.711384008468
81,0.481726045128
82,0.643774872282
83,0.232922210189
84,0.251666328184
85,0.452661618576
86,0.10248356907
87,0.449301639583
88,0.499408368095
89,0.139446465997
90,0.321252460331
91,0.515653887073
92,0.43324609137
93,0.618107691358
94,0.153061043169
95,0.419029746748
96,0.147149250924
97,0.380021852061
98,0.492061009462
99,0.662940325518
100,0.516692913687
101,0.284898112917
102,0.528687858345
103,0.10706165598
104,0.133832222126
105,0.210479478796
106,0.247916696175
107,0.501972365231
108,0.540276173583
109,0.423883064489
110,0.154845042334
111,0.180987992169
112,0.24630650621
113,0.255522361046
114,0.223649713896
115,0.4960219784
