site,dnds
1,0.207018758265
2,0.57129221776
3,0.317932533384
4,0.321055125124
5,0.764043881162
6,0.234229437229
7,0.517792159156
8,0.345925314936
9,0.653243003399
10,0.699642121805
11,0.71648033356
12,0.263859304148
13,0.427803307868
14,0.250217946022
15,0.517792159156
16,0.333988056145
17,0.540584114134
18,0.380236882227
19,0.670283312839
20,0.151566003624
21,0.181967734287
22,0.590895554084
23,0.405913184186
24,0.21556896213
25,0.331283044483
26,0.229595397644
27,0.167588907228
28,0.26688678938
29,0.248937751993
30,0.376369123436
31,0.413562577505
32,0.391635973829
33,0.15387270157
34,0.237659177378
35,0.389999340444
36,0.279159526609
37,0.211773564436
38,0.18382673159
39,0.410823052619
40,0.187138238521
41,0.264170776729
42,0.269885449436
43,0.471023673655
44,0.287855760817
45,0.552301960863
46,0.365531030711
47,0.383498051333
48,0.671447486964
49,0.176026561586
50,0.340870901724
51,0.189746749606
52,0.568297909209
53,0.267956532929
54,0.653243003399
55,0.425011842779
56,0.101277927084
57,0.36927761484
58,0.196094749313
59,0.238846272965
60,0.248332348626
61,0.533265284418
62,0.289807141807
63,0.44228003521
64,0.653243003399
65,0.444512382501
66,0.315693550705
67,0.533265284418
68,0.290447031237
69,0.699642121805
70,0.522340952402
71,0.577870999711
72,0.459911790005
73,0.517792159156
74,0.25412604638
75,0.699642121805
76,0.577833259233
77,0.326932699487
78,0.415503190956
79,0.186305066285
80,0.764043881162
81,0.436269558473
82,0.566755050005
83,0.2749502583
84,0.17282039991
85,0.326327007245
86,0.0973447812516
87,0.370829713278
88,0.37564643639
89,0.266797368798
90,0.248678267239
91,0.416989916165
92,0.325402811041
93,0.500278661742
94,0.180679250993
95,0.330301742016
96,0.1588926115
97,0.335238551541
98,0.441249630418
99,0.513739489579
100,0.427913904357
101,0.257510728447
102,0.429073847208
103,0.252484462051
104,0.162309307522
105,0.219790689268
106,0.302883949854
107,0.378380500406
108,0.440247440172
109,0.371387605803
110,0.41226827073
111,0.174562707389
112,0.245399550517
113,0.17282039991
114,0.222519009049
115,0.382475295742
