site,jsd
1,0.181368221689
2,0.119114192496
3,0.151216018886
4,0.173502579757
5,0.133718392053
6,0.262252280432
7,0.197246251186
8,0.32124248025
9,0.153882471824
10,0.129356379347
11,0.203350597099
12,0.197427264172
13,0.145357161439
14,0.193429934942
15,0.14597360738
16,0.219050313712
17,0.210433980911
18,0.182265918208
19,0.139764962615
20,0.247212508913
21,0.154136725188
22,0.145942890021
23,0.130718384579
24,0.209563202173
25,0.205779388772
26,0.268961666695
27,0.266705240984
28,0.313990416812
29,0.217995755521
30,0.333912293484
31,0.225831595801
32,0.369172928159
33,0.264890398937
34,0.317202154988
35,0.155203239143
36,0.205383947328
37,0.270608042828
38,0.2435162667
39,0.236248937424
40,0.182375062135
41,0.194940555312
42,0.259556123446
43,0.178174854734
44,0.317263835137
45,0.16226052788
46,0.202595319288
47,0.175653108109
48,0.154651850152
49,0.253186987507
50,0.179236698115
51,0.228137835517
52,0.15432599239
53,0.272277814991
54,0.159992034061
55,0.170950685205
56,0.208683212303
57,0.178589390216
58,0.212712817282
59,0.265261469894
60,0.145372627601
61,0.185654363227
62,0.157555955987
63,0.181864682378
64,0.162797017527
65,0.195401814613
66,0.1962601922
67,0.13443991664
68,0.188731451845
69,0.140897839547
70,0.167621314806
71,0.15040914218
72,0.205918328396
73,0.118815178962
74,0.31724843067
75,0.17029239606
76,0.183566024982
77,0.235480455359
78,0.167689002575
79,0.198459743343
80,0.145674397327
81,0.18363603164
82,0.16442241447
83,0.181535809537
84,0.214887016927
85,0.185643929751
86,0.184062508617
87,0.149564946815
88,0.246529114793
89,0.255246862676
90,0.187719100386
91,0.177838860591
92,0.172527494415
93,0.187978901926
94,0.186433042685
95,0.216465022493
96,0.23165078766
97,0.190420577135
98,0.204408692256
99,0.262399917897
100,0.228158395511
101,0.283199438676
102,0.204276021405
103,0.258004008329
104,0.259767337625
105,0.302463204951
106,0.239643839115
107,0.171829120209
108,0.109404702622
109,0.218224603265
110,0.365864374214
111,0.259327528133
112,0.225742699408
113,0.226281139635
114,0.234061070611
115,0.159508227776