site,dnds
1,0.095412922054
2,0.482669958071
3,0.239874417281
4,0.270174094833
5,0.645577052225
6,0.200504077931
7,0.485081066093
8,0.0920322023979
9,0.606243815643
10,0.42952911415
11,0.582670271788
12,0.185522277601
13,0.37204216377
14,0.307550297684
15,0.38337941022
16,0.177035830565
17,0.502983537386
18,0.365437423887
19,0.47109793045
20,0.00196092856415
21,0.0281087803428
22,0.57168002646
23,0.437056133386
24,0.188330963668
25,0.194933973788
26,0.114570695993
27,0.00201035000541
28,0.0933150761809
29,0.150608584752
30,0.00203608670794
31,0.300962653981
32,0.269772033041
33,0.0197313802287
34,0.0168842233138
35,0.395182942031
36,0.179729058643
37,0.110729328792
38,0.0284466416067
39,0.419388525993
40,0.0180422263933
41,0.214437982679
42,0.0453284814518
43,0.336418230848
44,0.106183259989
45,0.40284338241
46,0.360365073355
47,0.407410715865
48,0.40785789506
49,0.0558389498158
50,0.302482546115
51,0.0602595690614
52,0.490030744738
53,0.113676294476
54,0.636801216751
55,0.315959773354
56,0.00876719823091
57,0.264583938473
58,0.027217865477
59,0.0269356590602
60,0.241011600265
61,0.470047771367
62,0.275227637524
63,0.414108861976
64,0.502977409209
65,0.42388885751
66,0.157352157671
67,0.369628799611
68,0.340907555697
69,0.724804118319
70,0.435667224237
71,0.535826321306
72,0.459068005796
73,0.418881619432
74,0.0289150175726
75,0.512308070547
76,0.570096131865
77,0.278388974471
78,0.347337994735
79,0.0225821774022
80,0.691882726298
81,0.329555278261
82,0.522117048563
83,0.110720129874
84,0.128066460178
85,0.294858895005
86,0.00553681697128
87,0.37417075545
88,0.424240835643
89,0.0237954801969
90,0.186020861649
91,0.242927744191
92,0.206999450282
93,0.486968713973
94,0.0262262473079
95,0.277018160066
96,0.0324475521455
97,0.176556460769
98,0.326373234273
99,0.425849258212
100,0.10576221197
101,0.129650897377
102,0.374045384065
103,0.0018646686586
104,0.0285134965419
105,0.133626674457
106,0.143536071022
107,0.39975363308
108,0.306829869709
109,0.195806241482
110,0.00287674707676
111,0.0304235766181
112,0.10600068051
113,0.113415878362
114,0.0767946491656
115,0.315801745743
