site,dnds
1,0.100490327582
2,0.481219036283
3,0.2371007741
4,0.269624216422
5,0.643292483145
6,0.208302563513
7,0.48254231855
8,0.104587617148
9,0.603759501102
10,0.430108788046
11,0.579707728332
12,0.183769534201
13,0.37073423861
14,0.306928748916
15,0.383738683852
16,0.177590136584
17,0.500319839726
18,0.364983439195
19,0.470238719945
20,0.0626014636795
21,0.0379212856885
22,0.569284112002
23,0.43074078823
24,0.18563377726
25,0.195119803962
26,0.119247839118
27,0.0626526781513
28,0.105274368594
29,0.151598778976
30,0.0519410483472
31,0.29839633622
32,0.269113582151
33,0.0472268346126
34,0.0422247496288
35,0.39524404592
36,0.181707733024
37,0.117653224798
38,0.0708255361505
39,0.417272270139
40,0.0781065817175
41,0.215310611478
42,0.0627606303398
43,0.335860799591
44,0.129363075029
45,0.398372058439
46,0.358266498906
47,0.403955351572
48,0.407727202344
49,0.0830807959655
50,0.301298646506
51,0.0705274081619
52,0.489469243543
53,0.114474672283
54,0.634726508773
55,0.31310201625
56,0.0222890435613
57,0.26469455494
58,0.0466829804583
59,0.0383512558104
60,0.241362565214
61,0.466293075722
62,0.275118463751
63,0.413457158586
64,0.5015726535
65,0.419627435589
66,0.157185024655
67,0.367795142914
68,0.338776937659
69,0.722403599123
70,0.433452021282
71,0.535786864735
72,0.457827481752
73,0.418332624047
74,0.0588942480992
75,0.511626999796
76,0.568064820153
77,0.277215519237
78,0.346011992021
79,0.0297885669809
80,0.690344660313
81,0.33077325866
82,0.520833101698
83,0.115021095765
84,0.132611996572
85,0.293125486007
86,0.0317628711149
87,0.371465497765
88,0.423115670385
89,0.0402083979361
90,0.186508901966
91,0.241795123357
92,0.204688897872
93,0.485222537986
94,0.0558524456105
95,0.275498624698
96,0.0561532310082
97,0.173810382663
98,0.325218583418
99,0.42365824678
100,0.105511074086
101,0.136911126137
102,0.372721692253
103,0.057212691885
104,0.0609617636299
105,0.132605693883
106,0.148000846318
107,0.398575155097
108,0.306825666578
109,0.201175015036
110,0.0802081006214
111,0.0477535921261
112,0.109098328927
113,0.122054779841
114,0.0932428302068
115,0.312985600026
