site,jsd
1,0.0362258862633
2,0.151560042056
3,0.11432690327
4,0.0589207458148
5,0.114288498356
6,0.0602942881076
7,0.099169789933
8,0.0654540201921
9,0.0570985443709
10,0.160619049579
11,0.131524008118
12,0.143271868439
13,0.120209468212
14,0.0564866384968
15,0.13419702427
16,0.185411458824
17,0.117901335737
18,0.0621906194267
19,0.11766333437
20,0.146277003112
21,0.151816547376
22,0.0844670411951
23,0.052281052673
24,0.0854624337049
25,0.142746565418
26,0.0910414996182
27,0.028671932071
28,0.0864693695172
29,0.0399652938605
30,0.0545780383949
31,0.0568411013556
32,0.152677182578
33,0.0224925584536
34,0.0312475960313
35,0.220396573699
36,0.0553759656777
37,0.117658259276
38,0.052627071611
39,0.183143748983
40,0.0415975402861
41,0.0356715492838
42,0.0456059892077
43,0.0664098777489
44,0.0231563943956
45,0.199625059305
46,0.102160247608
47,0.153365647714
48,0.162820924948
49,0.0219302023407
50,0.0635357299814
51,0.0550038565215
52,0.150132697352
53,0.113702372751
54,0.156606246491
55,0.113531134469
56,0.0507213336777
57,0.0688326505388
58,0.0934791272737
59,0.0212535836932
60,0.0474357000376
61,0.153222234279
62,0.0388480543567
63,0.119151654609
64,0.117879940114
65,0.0831741333393
66,0.0586277010207
67,0.165558997693
68,0.0802068423032
69,0.107020693184
70,0.0863447465701
71,0.101990885853
72,0.139221595265
73,0.122007031133
74,0.0593034861662
75,0.136456344306
76,0.126932777743
77,0.0568708809224
78,0.0482045584601
79,0.0257134211114
80,0.126391439631
81,0.126148904631
82,0.14830245842
83,0.0875361962405
84,0.0461609834352
85,0.0678428223259
86,0.0395717608896
87,0.0528441648724
88,0.173883166481
89,0.0517279546767
90,0.0380360515551
91,0.0751368510891
92,0.197792821779
93,0.0958781632588
94,0.0880640585209
95,0.12167791314
96,0.09157385987
97,0.166981416065
98,0.0979729206855
99,0.0683887869938
100,0.314482930993
101,0.203632909625
102,0.15677408556
103,0.0286097916914
104,0.0411660874083
105,0.155062687003
106,0.21771709989
107,0.0825318282537
108,0.123051207386
109,0.0483795593478
110,0.0285932598355
111,0.0450318838819
112,0.0544628662704
113,0.0413192518031
114,0.0372048551813
115,0.112544996818