site,dnds
1,0.198632172708
2,0.596108210558
3,0.305895663076
4,0.281244502411
5,0.645924224414
6,0.321328610143
7,0.490534349864
8,0.355912416175
9,0.711100789647
10,0.466915067746
11,0.711100789647
12,0.252462290968
13,0.473871995074
14,0.276881846096
15,0.553965706533
16,0.278292266251
17,0.719404581617
18,0.357475814753
19,0.506130376017
20,0.182432277923
21,0.129314895362
22,0.670620807493
23,0.502575596649
24,0.308818462187
25,0.33800726061
26,0.309014409114
27,0.185352127355
28,0.417111589593
29,0.194961187524
30,0.381581472423
31,0.397234358563
32,0.337303420186
33,0.172359883963
34,0.362578910075
35,0.504390899005
36,0.290446282464
37,0.234136260376
38,0.160752445876
39,0.470646128802
40,0.318517621113
41,0.282519683892
42,0.135435653477
43,0.402906739996
44,0.334827932544
45,0.586121002249
46,0.346269243418
47,0.465363652811
48,0.553965706533
49,0.167813528006
50,0.404433371042
51,0.200298346114
52,0.553965706533
53,0.163649895449
54,0.711100789647
55,0.403623746704
56,0.109938173537
57,0.361985092713
58,0.140230828515
59,0.189109533292
60,0.287770411758
61,0.473871995074
62,0.338430745939
63,0.516119226784
64,0.624481319156
65,0.484479858453
66,0.316115566035
67,0.451577177148
68,0.413843686642
69,0.73288546063
70,0.475700067079
71,0.598442343825
72,0.505001151923
73,0.490534349864
74,0.244413085943
75,0.558026368641
76,0.586997100963
77,0.32990705516
78,0.383590654672
79,0.147265890154
80,0.73288546063
81,0.504075334665
82,0.531234044236
83,0.260149414272
84,0.192113114243
85,0.353891045768
86,0.114937337304
87,0.40857474589
88,0.465952980516
89,0.269225785504
90,0.26536104853
91,0.33035040371
92,0.274825565502
93,0.515620186161
94,0.181613773172
95,0.404965803478
96,0.247165090024
97,0.333461403744
98,0.418788249394
99,0.455170743268
100,0.233559082211
101,0.292069804158
102,0.491827553596
103,0.247941554029
104,0.192921859869
105,0.304828564632
106,0.259821903971
107,0.404273276448
108,0.353098194809
109,0.379381249765
110,0.39062274968
111,0.164559807976
112,0.165794015826
113,0.239626976432
114,0.217989465493
115,0.352383198722
