site,jsd
1,0.0264462633998
2,0.0525422240884
3,0.128260568328
4,0.0433020658499
5,0.13698725669
6,0.0670485229047
7,0.13855926527
8,0.0409842674644
9,0.0947387416189
10,0.135734743503
11,0.168913775693
12,0.104454548993
13,0.148515141952
14,0.053706227172
15,0.181568398006
16,0.151177755125
17,0.182752647514
18,0.111247128976
19,0.124768584366
20,0.0510837907811
21,0.0868846295643
22,0.0999094605844
23,0.0831497991525
24,0.0602558067222
25,0.127595628842
26,0.064599037616
27,0.00688036954317
28,0.0513251361066
29,0.0620437096169
30,0.0522457738297
31,0.117606542485
32,0.368018189598
33,0.0329282853055
34,0.0593504970826
35,0.0726552065335
36,0.0442377422715
37,0.172870331975
38,0.0502897231609
39,0.174490616636
40,0.00973988545146
41,0.0564934571309
42,0.0059455248287
43,0.0704806893944
44,0.0285593889145
45,0.156165217173
46,0.181619085248
47,0.0824800699966
48,0.127426188883
49,0.0202839775501
50,0.0723859896188
51,0.0556173282846
52,0.11592431044
53,0.117490529332
54,0.0592352377995
55,0.0634540752727
56,0.0659201591093
57,0.0816234207857
58,0.0616842164679
59,0.0119623515473
60,0.035403098356
61,0.135212366151
62,0.0448996085717
63,0.0894406805125
64,0.131327158421
65,0.109648081473
66,0.0807097723164
67,0.104242191195
68,0.0553601933799
69,0.0950095550391
70,0.113024631011
71,0.150154627865
72,0.149492578978
73,0.108493785974
74,0.100586756565
75,0.158901628738
76,0.139953207003
77,0.115370817389
78,0.077817151632
79,0.0380478872716
80,0.152614977181
81,0.137599866349
82,0.0987277162203
83,0.0907879846295
84,0.042708795633
85,0.0769773951358
86,0.0112855576391
87,0.0878514112774
88,0.197059554901
89,0.0263136386524
90,0.0313066601026
91,0.0822314867541
92,0.134835738785
93,0.1471672691
94,0.0765458668549
95,0.0854202330461
96,0.0892022295788
97,0.146600632458
98,0.114170636332
99,0.145168505661
100,0.162863474783
101,0.0780208269963
102,0.100009602535
103,0.0232962084989
104,0.0333987299087
105,0.0461438411198
106,0.0249177029605
107,0.172216323293
108,0.0898223535159
109,0.0453382915796
110,0.0234049340235
111,0.0484315953925
112,0.0667973372245
113,0.0364075053287
114,0.0453095034944
115,0.0954086606811