site,dnds
1,0.138597073184
2,0.506528985135
3,0.273557374342
4,0.288632979977
5,0.660141554554
6,0.273386851398
7,0.511271768277
8,0.224033210603
9,0.621537260346
10,0.461995828346
11,0.599600796913
12,0.211123212637
13,0.391386005391
14,0.328699388369
15,0.416149508202
16,0.225684095111
17,0.514787898994
18,0.386068523174
19,0.487824537694
20,0.223951809299
21,0.105365526426
22,0.584639619024
23,0.466560808154
24,0.216558888946
25,0.246667547569
26,0.207343447852
27,0.224320464422
28,0.276751027341
29,0.183283094247
30,0.256059569993
31,0.337737617164
32,0.302910556452
33,0.192945874182
34,0.229132421798
35,0.425459325111
36,0.236537972646
37,0.206393608765
38,0.199206089996
39,0.443276922843
40,0.218914694731
41,0.244759946898
42,0.167975321908
43,0.364757957869
44,0.257625486404
45,0.431622885671
46,0.389116790321
47,0.426892718831
48,0.463885465479
49,0.203703354878
50,0.343986532775
51,0.127197340766
52,0.50412736139
53,0.199773643516
54,0.648480174665
55,0.346058660524
56,0.0780599632786
57,0.307562853068
58,0.114279072935
59,0.105166222404
60,0.269443604781
61,0.493988890985
62,0.301849821343
63,0.462250252563
64,0.518980290835
65,0.444966009087
66,0.186538451064
67,0.407499659576
68,0.369091427308
69,0.738558818993
70,0.452847475709
71,0.548622761253
72,0.477053292624
73,0.457074250342
74,0.203189463213
75,0.527818671596
76,0.581994079989
77,0.302728440825
78,0.363832713406
79,0.134318040314
80,0.700768574895
81,0.365106387635
82,0.530915393711
83,0.165892684882
84,0.195244881419
85,0.323020019157
86,0.130216717901
87,0.391136271756
88,0.442044280913
89,0.1918752444
90,0.219830065376
91,0.272740418732
92,0.258464200313
93,0.503605429764
94,0.151553621642
95,0.317075639307
96,0.210933293099
97,0.237292246064
98,0.357189354545
99,0.468365430411
100,0.151856175696
101,0.195724596938
102,0.408063337798
103,0.209271713067
104,0.171214398977
105,0.191722483865
106,0.15921201059
107,0.420758139802
108,0.328550431848
109,0.267160429655
110,0.351835850304
111,0.170309639005
112,0.153137202278
113,0.176357388516
114,0.165165307699
115,0.342928988757
