site,dnds
1,0.1554567972
2,0.508285020404
3,0.234372588887
4,0.280920723847
5,0.649408861397
6,0.164917887839
7,0.452088446687
8,0.0689430562621
9,0.575871054829
10,0.500057868631
11,0.653144387336
12,0.139949420881
13,0.366299039894
14,0.244567324571
15,0.416931881343
16,0.205744798154
17,0.452009026239
18,0.354058016872
19,0.537124754479
20,0.00762536860578
21,0.0961044209564
22,0.555651302415
23,0.372815145289
24,0.137653760755
25,0.177584160471
26,0.0831330144381
27,0.0067408715698
28,0.0987261203234
29,0.205461342561
30,3.30293752987e-05
31,0.35916325944
32,0.243168131531
33,3.47303162416e-05
34,0.0374669275961
35,0.311251519458
36,0.155056357159
37,0.120799912567
38,0.0242724217665
39,0.341282449129
40,0.0668269278439
41,0.182167336321
42,0.0484503912414
43,0.368934201317
44,0.114938542704
45,0.521647917623
46,0.287756811642
47,0.317391408868
48,0.527803651105
49,0.0572766186663
50,0.265004813294
51,0.0646729696714
52,0.489650120009
53,0.147813768396
54,0.5736303122
55,0.350266144621
56,2.9812480511e-05
57,0.28967305332
58,0.0327003873385
59,0.0228761019429
60,0.22385071955
61,0.635305335361
62,0.237944156118
63,0.371679468912
64,0.562618333529
65,0.371168393865
66,0.165388815553
67,0.422095081482
68,0.257616520926
69,0.602474911381
70,0.448876641348
71,0.498094994356
72,0.42148180315
73,0.451029868702
74,0.0360914708998
75,0.556761924812
76,0.520137849038
77,0.308824226729
78,0.34502549508
79,0.016504815893
80,0.619090905165
81,0.288544255565
82,0.504463208206
83,0.110207963115
84,0.113228602247
85,0.322800543415
86,0.0052170956543
87,0.32950288057
88,0.373485979435
89,0.0134656136408
90,0.180687455185
91,0.357303700878
92,0.263793755007
93,0.436491464856
94,0.0306393707569
95,0.179758051168
96,0.014899807615
97,0.175048960903
98,0.343826043647
99,0.446456872637
100,0.284121272566
101,0.0970584987141
102,0.343198759791
103,2.98169287958e-05
104,0.00752381436854
105,0.0601329369509
106,0.0852324091713
107,0.291001715537
108,0.395965600065
109,0.243158371407
110,4.9981861752e-05
111,0.0333897088812
112,0.107829574885
113,0.119602002688
114,0.0966276702428
115,0.350447110525
