site,jsd
1,0.0300491067293
2,0.0542498367401
3,0.125659185756
4,0.0443294765184
5,0.136759345894
6,0.0682828414435
7,0.141550225586
8,0.0419381440418
9,0.0949641476058
10,0.135735831785
11,0.169865048471
12,0.106393134633
13,0.145654413255
14,0.053232674466
15,0.179991292216
16,0.150608614315
17,0.177374699923
18,0.111520381197
19,0.123870990922
20,0.0447144829459
21,0.0799497293348
22,0.10157626006
23,0.0834429134598
24,0.0594207068843
25,0.125061657361
26,0.0663096765694
27,0.0173202401975
28,0.0564144864711
29,0.0664001221518
30,0.0520540783358
31,0.118898633616
32,0.367160561222
33,0.0346093707677
34,0.0610767906562
35,0.0690734903109
36,0.0453064801237
37,0.169317453794
38,0.0497442752136
39,0.172965575198
40,0.0139188333295
41,0.0566095388175
42,0.0248444644097
43,0.0745138479769
44,0.0348281458687
45,0.155040856774
46,0.181940676953
47,0.0831916256182
48,0.127622903943
49,0.0250960639877
50,0.0670179644188
51,0.0552366213195
52,0.110785723997
53,0.118880772388
54,0.0614246327382
55,0.0667944635037
56,0.065953094623
57,0.0804256333348
58,0.0639332455048
59,0.0197503334121
60,0.03580227439
61,0.137644384045
62,0.045662277335
63,0.0902413392235
64,0.13166852121
65,0.110933127473
66,0.0786255676143
67,0.104740017335
68,0.0574228274256
69,0.0937642604692
70,0.113469061563
71,0.15095746694
72,0.151831050684
73,0.108348306541
74,0.0995199107332
75,0.158756260091
76,0.134994991624
77,0.116519097163
78,0.0809832083411
79,0.0389255526878
80,0.152470991707
81,0.133173141825
82,0.0993586973912
83,0.0950000185258
84,0.0424203151544
85,0.0786245963196
86,0.0139508996732
87,0.0885632583764
88,0.198003584567
89,0.0323885429287
90,0.0334174746535
91,0.0830822228414
92,0.134551060099
93,0.147209228655
94,0.0765336214836
95,0.0810057928299
96,0.0894936185714
97,0.139860066613
98,0.109691144881
99,0.142830322572
100,0.162253816231
101,0.0907247118536
102,0.101203917853
103,0.0247964842352
104,0.0353175540814
105,0.0472970897387
106,0.027408497033
107,0.139013008752
108,0.0882448343072
109,0.0477629830725
110,0.0271589769577
111,0.0512486927222
112,0.0679187662909
113,0.0389351076509
114,0.0459396743579
115,0.0958097658403