site,dnds
1,0.37793213831
2,0.637090799776
3,0.499292445313
4,0.488565614117
5,0.729664173744
6,0.455447616911
7,0.628784768837
8,0.547651523195
9,0.715032120292
10,0.623517793797
11,0.782565276317
12,0.485098692196
13,0.578443246087
14,0.505133683404
15,0.57911315413
16,0.514637705651
17,0.621103103217
18,0.519618759958
19,0.699192521373
20,0.419979493352
21,0.388804128118
22,0.68752585922
23,0.564165947513
24,0.475198289661
25,0.468658722177
26,0.417728108164
27,0.416485094759
28,0.53510015746
29,0.507224338926
30,0.451602660622
31,0.575850943847
32,0.598474639973
33,0.431417716979
34,0.503834714128
35,0.558688004908
36,0.453714585708
37,0.487788825077
38,0.43401386063
39,0.57245697669
40,0.404498389801
41,0.448759654108
42,0.453162648366
43,0.593478548542
44,0.494893372003
45,0.661856867283
46,0.536768335409
47,0.57332798373
48,0.691308808953
49,0.46240453216
50,0.489400253525
51,0.408481150077
52,0.653029138986
53,0.461465397164
54,0.735844662109
55,0.560861138871
56,0.346761623907
57,0.500769222738
58,0.332021035306
59,0.437351961973
60,0.43953041426
61,0.765384184702
62,0.490798060734
63,0.567304065765
64,0.68561313155
65,0.585635683361
66,0.532539450947
67,0.641126161343
68,0.558322782227
69,0.757882738854
70,0.643548844625
71,0.604117147438
72,0.581271156887
73,0.591714133954
74,0.448835529455
75,0.656831911268
76,0.679559263691
77,0.548143053429
78,0.536747421209
79,0.333770151435
80,0.734859908191
81,0.573845620955
82,0.645853858681
83,0.447758607656
84,0.393611927802
85,0.501919339022
86,0.296630749518
87,0.495363749638
88,0.561865744043
89,0.432815985731
90,0.448330775537
91,0.573720540828
92,0.475812611792
93,0.613215797442
94,0.355849389275
95,0.573576323071
96,0.406395269864
97,0.51811749067
98,0.563601184177
99,0.664685488131
100,0.638305186637
101,0.435456352551
102,0.581680807574
103,0.380220255751
104,0.415258366872
105,0.452346136045
106,0.476248166413
107,0.55851338348
108,0.569542914409
109,0.556884676703
110,0.55898612813
111,0.44123212821
112,0.43030379698
113,0.397795708228
114,0.394358872515
115,0.561561065559
