site,dnds
1,0.09203432817
2,0.477506501847
3,0.232204867926
4,0.267655293174
5,0.640751722952
6,0.196606049599
7,0.4785800915
8,0.0845753910063
9,0.601197146304
10,0.426123576064
11,0.577061353497
12,0.180764935709
13,0.368335523091
14,0.304376009252
15,0.379708220413
16,0.172789679142
17,0.498386229218
18,0.362623391011
19,0.46819530938
20,3.09951324386e-05
21,0.0251958464652
22,0.567408376135
23,0.425358207786
24,0.181581615056
25,0.185919198847
26,0.108461821775
27,3.18211467172e-05
28,0.0867183114179
29,0.148154438631
30,3.24166563126e-05
31,0.294045895351
32,0.264672392378
33,0.015963219751
34,0.0134787256772
35,0.391376673297
36,0.175423379441
37,0.0997021236043
38,0.0252983968072
39,0.414333873626
40,0.0155305902063
41,0.211204113409
42,0.0411918275924
43,0.332874329174
44,0.101294645606
45,0.394229613335
46,0.354469804833
47,0.401067901697
48,0.400064500455
49,0.0517717652793
50,0.29657589494
51,0.0574386486478
52,0.487734399701
53,0.109082750217
54,0.633016465376
55,0.308806944236
56,0.00663135688371
57,0.258644179962
58,0.024777912358
59,0.0248030884254
60,0.237935750484
61,0.462679827105
62,0.272443254598
63,0.40541776299
64,0.499292138587
65,0.415454184823
66,0.15400685905
67,0.362775452085
68,0.335913124242
69,0.719998251706
70,0.431227877388
71,0.534339812298
72,0.455560919034
73,0.413049877009
74,0.0253366141113
75,0.509611633275
76,0.566451643616
77,0.275081030997
78,0.343827799625
79,0.0200991765027
80,0.689151231714
81,0.326018519383
82,0.519645445101
83,0.106009603237
84,0.124495994356
85,0.290187350923
86,0.00297289840553
87,0.370306491798
88,0.420968889316
89,0.0200452042801
90,0.183141313262
91,0.238044311401
92,0.198359048901
93,0.482769395574
94,0.0238969523433
95,0.269725055626
96,0.0254267798742
97,0.163181027053
98,0.319576157008
99,0.4167760324
100,0.101846866855
101,0.118214591293
102,0.366839179871
103,2.94721721461e-05
104,0.0253189572963
105,0.124590187333
106,0.151967700346
107,0.395353976552
108,0.302077104585
109,0.18946074574
110,4.97945566632e-05
111,0.0270470780783
112,0.103200721187
113,0.108714787835
114,0.0740477771055
115,0.308685717038
