site,jsd
1,0.0266641536136
2,0.0525941066947
3,0.128392651766
4,0.0433006382369
5,0.136986946339
6,0.067078453961
7,0.138607933192
8,0.0406774139765
9,0.0947122289716
10,0.135743423648
11,0.168910881544
12,0.104414298806
13,0.148446700897
14,0.0537524872136
15,0.181540840454
16,0.151111195596
17,0.182342214854
18,0.111238240725
19,0.124734159445
20,0.0507546748453
21,0.0861493465447
22,0.0999141566644
23,0.083156068576
24,0.060215904281
25,0.127589757065
26,0.0646221425913
27,0.0072626968373
28,0.0514211115183
29,0.0648037114098
30,0.0522081932171
31,0.117641926761
32,0.368045856334
33,0.0329524290106
34,0.0593866049228
35,0.07209666496
36,0.0442494333548
37,0.172841057264
38,0.0502259572724
39,0.174604063986
40,0.00981822258455
41,0.0564915508426
42,0.010122671807
43,0.0707970540248
44,0.0287101769247
45,0.156122705879
46,0.181638245633
47,0.0825006789522
48,0.127435983236
49,0.0204019657307
50,0.0722965674072
51,0.0555872037639
52,0.111835600015
53,0.117531615837
54,0.0593926521429
55,0.0639202431574
56,0.065914905822
57,0.0815818309221
58,0.0617294426418
59,0.0121423833784
60,0.0354074535577
61,0.135397433466
62,0.0449037692317
63,0.089423612806
64,0.131321840358
65,0.109557148634
66,0.0806332495417
67,0.104251817228
68,0.0554148470323
69,0.0949802493721
70,0.113009216587
71,0.150175158126
72,0.149527762451
73,0.10853533064
74,0.10047837794
75,0.158895469209
76,0.139821700316
77,0.115394692917
78,0.0778641525157
79,0.0380569520804
80,0.152608712775
81,0.13745997017
82,0.0987023935741
83,0.0921899463248
84,0.0426434195383
85,0.0770200486156
86,0.0113286983068
87,0.0878750679756
88,0.197075293616
89,0.026454239725
90,0.0313219400568
91,0.0822323012385
92,0.134798386932
93,0.147175324721
94,0.0765478413232
95,0.0852249181952
96,0.0892083932262
97,0.146456459656
98,0.114003974968
99,0.141092000426
100,0.162827087257
101,0.0780907678663
102,0.100033714108
103,0.0232983456644
104,0.0334205996329
105,0.046128509596
106,0.024927495426
107,0.154812402885
108,0.089755376635
109,0.0453732710526
110,0.0234200161494
111,0.0484984295208
112,0.0668130514862
113,0.0364531662138
114,0.0452839085367
115,0.0954090597224