site,jsd
1,0.133461270206
2,0.174303807246
3,0.0928656754401
4,0.0633196949603
5,0.108320910436
6,0.242576198436
7,0.183408118504
8,0.23092901227
9,0.17395751137
10,0.137987293138
11,0.150155348529
12,0.124178209076
13,0.147477445864
14,0.0772020346911
15,0.121572710291
16,0.196157176776
17,0.167310289329
18,0.0974815903733
19,0.135060507257
20,0.180498630286
21,0.211912488987
22,0.115192721214
23,0.0941782722737
24,0.124706947617
25,0.167575728845
26,0.248397508343
27,0.175200844319
28,0.291441815073
29,0.135148740115
30,0.341527239491
31,0.121593437643
32,0.1927072045
33,0.171014394295
34,0.292868634246
35,0.259219784321
36,0.155525075383
37,0.27070984208
38,0.157305162443
39,0.200440950891
40,0.235660294329
41,0.11289699035
42,0.175025901053
43,0.0981961732626
44,0.312731227035
45,0.15417018446
46,0.166032666422
47,0.172833297133
48,0.156105757886
49,0.1687838829
50,0.127944001317
51,0.196581787394
52,0.15248721764
53,0.157251260275
54,0.138218416801
55,0.127620142246
56,0.155063571488
57,0.12422285606
58,0.19990711635
59,0.180073867612
60,0.0674384994529
61,0.150693994121
62,0.0866895997123
63,0.177830316088
64,0.174521312793
65,0.133491454937
66,0.127547931537
67,0.140957933656
68,0.127908127101
69,0.216098753278
70,0.0926278615679
71,0.152744845511
72,0.140366551313
73,0.0992569340812
74,0.210737339827
75,0.141606391554
76,0.129661520243
77,0.129636471718
78,0.0570409690184
79,0.18074857938
80,0.186003279157
81,0.11305141692
82,0.158193951271
83,0.140940607384
84,0.132512916602
85,0.109606962558
86,0.150322496502
87,0.111269972545
88,0.173893004974
89,0.197449661058
90,0.0669225468367
91,0.112456110458
92,0.213581476432
93,0.109487715525
94,0.182440808144
95,0.16583641769
96,0.200879521312
97,0.167320971735
98,0.111415709375
99,0.181676020444
100,0.291739626132
101,0.325817947789
102,0.22058407562
103,0.237375003282
104,0.178661648604
105,0.286668027352
106,0.268386382916
107,0.0654675628657
108,0.122979344088
109,0.175617436684
110,0.358256948907
111,0.174527851651
112,0.14528861632
113,0.143820941693
114,0.153183307932
115,0.079344271332