site,dnds
1,0.232300090692
2,0.586893217102
3,0.437900569759
4,0.419558509889
5,0.758703623468
6,0.365783104132
7,0.627116938124
8,0.309615546481
9,0.747912587693
10,0.562066805801
11,0.702775718111
12,0.320608931802
13,0.529195263692
14,0.437508620766
15,0.546443410504
16,0.326246621277
17,0.625648203186
18,0.489467527837
19,0.586826771705
20,0.113844937245
21,0.147779498485
22,0.700786985352
23,0.653499534023
24,0.341861533905
25,0.379361274725
26,0.290558056247
27,0.116093323263
28,0.276332702268
29,0.291501498345
30,0.116147847622
31,0.51222973937
32,0.415944888457
33,0.152011943593
34,0.153867707015
35,0.552579308733
36,0.314882490252
37,0.294202409869
38,0.157760232371
39,0.541937619624
40,0.107972050315
41,0.344826446785
42,0.184564980913
43,0.487893118044
44,0.286035846272
45,0.587256653066
46,0.523033619025
47,0.575924096472
48,0.656974961079
49,0.19310993548
50,0.450094696182
51,0.187410951611
52,0.588440439983
53,0.321663846008
54,0.736872545616
55,0.511735588838
56,0.10926776582
57,0.425460474006
58,0.13961813818
59,0.15113300573
60,0.378858509247
61,0.629712696381
62,0.40326323117
63,0.530802224739
64,0.634301908504
65,0.582174619633
66,0.285527277979
67,0.520680785914
68,0.491959309739
69,0.826023078735
70,0.590100048223
71,0.629521696787
72,0.580862315356
73,0.607846199983
74,0.176738613425
75,0.621166094029
76,0.682478317187
77,0.422345506038
78,0.484200496985
79,0.121291824523
80,0.767920862916
81,0.517897217904
82,0.623626427314
83,0.255417046781
84,0.270026954193
85,0.440718163043
86,0.0995456870168
87,0.507965000236
88,0.546380881643
89,0.146915494313
90,0.326728792549
91,0.415842446641
92,0.417567531203
93,0.610301088063
94,0.127269869532
95,0.475724087314
96,0.181846250195
97,0.367969608045
98,0.473241071739
99,0.60155032605
100,0.253236862837
101,0.246310906645
102,0.551504020805
103,0.107058904096
104,0.16269178308
105,0.285048131709
106,0.185332959042
107,0.531416746098
108,0.442641387586
109,0.360225759503
110,0.151314888123
111,0.152866296544
112,0.234076391197
113,0.258350450711
114,0.209795462463
115,0.458750276016
