site,jsd
1,0.0924739053406
2,0.18712850899
3,0.133157402887
4,0.121692590613
5,0.113403421987
6,0.155791261082
7,0.180978620023
8,0.146268010946
9,0.131119044408
10,0.15649137645
11,0.154174120832
12,0.181331736543
13,0.112056617365
14,0.109063307337
15,0.122503470423
16,0.182412448117
17,0.149867571365
18,0.108314611571
19,0.131753659673
20,0.147895944542
21,0.14162654581
22,0.128812479569
23,0.148509013983
24,0.0980537282943
25,0.239210507037
26,0.154329159065
27,0.0875974792044
28,0.15940368649
29,0.0967884724401
30,0.104536967828
31,0.146957615707
32,0.138693788563
33,0.100250597625
34,0.116785870372
35,0.255258677423
36,0.0967989784824
37,0.139556238304
38,0.0921706298113
39,0.222412574984
40,0.0732157078522
41,0.0907884501811
42,0.108101371479
43,0.128487113779
44,0.152873828039
45,0.158000339346
46,0.128000692402
47,0.187229151147
48,0.134709826932
49,0.100634825648
50,0.117326358751
51,0.0852626885687
52,0.173723269874
53,0.212099710542
54,0.203835132781
55,0.171435658144
56,0.0763580256374
57,0.107879020222
58,0.119689871112
59,0.0902226141613
60,0.102685246379
61,0.153379918017
62,0.0921471680327
63,0.155468055298
64,0.123479436614
65,0.145686437335
66,0.0781588459935
67,0.158309069715
68,0.10995287403
69,0.139117087408
70,0.115133207041
71,0.110313760702
72,0.166406452608
73,0.0891950685546
74,0.125739440523
75,0.132150354087
76,0.157034126311
77,0.126495423951
78,0.0880999993608
79,0.0751219073899
80,0.13174524111
81,0.132071411759
82,0.173563845514
83,0.113338271996
84,0.100378151892
85,0.11761443126
86,0.0695763169891
87,0.0958910799031
88,0.206182379678
89,0.0995804358351
90,0.103878341042
91,0.127517412611
92,0.222620452959
93,0.14066736989
94,0.0944596244294
95,0.215165293225
96,0.120456768492
97,0.133711622685
98,0.108725099212
99,0.153113504338
100,0.301324565091
101,0.314218170674
102,0.197802213566
103,0.0825076144747
104,0.100015617291
105,0.153462772256
106,0.318218401254
107,0.114752304796
108,0.115995886179
109,0.116488584293
110,0.121161349567
111,0.092316991636
112,0.0916709062579
113,0.117640939521
114,0.0927352537985
115,0.118676695993