site,jsd
1,0.123706005262
2,0.147279635688
3,0.104666389276
4,0.0698918684749
5,0.109938019297
6,0.169497665789
7,0.112568138217
8,0.185037955005
9,0.0645464841784
10,0.149350133563
11,0.133923888219
12,0.13287449114
13,0.111543716185
14,0.0824360201453
15,0.116634827
16,0.177593836224
17,0.119869815071
18,0.068113734547
19,0.116567290708
20,0.205165106427
21,0.174702479681
22,0.0859816472105
23,0.0868339969343
24,0.0929454919387
25,0.142977724173
26,0.172979462317
27,0.205673832502
28,0.209218824128
29,0.111268992792
30,0.25594413008
31,0.0806094401516
32,0.138981072245
33,0.17557554247
34,0.224811317172
35,0.222638425652
36,0.116385993374
37,0.185394537045
38,0.173532573516
39,0.19242105898
40,0.179062087303
41,0.0983460212369
42,0.159864085635
43,0.0738974857077
44,0.205594530553
45,0.182131357656
46,0.10454819501
47,0.15958913348
48,0.140026276249
49,0.176457733999
50,0.118821535892
51,0.132252117369
52,0.151170512997
53,0.18327462885
54,0.162311132524
55,0.129261002661
56,0.120152729869
57,0.0972423291659
58,0.160695695208
59,0.142386069315
60,0.0724155625329
61,0.14818786286
62,0.0454065001192
63,0.138991822604
64,0.116202123868
65,0.111192775644
66,0.0569152295991
67,0.159018552925
68,0.106877454461
69,0.110001564381
70,0.0830703483749
71,0.101228487072
72,0.13790953594
73,0.104129627048
74,0.234936829258
75,0.135026439262
76,0.12914215023
77,0.121449140731
78,0.0474635542535
79,0.139695305721
80,0.125126332814
81,0.128136117532
82,0.151086104914
83,0.125592629984
84,0.146599897068
85,0.120048945881
86,0.140720744873
87,0.0873894365721
88,0.174755635253
89,0.180572684233
90,0.0721939989379
91,0.0910608111374
92,0.203429094933
93,0.107190953361
94,0.14928074145
95,0.158056315743
96,0.172869376831
97,0.138377992029
98,0.092838945411
99,0.115361720038
100,0.294634382982
101,0.269536189043
102,0.170402621103
103,0.203395042703
104,0.183742509027
105,0.208010445818
106,0.267210773399
107,0.0937344789852
108,0.133004118325
109,0.114447956445
110,0.276060779546
111,0.167913798464
112,0.135145523694
113,0.134777976411
114,0.143678388229
115,0.0914089575253