site,dnds
1,0.158364088512
2,0.512470516337
3,0.240187025153
4,0.284025499865
5,0.651088406332
6,0.167554935356
7,0.460718916952
8,0.0770781439425
9,0.579812639439
10,0.503283899591
11,0.6574403185
12,0.149553095601
13,0.374632053959
14,0.249097976713
15,0.420358354849
16,0.211724187528
17,0.461486260663
18,0.3567609086
19,0.540624265094
20,0.0162673564138
21,0.100506265934
22,0.560372372407
23,0.378491508588
24,0.142425234137
25,0.182736603801
26,0.0867661717955
27,0.00977520171491
28,0.103475672712
29,0.209821421438
30,0.00206234498471
31,0.363876308157
32,0.268528142586
33,0.00218856478032
34,0.0405883903096
35,0.318922516637
36,0.158583502732
37,0.127812040774
38,0.0270054802367
39,0.347490828102
40,0.069123246418
41,0.185170713125
42,0.0545559697894
43,0.375058643099
44,0.118981173983
45,0.526070226815
46,0.295323555074
47,0.323459907113
48,0.531270146138
49,0.0609371484481
50,0.270321655796
51,0.0677839483198
52,0.497306369534
53,0.153661857156
54,0.57825675211
55,0.355944128176
56,0.00180075006904
57,0.293309916686
58,0.0352981071718
59,0.0265521644596
60,0.226491045451
61,0.641321357403
62,0.241463580844
63,0.376500365974
64,0.565859508557
65,0.379833235777
66,0.171715463562
67,0.426057469453
68,0.263796702633
69,0.607545520397
70,0.455185698155
71,0.500423913185
72,0.425890220818
73,0.455175312301
74,0.0412227697805
75,0.559628482494
76,0.526874061379
77,0.313461958363
78,0.348901403888
79,0.0186578021898
80,0.621274267418
81,0.301142133749
82,0.508472967781
83,0.11386627598
84,0.116452958091
85,0.326167917209
86,0.00688892296206
87,0.332789432919
88,0.377134276577
89,0.0172816257019
90,0.183433131768
91,0.362000836906
92,0.269255145336
93,0.445079174964
94,0.0330432534176
95,0.189033387283
96,0.0183774820893
97,0.186776343438
98,0.351522247919
99,0.453971742602
100,0.295471537358
101,0.108203960659
102,0.348955770947
103,0.00187156861944
104,0.0100513441645
105,0.0633025227419
106,0.0895891945485
107,0.306948372013
108,0.39993560822
109,0.24949160953
110,0.00292820903191
111,0.0382848322128
112,0.111544968857
113,0.122623772271
114,0.0991979984262
115,0.354029174044
