site,jsd
1,0.0754771194392
2,0.14991292862
3,0.112776904192
4,0.0587555413096
5,0.11342811415
6,0.0881837941663
7,0.100529543211
8,0.0913232608077
9,0.0571477769036
10,0.159040370639
11,0.131292922315
12,0.132827914362
13,0.119003606488
14,0.0550036940362
15,0.132142992446
16,0.17300922354
17,0.11772611115
18,0.0605795441923
19,0.117399665804
20,0.15199197066
21,0.153914296328
22,0.0842730032033
23,0.0608968188837
24,0.0749506861628
25,0.135375650822
26,0.100476110408
27,0.109077859458
28,0.104623999048
29,0.0607515155055
30,0.11223988846
31,0.0560755194598
32,0.145167254394
33,0.0791103872694
34,0.104357437622
35,0.220557720557
36,0.0708725577198
37,0.132636525317
38,0.0896523279568
39,0.183558060301
40,0.100328123198
41,0.0565002135333
42,0.0852266451758
43,0.0648765891797
44,0.0854077799089
45,0.197536628866
46,0.101133736715
47,0.153634250144
48,0.15980424424
49,0.0846746392984
50,0.0731869298925
51,0.084141015987
52,0.150449952276
53,0.120956541568
54,0.157044245365
55,0.113178286961
56,0.0798909951687
57,0.0605951571601
58,0.116956085306
59,0.072738985818
60,0.0467884130284
61,0.151910142424
62,0.037199490024
63,0.117704217184
64,0.117280467736
65,0.0842573237764
66,0.0571625691677
67,0.164512241199
68,0.08518734782
69,0.106955402723
70,0.0853551125402
71,0.101862410957
72,0.138756157336
73,0.119665415333
74,0.122441534516
75,0.136201454919
76,0.12700308026
77,0.0743282848287
78,0.0469791327003
79,0.0554156983748
80,0.126156745559
81,0.124873168886
82,0.14853514372
83,0.0972880570722
84,0.0694777824868
85,0.0815037486974
86,0.0808789952308
87,0.0665527249306
88,0.173328669874
89,0.0933766617576
90,0.0353335886427
91,0.0730836602145
92,0.197962236545
93,0.0957831296316
94,0.113101076714
95,0.125955182332
96,0.114063155343
97,0.156203537166
98,0.0905190796985
99,0.0709316955172
100,0.31051154711
101,0.220736588737
102,0.157542783429
103,0.105353128031
104,0.0978634858828
105,0.162257737099
106,0.230002020488
107,0.0816938699064
108,0.128402005423
109,0.0626675706844
110,0.119957550139
111,0.0849024649604
112,0.080561061516
113,0.0765771807303
114,0.0669427527902
115,0.103920412673