site,jsd
1,0.113981495721
2,0.0597667633176
3,0.113373147481
4,0.103141508224
5,0.135158130284
6,0.164945052506
7,0.159021242784
8,0.199608280116
9,0.0986503051139
10,0.133426655223
11,0.176099977202
12,0.117032722865
13,0.140568193497
14,0.125657833945
15,0.174417320805
16,0.165898564679
17,0.176401805623
18,0.11822784067
19,0.123483766873
20,0.188177809782
21,0.0823919212483
22,0.103753819832
23,0.0984796834993
24,0.121905390065
25,0.109663663379
26,0.155446222677
27,0.207352080241
28,0.157448325178
29,0.127534325465
30,0.256303817154
31,0.131382475376
32,0.371283552254
33,0.215571431744
34,0.224331515631
35,0.0692033766654
36,0.124073571945
37,0.211366563477
38,0.180797403019
39,0.179090180679
40,0.0829800632862
41,0.117830593282
42,0.183177436766
43,0.0880649006297
44,0.190025304841
45,0.151671027588
46,0.182455958615
47,0.0881749587858
48,0.125803483253
49,0.171762864791
50,0.129585562919
51,0.14307188162
52,0.11386294281
53,0.17536847519
54,0.0739542419285
55,0.103179146741
56,0.161375148673
57,0.103533934618
58,0.160845237011
59,0.19217471979
60,0.0447872256159
61,0.147390770524
62,0.0958842383905
63,0.10593708885
64,0.132368619832
65,0.136029948075
66,0.115142244106
67,0.098316063819
68,0.107255557823
69,0.0944529521622
70,0.1157229469
71,0.148631134777
72,0.154264215188
73,0.107629414225
74,0.230341070355
75,0.160037970884
76,0.143818210481
77,0.166119454561
78,0.101766146642
79,0.13264026838
80,0.150186697735
81,0.125854573376
82,0.104695396834
83,0.128279861757
84,0.147513696211
85,0.125762266784
86,0.107537219982
87,0.118149868989
88,0.207641258698
89,0.190945583857
90,0.0778752277607
91,0.0904757898731
92,0.126998661789
93,0.157357717128
94,0.131439587433
95,0.13784059502
96,0.165797136139
97,0.140811550076
98,0.112151403369
99,0.168201770601
100,0.17955079852
101,0.199505787373
102,0.113354027557
103,0.205748871794
104,0.192820172863
105,0.217030018463
106,0.16494709503
107,0.112209566415
108,0.0773452457039
109,0.0801831556309
110,0.281914243085
111,0.191969412003
112,0.164174996865
113,0.138642177605
114,0.168883627495
115,0.100148155507