site,jsd
1,0.0340750457775
2,0.148628171485
3,0.112831554298
4,0.0588719712114
5,0.112467706839
6,0.0589894659724
7,0.100446734367
8,0.0609071264498
9,0.0565385658201
10,0.159935570445
11,0.130552422614
12,0.144946201583
13,0.117144818318
14,0.0551885128754
15,0.132771421667
16,0.183400986509
17,0.117349731785
18,0.0601251871701
19,0.117173408549
20,0.144823705082
21,0.150190942551
22,0.0844227996501
23,0.0515518021823
24,0.0661517038445
25,0.134423496652
26,0.0904487759902
27,0.0239393708771
28,0.0852437269581
29,0.0367789764138
30,0.0504876269312
31,0.0549184478559
32,0.147873004132
33,0.017039744284
34,0.0260353260601
35,0.222101761755
36,0.0512583398558
37,0.113051304996
38,0.0478994151809
39,0.183343475166
40,0.038367017253
41,0.0306336081783
42,0.0426414004065
43,0.0670546323873
44,0.0211456663445
45,0.195236185528
46,0.101402130068
47,0.152417378229
48,0.159563861324
49,0.0159206425464
50,0.0618469548751
51,0.0521203282398
52,0.150314065719
53,0.113899894175
54,0.157145790077
55,0.113761306636
56,0.0484322043273
57,0.0637710213935
58,0.0924382648114
59,0.0158206528273
60,0.0444187157638
61,0.150771259138
62,0.0367110384971
63,0.114220446433
64,0.11686831085
65,0.0823941155979
66,0.0564918557513
67,0.165319912578
68,0.077236659317
69,0.106193394641
70,0.0845514056367
71,0.101548685623
72,0.139293011512
73,0.119223641226
74,0.0565952114334
75,0.136036734256
76,0.126868779608
77,0.0549692092922
78,0.0466171095246
79,0.0215125352981
80,0.125496611935
81,0.125850307664
82,0.148469070272
83,0.0854757371873
84,0.0409998237332
85,0.0656092119186
86,0.0358437650938
87,0.0495638543557
88,0.17356282173
89,0.0491106975996
90,0.0355014400687
91,0.0730913546104
92,0.198465075045
93,0.0961387321494
94,0.0858530745468
95,0.123194806139
96,0.0893781998127
97,0.154245076154
98,0.091923580008
99,0.0701072233528
100,0.312898643529
101,0.223421132633
102,0.156477224588
103,0.0231019273438
104,0.0375832015084
105,0.139935852114
106,0.23785809482
107,0.0810470394581
108,0.121174305698
109,0.044956167204
110,0.0219963509465
111,0.0429916023083
112,0.0519251780649
113,0.0381687663918
114,0.0322648357312
115,0.100179536397