site,dnds
1,0.315830584232
2,0.286351902251
3,0.217933877461
4,0.243351434074
5,0.358002341144
6,0.196328894279
7,0.239809629889
8,0.1129864478
9,0.2206314553
10,0.214558679114
11,0.275099981884
12,0.288100222942
13,0.114064091436
14,0.289000666246
15,0.173816916497
16,0.200475441654
17,0.200961072312
18,0.505242464659
19,0.165949613508
20,0.351968868304
21,0.399913102723
22,0.112348692963
23,0.242470942777
24,0.13472738403
25,0.560829729185
26,0.138823921073
27,0.352074309867
28,0.32824810223
29,0.171351798346
30,0.231423163549
31,0.283332326271
32,0.263051771661
33,0.349977897222
34,0.449802158582
35,0.509182396304
36,0.571374115555
37,0.433780680797
38,0.359095420434
39,0.559147938619
40,0.530501214259
41,0.321182419378
42,0.198272521996
43,0.576287091584
44,0.540854661872
45,0.466078997837
46,0.431775535448
47,0.43909886578
48,0.220702665629
49,0.368847958091
50,0.544968330777
51,0.14630586742
52,0.177794545302
53,0.299451231145
54,0.516130210007
55,0.516130210007
56,0.194014288323
57,0.344563633193
58,0.531822145755
59,0.31476910036
60,0.408488385099
61,0.495195424719
62,0.223808225683
63,0.188456357709
64,0.116641191806
65,0.193290789891
66,0.318261088479
67,0.235426523766
68,0.331109661533
69,0.181013622642
70,0.387924298735
71,0.165745063998
72,0.519242584932
73,0.321621452598
74,0.290053399942
75,0.170089165736
76,0.422436689017
77,0.495195424719
78,0.400242285248
79,0.122454452643
80,0.559147938619
81,0.355217451537
82,0.386275049203
83,0.245550115239
84,0.287511235467
85,0.212824662611
86,0.237391410998
87,0.177703984714
88,0.265783215187
89,0.519242584932
90,0.282081842886
91,0.487901890623
92,0.119200162014
93,0.25724871004
94,0.217450429809
95,0.137494334072
96,0.208625349038
97,0.216059232046
98,0.348242317605
99,0.337509174148
100,0.418214550629
101,0.408760478916
102,0.366157235563
103,0.238269592176
104,0.15206825872
105,0.348907523129
106,0.351675118635
107,0.15911893958
108,0.227379209241
109,0.218356640626
110,0.203037866764
111,0.397917100104
112,0.420413398416
113,0.325288920179
114,0.270446555834
115,0.489262655092
116,0.379800621471
117,0.137503238828
118,0.431775535448
119,0.157856229176
120,0.394791848947
121,0.383610320888
122,0.505242464659
123,0.573689229671
124,0.322293883752
125,0.578940627812
