site,jsd
1,0.279212598791
2,0.137758824701
3,0.176131787887
4,0.261898698274
5,0.0843866621383
6,0.359212008902
7,0.139152408224
8,0.161394691767
9,0.244234930383
10,0.213413351651
11,0.207286458457
12,0.229526288395
13,0.173299039642
14,0.121081625315
15,0.107495337172
16,0.142218928151
17,0.166983053765
18,0.154611040334
19,0.127567885814
20,0.101259450434
21,0.132750025499
22,0.195109260948
23,0.287312159347
24,0.24172087879
25,0.1075357603
26,0.224005620002
27,0.248539519428
28,0.179958971255
29,0.163124274282
30,0.114985847289
31,0.125578067999
32,0.160913625196
33,0.348765531251
34,0.154314866474
35,0.215776256987
36,0.172980995804
37,0.101145600888
38,0.0753999023792
39,0.134140277299
40,0.113169794514
41,0.168591156167
42,0.146133543321
43,0.168730339397
44,0.170377412121
45,0.350009589815
46,0.10268557509
47,0.131579843523
48,0.248401933207
49,0.181439036545
50,0.232074789883
51,0.249976364997
52,0.162471095748
53,0.276995695072
54,0.105089630725
55,0.145040552968
56,0.206008318546
57,0.12006526317
58,0.157439154719
59,0.290693665081
60,0.269605673422
61,0.123545442401
62,0.150509865736
63,0.175460447455
64,0.141747429571
65,0.0958185672559
66,0.113618029469
67,0.172211389024
68,0.222255054056
69,0.0978267229275
70,0.435375093969
71,0.285179281626
72,0.151848911518
73,0.204630698173
74,0.120415636049
75,0.108553503442
76,0.126808886635
77,0.156050144093
78,0.149598960534
79,0.163325856944
80,0.217245498059
81,0.295720606806
82,0.190999434595
83,0.218476931336
84,0.118362663365
85,0.198962814067
86,0.190815726567
87,0.200684159443
88,0.12267752117
89,0.0931443055869
90,0.15803262845
91,0.147778570054
92,0.146240075483
93,0.226207508582
94,0.176364066576
95,0.0910443070821
96,0.198684069446
97,0.22030633989
98,0.233945590315
99,0.167125433005
100,0.129569400228
101,0.232623153196
102,0.154410231663
103,0.128725855278
104,0.186424480792
105,0.326119816716
106,0.100549295809
107,0.196401679791
108,0.212273661453
109,0.245472468113
110,0.121815999231
111,0.109731837214
112,0.146399588853
113,0.135018510599
114,0.245306150582
115,0.183345290826
116,0.165841644852
117,0.0879981545808
118,0.159376030424
119,0.129527987091
120,0.595348173749
121,0.3502971687
122,0.184483517466
123,0.223380034886
124,0.104311237478
125,0.104171939221