site,jsd
1,0.0173930036297
2,0.108960112287
3,0.0489001489455
4,0.0402140338045
5,0.0572653607677
6,0.47043485354
7,0.0222721337124
8,0.0237960680663
9,0.0196518991488
10,0.0102472044014
11,0.0598132702835
12,0.107225241548
13,0.0229564709931
14,0.123127406194
15,0.0843841300763
16,0.0683996314637
17,0.0564147653348
18,0.0667392412714
19,0.0246340098337
20,0.142969014079
21,0.110950460453
22,0.056886645988
23,0.0584205682118
24,0.0192820087464
25,0.126195210705
26,0.121981114778
27,0.0891729550508
28,0.141576726338
29,0.0921237458741
30,0.138593948855
31,0.0396302073008
32,0.251672208109
33,0.00818456660127
34,0.187958448952
35,0.181847538239
36,0.225227264929
37,0.0745159972069
38,0.159782171098
39,0.130592979174
40,0.197103085572
41,0.117900924681
42,0.120995351288
43,0.144075747705
44,0.0947816742418
45,0.00543798120191
46,0.158316842353
47,0.183283821564
48,0.101260806176
49,0.128533731504
50,0.0660522544166
51,0.137007551839
52,0.17516470157
53,0.0113258918674
54,0.0990070981592
55,0.103620285242
56,0.0777338271915
57,0.122194782655
58,0.219064926138
59,0.0397110851752
60,0.136311617437
61,0.124480585416
62,0.107308501075
63,0.0313997404519
64,0.00607065750249
65,0.0456962740059
66,0.0848117502092
67,0.132210165015
68,0.0643510555674
69,0.0684673301157
70,0.123703181029
71,0.0778914136437
72,0.10290693979
73,0.119690114967
74,0.0570034393026
75,0.05396850281
76,0.19693717206
77,0.114070970415
78,0.048089472741
79,0.01899095618
80,0.136945826729
81,0.187443116578
82,0.168410287526
83,0.0328220720729
84,0.141799156103
85,0.0328133144073
86,0.07234121903
87,0.0531451628805
88,0.132153848839
89,0.0785719935642
90,0.0223370362271
91,0.142642630393
92,0.0630742397933
93,0.012896790448
94,0.0475018053759
95,0.00887479216957
96,0.0471032532392
97,0.0731617379279
98,0.112790477259
99,0.113654109414
100,0.0856419446029
101,0.049251044555
102,0.0930972278236
103,0.077486955407
104,0.150280544255
105,0.0281812190985
106,0.033710195387
107,0.192762799504
108,0.00288671925166
109,0.0110619699268
110,0.0804813079103
111,0.161915597061
112,0.0891410342233
113,0.120117523488
114,0.012856373259
115,0.127420098095
116,0.127242241965
117,0.0516051552984
118,0.148665242844
119,0.0786469472156
120,0.175849932093
121,0.00481134829982
122,0.103295573602
123,0.0659642571588
124,0.0683777697024
125,0.153607987609