site,dnds
1,0.0823325907096
2,0.154561696688
3,0.165853197389
4,0.184685639034
5,0.308243165069
6,0.0763453478718
7,0.192218870165
8,0.0367173086266
9,0.038369324638
10,0.0834361128647
11,0.0452041994323
12,0.22360004451
13,0.0273117293593
14,0.221810979857
15,0.0729340922497
16,0.175346938082
17,0.112724315147
18,0.460010318783
19,0.114641622248
20,0.353117594207
21,0.342671698965
22,0.0275439522326
23,0.175209081611
24,0.0521704986351
25,0.469054983005
26,0.100011362287
27,0.308859473354
28,0.313177164618
29,0.115231117159
30,0.143205252645
31,0.215747302596
32,0.187284709099
33,0.0409671412576
34,0.396041096629
35,0.489007279155
36,0.559417877213
37,0.374113626507
38,0.279419896431
39,0.408250176969
40,0.396421788845
41,0.244847669895
42,0.110993231446
43,0.445621810786
44,0.491236163719
45,0.0580269043562
46,0.436889722296
47,0.425912466003
48,0.0906588600826
49,0.309314616903
50,0.544992872476
51,0.123197314851
52,0.106976637913
53,0.128225352818
54,0.41504722939
55,0.459106208267
56,0.0358821823238
57,0.255985284801
58,0.492374524624
59,0.204066007165
60,0.374621299339
61,0.48344903444
62,0.05009995471
63,0.0914106352193
64,0.0382417108217
65,0.115004372464
66,0.263307521488
67,0.149067310686
68,0.117290091788
69,0.108500723434
70,0.190013804286
71,0.0668664438351
72,0.416914955493
73,0.266957910659
74,0.207558059172
75,0.110588193259
76,0.371171425053
77,0.400099385684
78,0.363205805766
79,0.031809443365
80,0.563780790175
81,0.300113833908
82,0.36730242334
83,0.0626971269341
84,0.264082847392
85,0.0385276348506
86,0.173974333502
87,0.0961203365068
88,0.176897745029
89,0.492903933185
90,0.170893703894
91,0.384462071382
92,0.0611006300952
93,0.0619820430762
94,0.164099250452
95,0.0818314092621
96,0.0654668441699
97,0.0590056664899
98,0.292918403223
99,0.307055480119
100,0.39310832208
101,0.409829623384
102,0.364662691847
103,0.0878189682109
104,0.110472018447
105,0.05544121998
106,0.328168027603
107,0.0912240504744
108,0.121369633419
109,0.0432934289177
110,0.169251528885
111,0.313550215518
112,0.312001745581
113,0.218116985894
114,0.0961093667812
115,0.53040504619
116,0.257250547012
117,0.13158435577
118,0.339877447384
119,0.081013330362
120,0.0631458148974
121,0.051669569398
122,0.514415075662
123,0.507081230921
124,0.252988656644
125,0.568535912372
