site,jsd
1,0.0537127153923
2,0.116972310718
3,0.0146270820028
4,0.04029672122
5,0.0504678465227
6,0.170408309041
7,0.0541674156646
8,0.0287667590621
9,0.0211317806178
10,0.0196429902659
11,0.0479437909419
12,0.153158797558
13,0.00800721936005
14,0.11803886092
15,0.0764973750174
16,0.0765745853187
17,0.0470235928576
18,0.164511344389
19,0.0368692470356
20,0.0821959494798
21,0.0998388458399
22,0.0657721622309
23,0.0455044116927
24,0.0496704997909
25,0.146741670719
26,0.171558352466
27,0.0947110084045
28,0.141047640687
29,0.0777297431317
30,0.116504238848
31,0.0777456015695
32,0.184948894146
33,0.0329060887513
34,0.149408912975
35,0.211636222339
36,0.163473806655
37,0.0778953813521
38,0.0823212684038
39,0.127346641332
40,0.0761930941924
41,0.148567940201
42,0.142587440191
43,0.111408560909
44,0.0850440441774
45,0.0399465614856
46,0.101471617362
47,0.0485998934371
48,0.0823585828448
49,0.172554858064
50,0.11623741948
51,0.118840743425
52,0.127676632292
53,0.0494997570075
54,0.0867080728251
55,0.0835046919591
56,0.0954440820255
57,0.141564951582
58,0.105695132793
59,0.0537648770437
60,0.218580956557
61,0.13015140101
62,0.105725454569
63,0.0493515933159
64,0.02772898389
65,0.0536935286375
66,0.0651201092502
67,0.124537865782
68,0.0931035376401
69,0.068914532904
70,0.323598957146
71,0.0338115281871
72,0.159068579246
73,0.12795573538
74,0.046776609805
75,0.068806630683
76,0.0819071203032
77,0.192011104317
78,0.102628463595
79,0.013214964073
80,0.229562399459
81,0.218042368987
82,0.136058758572
83,0.0324280723063
84,0.0703106142322
85,0.037975697588
86,0.104172535549
87,0.119370163216
88,0.137911021086
89,0.0954405536521
90,0.0208631098921
91,0.149966104633
92,0.0631641802988
93,0.0195938092488
94,0.0249605961509
95,0.0552994887396
96,0.0502519776488
97,0.0711440410753
98,0.0831938261179
99,0.061172431603
100,0.130554062437
101,0.216627018544
102,0.0844416054202
103,0.0752969917339
104,0.15509936792
105,0.0179585191786
106,0.0833536705764
107,0.187396635049
108,0.0222495298698
109,0.0263118933202
110,0.107851895748
111,0.107396192209
112,0.0662344304651
113,0.102600422192
114,0.00975760907807
115,0.130514698988
116,0.141783270745
117,0.0341919051356
118,0.102576533353
119,0.0932947425063
120,0.609822704371
121,0.0270470098401
122,0.117881003081
123,0.141566027311
124,0.0835523559006
125,0.119567496042