site,dnds
1,0.0517271223368
2,0.0863594177372
3,0.110360336338
4,0.178338381877
5,0.238067934513
6,0.187385119184
7,0.20151793074
8,0.0388088469862
9,0.00786042480769
10,0.0619914988754
11,0.0262511430579
12,0.254749078984
13,0.0103335978473
14,0.217648648757
15,0.0665530923312
16,0.202748113744
17,0.0618587112229
18,0.391939111339
19,0.119139045578
20,0.24244996596
21,0.482528716458
22,0.0431106894868
23,0.140994676062
24,0.0359793594471
25,0.5932916236
26,0.0857002675588
27,0.283071879427
28,0.299257724624
29,0.0942026538803
30,0.119662611407
31,0.306034470664
32,0.247961060541
33,0.00271917571384
34,0.399520807194
35,0.518372059741
36,0.513802700801
37,0.333875912047
38,0.293850081054
39,0.394911382813
40,0.436246316984
41,0.266225722178
42,0.135169238906
43,0.483428285525
44,0.524914497048
45,0.0114136525765
46,0.516322298126
47,0.382794814763
48,0.0833643768519
49,0.355998406616
50,0.547771570065
51,0.206039116304
52,0.0804867085936
53,0.0970873115895
54,0.457096311319
55,0.474325606318
56,0.00211915196328
57,0.216322199989
58,0.485706388965
59,0.174360502526
60,0.363958243198
61,0.495335063401
62,0.0746992350099
63,0.155647050862
64,0.0524367990731
65,0.118098943284
66,0.261447892718
67,0.142114539188
68,0.146543647675
69,0.110992418571
70,0.386715081697
71,0.057999667681
72,0.402690224218
73,0.273396534478
74,0.172007469238
75,0.10426897965
76,0.338600784445
77,0.38451686691
78,0.381045002326
79,0.0164819353969
80,0.610388226925
81,0.305425940125
82,0.323855454982
83,0.00207151891326
84,0.384107804585
85,0.03661250764
86,0.197874555169
87,0.0622853553358
88,0.192718117051
89,0.478462767619
90,0.137472859114
91,0.339658397874
92,0.0412108942404
93,0.00205693696675
94,0.12212332594
95,0.13632466676
96,0.0520954589495
97,0.00216850289921
98,0.297667893223
99,0.32212606662
100,0.394888585417
101,0.392504416473
102,0.34793732658
103,0.0740496586376
104,0.0331418338482
105,0.0132480114673
106,0.356793091886
107,0.111278849043
108,0.111767814077
109,0.0141739212971
110,0.118621159731
111,0.411129941579
112,0.328911634163
113,0.200171601347
114,0.0894275716294
115,0.59642531256
116,0.163763360459
117,0.081009995144
118,0.4767801919
119,0.0557761314224
120,0.0896155885999
121,0.00234330527228
122,0.525666138291
123,0.395492704326
124,0.245570685946
125,0.439419367407
