site,jsd
1,0.0598161388356
2,0.118530784252
3,0.0207234696578
4,0.0421210224456
5,0.0526284395645
6,0.166656366567
7,0.0552173539279
8,0.0347645139196
9,0.0270959554629
10,0.0254555443926
11,0.052260401527
12,0.155950658468
13,0.0168832502115
14,0.120132310982
15,0.0820255502117
16,0.0796571573695
17,0.0494734920376
18,0.170690998176
19,0.0390704963864
20,0.0858822978866
21,0.101015975714
22,0.0755448201952
23,0.0454996126453
24,0.0520782562333
25,0.147155280017
26,0.172373966214
27,0.0957271388889
28,0.144920272912
29,0.0772700567156
30,0.11870872365
31,0.0771180500604
32,0.182342705484
33,0.0366043869091
34,0.149364805273
35,0.211666036074
36,0.163905938098
37,0.085121130093
38,0.0903344162976
39,0.128633547467
40,0.0765556740007
41,0.147922932969
42,0.176553880192
43,0.110913268217
44,0.085631142635
45,0.042539370669
46,0.102409438868
47,0.0512540035027
48,0.0789852768587
49,0.173741631722
50,0.117893398177
51,0.121875302805
52,0.140941663342
53,0.0505928030761
54,0.087084853566
55,0.0845188186951
56,0.0969037058439
57,0.144839125471
58,0.10620772676
59,0.0565702483152
60,0.221569218803
61,0.132211288148
62,0.112282953313
63,0.0516328276275
64,0.0314821821509
65,0.0594479160668
66,0.0691093506546
67,0.127630636281
68,0.0937398221525
69,0.0732784366252
70,0.313482378209
71,0.0363869240589
72,0.159494006403
73,0.141022980349
74,0.0484781533817
75,0.0710232423562
76,0.0824509420273
77,0.193121134469
78,0.102629201982
79,0.0199678938567
80,0.229497870738
81,0.217342354171
82,0.136342814299
83,0.0367038859639
84,0.0717484189561
85,0.0420792020026
86,0.103586027238
87,0.132331595911
88,0.142360581482
89,0.0967430450066
90,0.0257092598943
91,0.150082210711
92,0.0657119630002
93,0.0253494643262
94,0.0292052401145
95,0.0575733059077
96,0.0542370701417
97,0.0748836839951
98,0.0838626401763
99,0.062167055469
100,0.131296609606
101,0.218958036189
102,0.0845319030926
103,0.0792625505641
104,0.172011575741
105,0.0225327682392
106,0.0849018113661
107,0.18884691789
108,0.0267821411506
109,0.0290488290402
110,0.109849936659
111,0.108035461369
112,0.0665628101119
113,0.103783941438
114,0.0174525271836
115,0.12953572258
116,0.14119902124
117,0.0369513262301
118,0.102399626442
119,0.0955976851556
120,0.61100061036
121,0.0317107612938
122,0.117277147996
123,0.138510524815
124,0.0848925781616
125,0.123600151285