site,dnds
1,0.0695156724863
2,0.0881783054738
3,0.124692783067
4,0.180835702608
5,0.237054770932
6,0.194761800863
7,0.202825032381
8,0.0671919610493
9,0.0350148610687
10,0.100902822756
11,0.043848559547
12,0.250401715038
13,0.0308700306188
14,0.21620964087
15,0.066965788185
16,0.201949184296
17,0.0800678035113
18,0.389167666842
19,0.123281180037
20,0.242386262268
21,0.479916366294
22,0.0802016282226
23,0.144142312145
24,0.038617772656
25,0.590174750137
26,0.0897926863693
27,0.284314656032
28,0.293774500403
29,0.0986764077895
30,0.121476626943
31,0.306135513852
32,0.245383823793
33,0.0652145055936
34,0.398292985817
35,0.516485654062
36,0.510249642679
37,0.328858124386
38,0.294200486535
39,0.392532217238
40,0.433339781906
41,0.265421817311
42,0.172864805782
43,0.481406082354
44,0.522394074456
45,0.0563151034368
46,0.51271317667
47,0.383167725171
48,0.116368864564
49,0.353926303598
50,0.544982269662
51,0.225395172474
52,0.104833871701
53,0.112391862312
54,0.455411050084
55,0.47217218073
56,0.0442786412283
57,0.215230247235
58,0.482333473169
59,0.18209500115
60,0.361184572643
61,0.491743338802
62,0.121273810635
63,0.169607564696
64,0.0631405166241
65,0.120572286078
66,0.259866055112
67,0.146005461372
68,0.146201293239
69,0.119551605987
70,0.389882712646
71,0.0908988136157
72,0.401069149859
73,0.270732615524
74,0.174035974428
75,0.112831526839
76,0.339339563954
77,0.383605137103
78,0.377663367423
79,0.0386111886428
80,0.608520120901
81,0.304520990252
82,0.320859154074
83,0.0625893736155
84,0.382676642959
85,0.0446885028508
86,0.195560396056
87,0.0777998777631
88,0.192532106929
89,0.476528276032
90,0.160021921662
91,0.337393432021
92,0.0471410853012
93,0.0625540584025
94,0.135532970071
95,0.141501147459
96,0.092473605107
97,0.0589949783289
98,0.295588773718
99,0.321493481471
100,0.393224340593
101,0.388339094105
102,0.346663182349
103,0.09085382204
104,0.0566812764089
105,0.0519156415325
106,0.354475288084
107,0.118900650449
108,0.124017164538
109,0.0368318292246
110,0.118953966663
111,0.408924594671
112,0.326872552002
113,0.199733624826
114,0.119049187574
115,0.594004437186
116,0.164535858082
117,0.0818733860066
118,0.47473884363
119,0.0625505376933
120,0.0994004448215
121,0.062759117347
122,0.52178967026
123,0.394874347316
124,0.246518742625
125,0.436361797964
