site,jsd
1,0.328563904984
2,0.139384765625
3,0.213166142951
4,0.266709905413
5,0.155796488964
6,0.448096122381
7,0.187404931412
8,0.267512390558
9,0.336084613318
10,0.230909166159
11,0.235590526703
12,0.278348854004
13,0.203532804674
14,0.171655137417
15,0.16100655852
16,0.216059135408
17,0.223418077593
18,0.215580836875
19,0.234337717392
20,0.182447063186
21,0.120838653766
22,0.201300127129
23,0.319916878272
24,0.300453649664
25,0.185044744564
26,0.26560623965
27,0.290583341201
28,0.225234586214
29,0.230616196462
30,0.165411133757
31,0.195349755687
32,0.279744306222
33,0.344692310667
34,0.224447940542
35,0.245272221621
36,0.185539644694
37,0.138412496002
38,0.096265368403
39,0.183109635805
40,0.201596525643
41,0.200829083389
42,0.23318079533
43,0.201205564546
44,0.171098357178
45,0.364305529156
46,0.125527512666
47,0.214163553808
48,0.268743218091
49,0.184473468459
50,0.162440579427
51,0.260471920514
52,0.228813563394
53,0.326985716919
54,0.135592324235
55,0.137118182198
56,0.221600787523
57,0.180056267523
58,0.172843858522
59,0.296808933406
60,0.336906675157
61,0.133574456101
62,0.200360123899
63,0.22465299546
64,0.257283205004
65,0.21522397725
66,0.184793959981
67,0.213441944245
68,0.338757250446
69,0.209063651108
70,0.518878577136
71,0.320677612443
72,0.169695721539
73,0.210322472589
74,0.207942285769
75,0.20154758057
76,0.218579208464
77,0.158425851782
78,0.185681851323
79,0.182631882581
80,0.219832310593
81,0.352185406937
82,0.230861206484
83,0.244692568592
84,0.144096300227
85,0.243401330098
86,0.246256132046
87,0.261767644621
88,0.136001682774
89,0.141512903502
90,0.190484573272
91,0.170287765696
92,0.226551039063
93,0.24910467559
94,0.21968137411
95,0.246181477421
96,0.23785052357
97,0.317769786599
98,0.252580312068
99,0.200219493418
100,0.188769365215
101,0.229549872972
102,0.192442173405
103,0.18276598732
104,0.187550966721
105,0.345818338097
106,0.164959892746
107,0.230316970036
108,0.223983635899
109,0.338472781038
110,0.137079363719
111,0.139444640932
112,0.235445730275
113,0.164474786382
114,0.249138548912
115,0.188661202783
116,0.189715202952
117,0.191416067306
118,0.162884008151
119,0.199494906994
120,0.567252855977
121,0.371721225911
122,0.205188256866
123,0.233459523254
124,0.170050310033
125,0.114058522527