site,jsd
1,0.0171349553858
2,0.109169229476
3,0.048865854226
4,0.0401378523582
5,0.0572536487049
6,0.47044618986
7,0.0222129531343
8,0.0237927911242
9,0.0195569413156
10,0.00993233249727
11,0.0598297119819
12,0.107216815061
13,0.0228929548253
14,0.123190810287
15,0.0844368197939
16,0.0684892947427
17,0.056380279041
18,0.0667245397993
19,0.0244797693493
20,0.142957093524
21,0.111013338587
22,0.0568955741939
23,0.058368463562
24,0.0191394483786
25,0.126193445006
26,0.121963090802
27,0.0891169633238
28,0.14161478536
29,0.0920911184963
30,0.138687833888
31,0.0396220703813
32,0.251717060069
33,0.00790843267775
34,0.187924936796
35,0.181842268354
36,0.225224181426
37,0.0746552825491
38,0.15984993093
39,0.130604807938
40,0.197120028142
41,0.117909974677
42,0.120942950794
43,0.144079288659
44,0.0947434951533
45,0.00459066943289
46,0.158432358737
47,0.183361642121
48,0.101248316267
49,0.128335387506
50,0.066043737571
51,0.137008059876
52,0.175402058468
53,0.0110096618878
54,0.0988912697584
55,0.103586626766
56,0.0777212287834
57,0.122270693442
58,0.219037135094
59,0.0397765780712
60,0.136299976653
61,0.124497050955
62,0.107366979539
63,0.0313322668105
64,0.00576980464868
65,0.0457258414244
66,0.0848983515606
67,0.132211168007
68,0.0642469935862
69,0.0685274278992
70,0.123654286601
71,0.0778463368521
72,0.102905030138
73,0.119642900605
74,0.0569076088783
75,0.0540080449436
76,0.19728257398
77,0.114134271228
78,0.0480329340579
79,0.0190055036229
80,0.136900946967
81,0.187423804726
82,0.168395082553
83,0.0328272067513
84,0.141837736171
85,0.0328051553399
86,0.0722171173838
87,0.0531266807198
88,0.13366627004
89,0.0785334186135
90,0.0222712279871
91,0.142845937858
92,0.0631381057983
93,0.0127463205436
94,0.0474638266364
95,0.00873910711485
96,0.0471180822045
97,0.073215021506
98,0.112751806155
99,0.113622867952
100,0.085931237324
101,0.04926250571
102,0.0930483882767
103,0.0776224999615
104,0.150431241754
105,0.0280318304416
106,0.0336871995498
107,0.192786181239
108,0.00208764401936
109,0.0107341837539
110,0.0805987354378
111,0.162040599988
112,0.0892860043673
113,0.120263088226
114,0.0125957913809
115,0.127369093605
116,0.127360870287
117,0.0515957734221
118,0.14864146637
119,0.0786950825918
120,0.175901481088
121,0.00370987093934
122,0.103221559761
123,0.0661976057636
124,0.0683742123707
125,0.153610684079