site,jsd
1,0.109638051935
2,0.112836870687
3,0.0727328654419
4,0.0758344014945
5,0.0688908890605
6,0.180510412277
7,0.0678124359717
8,0.0796497788174
9,0.10321332582
10,0.100809664859
11,0.0816609569577
12,0.156965373631
13,0.0651270271507
14,0.117223182051
15,0.0811962846549
16,0.090923967542
17,0.0827654787726
18,0.171012819725
19,0.0797638599323
20,0.085570976827
21,0.100063997595
22,0.101993800338
23,0.0692874188189
24,0.0661094093143
25,0.147143402978
26,0.179508558472
27,0.108881566641
28,0.144780331978
29,0.0914947880128
30,0.118710029135
31,0.0782702566428
32,0.184465248292
33,0.119575955389
34,0.149693117085
35,0.211598376069
36,0.163515097621
37,0.0828540799199
38,0.0864823965244
39,0.128121218261
40,0.0783420675878
41,0.147592432474
42,0.167155885459
43,0.111650029813
44,0.0857199316621
45,0.111446412694
46,0.101474745639
47,0.0652877330623
48,0.110476855899
49,0.173063377211
50,0.11715840699
51,0.139163646179
52,0.138406265723
53,0.103493113409
54,0.0865480186779
55,0.086735322077
56,0.125157089494
57,0.144514094247
58,0.105711893396
59,0.0884869458136
60,0.222322538128
61,0.13131620671
62,0.114178926159
63,0.0884869489097
64,0.0590234469346
65,0.0736008640422
66,0.0666388517898
67,0.130310469856
68,0.0947133252344
69,0.0866243145451
70,0.33012376737
71,0.114553393917
72,0.158665813596
73,0.142329892823
74,0.0765346320117
75,0.0936144553865
76,0.0862149372975
77,0.192222607564
78,0.111661571084
79,0.072744892769
80,0.22898844749
81,0.219957526846
82,0.144011882891
83,0.100706726333
84,0.0711681789162
85,0.0673455072855
86,0.110499960047
87,0.139941880623
88,0.138979418306
89,0.095263637216
90,0.0720489726413
91,0.149748006708
92,0.0890515307411
93,0.107597930654
94,0.0754393263886
95,0.0829164853578
96,0.0968302294546
97,0.110262538954
98,0.101742946565
99,0.0850805420925
100,0.130162187656
101,0.218299659263
102,0.0929719716238
103,0.0734708771155
104,0.165108650383
105,0.1136755099
106,0.088630493616
107,0.183718051024
108,0.0763913612623
109,0.099356811512
110,0.113820905646
111,0.107509140866
112,0.0716721156407
113,0.107496715106
114,0.0954870218586
115,0.130122267094
116,0.141917938908
117,0.0346965502583
118,0.102619437712
119,0.0992902627759
120,0.601527727888
121,0.1309958862
122,0.118158503521
123,0.140776179793
124,0.0845112223127
125,0.120421240807