site,jsd
1,0.224846142745
2,0.114151570335
3,0.138533784664
4,0.159524361766
5,0.09889850683
6,0.297845113583
7,0.104363112549
8,0.190988179744
9,0.243105476983
10,0.183129229994
11,0.163200448344
12,0.176905163778
13,0.13292412179
14,0.100080795587
15,0.0874590157349
16,0.146543486082
17,0.158963230446
18,0.169240887291
19,0.153605538733
20,0.101739783774
21,0.0999346660207
22,0.15733925587
23,0.16108393695
24,0.170379187256
25,0.150078628117
26,0.207864493935
27,0.179572200476
28,0.149619177617
29,0.153222622472
30,0.11643807697
31,0.102775997822
32,0.200852750554
33,0.265540856703
34,0.15429716321
35,0.213165763744
36,0.163223182597
37,0.0849900045677
38,0.0734895259055
39,0.132070699713
40,0.106114788058
41,0.155327814357
42,0.183395946173
43,0.125039501748
44,0.0915574140939
45,0.26173744224
46,0.0974808559151
47,0.120651527208
48,0.193654709658
49,0.171248910957
50,0.120671321253
51,0.195774274081
52,0.165267695699
53,0.214563887072
54,0.0941242298998
55,0.0986835850528
56,0.181137737699
57,0.134372463624
58,0.113701285312
59,0.1997873417
60,0.239504794827
61,0.12774341379
62,0.137272632929
63,0.148766529785
64,0.135299725133
65,0.118863782847
66,0.084044997925
67,0.150860167554
68,0.127207576442
69,0.133011211587
70,0.412702339275
71,0.233798597959
72,0.155100527395
73,0.162706128928
74,0.144258519069
75,0.142142249132
76,0.122093321714
77,0.183229649965
78,0.134002266859
79,0.129608587846
80,0.226047722424
81,0.260135986513
82,0.164730229091
83,0.195943049606
84,0.0736712064336
85,0.144615213383
86,0.14110834235
87,0.184615717478
88,0.125772306985
89,0.0896230780867
90,0.138067169382
91,0.14961170413
92,0.129854341656
93,0.202589530396
94,0.138587267273
95,0.14014922032
96,0.176530232505
97,0.240887680527
98,0.15252616319
99,0.141648525236
100,0.135746012787
101,0.218847381902
102,0.132127776092
103,0.115810784615
104,0.175407683294
105,0.254283222732
106,0.111560292136
107,0.192890092986
108,0.155854556899
109,0.241152919139
110,0.121191340983
111,0.110300893219
112,0.135048460486
113,0.127728938884
114,0.191346971369
115,0.136540533076
116,0.155661830003
117,0.0943308846635
118,0.108715083611
119,0.133046380422
120,0.574063802302
121,0.286352936724
122,0.13023200471
123,0.159547661234
124,0.103132121433
125,0.110814355291