site,jsd
1,0.0593057805948
2,0.118399118982
3,0.0203529096831
4,0.0418537095732
5,0.0524930072483
6,0.166483588645
7,0.0551389326344
8,0.0341624347189
9,0.0265174683667
10,0.0249084224552
11,0.0519901805922
12,0.155833030402
13,0.0163881146772
14,0.120019536251
15,0.0817641875392
16,0.0791910518822
17,0.0490633365274
18,0.170487036246
19,0.0386577997097
20,0.0857613769041
21,0.100543657068
22,0.0753254180202
23,0.0450194130904
24,0.052004379006
25,0.147118529918
26,0.172326175672
27,0.0955129965863
28,0.144796420314
29,0.0771596453151
30,0.118560978817
31,0.0770726318404
32,0.182333748878
33,0.0362399697785
34,0.14935632363
35,0.21165178483
36,0.163874678636
37,0.0848994549141
38,0.090148965701
39,0.128571502609
40,0.0763532351272
41,0.147866177999
42,0.175766426513
43,0.11088059149
44,0.0855586156228
45,0.0421089258618
46,0.102376196543
47,0.0508698212325
48,0.0788603541442
49,0.173698739094
50,0.117775804511
51,0.121650707857
52,0.140489080502
53,0.0501066210345
54,0.0870290535204
55,0.0843693706139
56,0.0968481879205
57,0.144692523718
58,0.106095968512
59,0.0561444214367
60,0.22147319046
61,0.132118934781
62,0.111905701795
63,0.0509599473515
64,0.0310336276291
65,0.0593061141556
66,0.0689295521604
67,0.127078383295
68,0.0936791764336
69,0.0729690743125
70,0.313624307935
71,0.035771520624
72,0.15943827944
73,0.140579709998
74,0.0481722765746
75,0.0707541576825
76,0.0823543270177
77,0.193080190525
78,0.10245052117
79,0.0195860125504
80,0.229489380674
81,0.217321008948
82,0.13627716234
83,0.0364525521217
84,0.0716741413899
85,0.0418351221685
86,0.103490346734
87,0.131986614102
88,0.142225599952
89,0.0965780631505
90,0.0253254274932
91,0.150033080516
92,0.0655745018976
93,0.0250003626026
94,0.028902336042
95,0.0573363266112
96,0.0538563608818
97,0.07469539978
98,0.0836562999356
99,0.0618888770248
100,0.131274474069
101,0.218872379149
102,0.0843192939086
103,0.0790324374639
104,0.171571327092
105,0.0215402165389
106,0.084727086274
107,0.188770321168
108,0.026357107818
109,0.0282800939485
110,0.109773802397
111,0.107994715588
112,0.0664096939431
113,0.103667268029
114,0.0159430757683
115,0.129528705648
116,0.141178303431
117,0.0368554131807
118,0.102362161071
119,0.0954011253459
120,0.610950306125
121,0.0312161947188
122,0.117213538923
123,0.138536604106
124,0.084767236993
125,0.12351666923