site,jsd
1,0.295411884445
2,0.18607349271
3,0.166277441198
4,0.214815505508
5,0.0902538747344
6,0.477906392568
7,0.124883514359
8,0.132262270572
9,0.249646079673
10,0.211031656397
11,0.217476545629
12,0.142799086859
13,0.166954435643
14,0.118250600843
15,0.134458026211
16,0.152858464014
17,0.148649131154
18,0.145100212099
19,0.143117629104
20,0.119282857199
21,0.0930085039783
22,0.171063977268
23,0.225107049139
24,0.205224527197
25,0.172360903992
26,0.188250656325
27,0.194475411676
28,0.169671383221
29,0.180783155674
30,0.141134385474
31,0.151342934212
32,0.231427678543
33,0.309285097578
34,0.204456960361
35,0.194243696116
36,0.220375637757
37,0.0910825389036
38,0.129305593711
39,0.153551257361
40,0.215278439764
41,0.156141039311
42,0.174475939727
43,0.129948992978
44,0.117359164213
45,0.356624139788
46,0.141687252728
47,0.267845421319
48,0.217303451063
49,0.179758017148
50,0.0884397337279
51,0.212103568655
52,0.15580848125
53,0.298607008155
54,0.172268598816
55,0.131315901779
56,0.183957773331
57,0.118260056549
58,0.236590957124
59,0.250952580142
60,0.179380057799
61,0.105348757416
62,0.119517357959
63,0.139880813784
64,0.134938396582
65,0.117026438931
66,0.103727645092
67,0.173502382236
68,0.26961846324
69,0.135208393747
70,0.303116740302
71,0.224518943282
72,0.232171130087
73,0.165643012869
74,0.161206448156
75,0.115041635743
76,0.195327232038
77,0.134939737782
78,0.112892106475
79,0.16762021559
80,0.182341618776
81,0.316829341839
82,0.192383033869
83,0.215748164591
84,0.214233923416
85,0.207994796325
86,0.166804179265
87,0.199869332201
88,0.107282682296
89,0.145968735863
90,0.145317931272
91,0.122976759937
92,0.12450985376
93,0.214304619021
94,0.167179681704
95,0.113648074253
96,0.19457925605
97,0.231268492371
98,0.241240619735
99,0.181832014695
100,0.108281477997
101,0.105172379719
102,0.124914953381
103,0.150181273057
104,0.213630269931
105,0.306688922155
106,0.0701713555695
107,0.213764031233
108,0.220586691612
109,0.249220864958
110,0.0893045966903
111,0.124127939232
112,0.196621921751
113,0.142006188625
114,0.24224244137
115,0.185759460111
116,0.137603787078
117,0.112868197726
118,0.181915854711
119,0.155187321439
120,0.367440024176
121,0.354053696589
122,0.0967151229624
123,0.10473399244
124,0.0899133638549
125,0.149892526507