site,jsd
1,0.0263205169607
2,0.10466496824
3,0.0508848740174
4,0.0436424486239
5,0.0582161017899
6,0.470184066582
7,0.0255812584873
8,0.0246971069823
9,0.0247938394757
10,0.0205725131872
11,0.0592435769044
12,0.108710268525
13,0.0258048160107
14,0.119826806249
15,0.0833391656044
16,0.0698215444168
17,0.0582285222057
18,0.0679106379933
19,0.0307792510925
20,0.1438301939
21,0.109658928075
22,0.05701484074
23,0.0608435905103
24,0.0243883143759
25,0.126554438624
26,0.123280292746
27,0.0923111106926
28,0.139737699827
29,0.0936276102612
30,0.135868239533
31,0.0406922815038
32,0.251064277577
33,0.0177652334927
34,0.18938887486
35,0.182146286818
36,0.226113102208
37,0.0717914008381
38,0.156795841737
39,0.130607352815
40,0.197509013942
41,0.118003967681
42,0.12415372437
43,0.144452670275
44,0.0966350854873
45,0.0220690190451
46,0.151781408002
47,0.187750066735
48,0.102443206573
49,0.140248152812
50,0.0663417766121
51,0.137254599545
52,0.164417081243
53,0.0212238364677
54,0.100653516783
55,0.105554482164
56,0.0784167705842
57,0.120941667497
58,0.220229341493
59,0.0423531333319
60,0.137336117603
61,0.123615574084
62,0.105802406893
63,0.0340090840784
64,0.0161770599062
65,0.0451475918812
66,0.080135895891
67,0.132082580462
68,0.069969530332
69,0.0675723167449
70,0.12656200915
71,0.0800170017923
72,0.10366928522
73,0.120991340164
74,0.0603051523927
75,0.0546067639443
76,0.19838394516
77,0.111933254397
78,0.0503595735478
79,0.0208905810776
80,0.138387447629
81,0.188687712838
82,0.169231596873
83,0.0337207525777
84,0.140052598688
85,0.0332369060247
86,0.0774650432763
87,0.0541324001707
88,0.126447525449
89,0.0822235780108
90,0.0261324812718
91,0.140846552073
92,0.0618712828974
93,0.0210568913711
94,0.0494184179634
95,0.0179831135364
96,0.0475738933646
97,0.0721475865074
98,0.115545721095
99,0.114382075883
100,0.0832530526276
101,0.0499331897294
102,0.0947623743022
103,0.0756398755648
104,0.143388846676
105,0.0343242195412
106,0.0353356533258
107,0.19253124732
108,0.0141119173734
109,0.0218554279717
110,0.0790751443936
111,0.155718272125
112,0.0884558562887
113,0.113215725974
114,0.0206749996064
115,0.128614056337
116,0.119546411517
117,0.0523959044193
118,0.149679190185
119,0.0781502953408
120,0.1748387846
121,0.0215745439446
122,0.106480387449
123,0.0658935726772
124,0.06935290481
125,0.153282136936