site,dnds
1,0.225216835991
2,0.206751039142
3,0.235076825112
4,0.365521015922
5,0.394562168823
6,0.207762814404
7,0.299628037089
8,0.127677841512
9,0.148005287867
10,0.197128280206
11,0.130157682411
12,0.260475979748
13,0.110792106724
14,0.320733480307
15,0.142739185659
16,0.278276277852
17,0.205169112101
18,0.524593103607
19,0.246594889214
20,0.393959146776
21,0.55757398051
22,0.118760315214
23,0.281578577965
24,0.155775342372
25,0.637289260652
26,0.259953806225
27,0.392391067167
28,0.386111370644
29,0.173108579062
30,0.314960370957
31,0.283506820166
32,0.380513868219
33,0.161694881527
34,0.521935165534
35,0.613698427693
36,0.643114418906
37,0.464746883449
38,0.377853681018
39,0.524389657933
40,0.561263800535
41,0.361294326036
42,0.206497713449
43,0.558961341344
44,0.608190495848
45,0.179947599029
46,0.528978877612
47,0.510197930463
48,0.218760865636
49,0.481464904505
50,0.616486815455
51,0.312160446011
52,0.193365080265
53,0.263289525908
54,0.5170724295
55,0.535608036531
56,0.113480486632
57,0.368097767812
58,0.619115687935
59,0.344736051353
60,0.478073376125
61,0.577217488127
62,0.127254315113
63,0.226364590984
64,0.129845883722
65,0.250599740123
66,0.353128387325
67,0.2434974879
68,0.3089678198
69,0.234082209486
70,0.428999791289
71,0.240879011498
72,0.566352577865
73,0.385495256354
74,0.341932811917
75,0.255924772793
76,0.489992668575
77,0.53251128611
78,0.493120935535
79,0.0954411777195
80,0.690785938565
81,0.465149689353
82,0.436809489119
83,0.116892057368
84,0.394631662788
85,0.126845302224
86,0.332588946482
87,0.162942486329
88,0.325946238268
89,0.63194928532
90,0.240376044596
91,0.476841946336
92,0.180599381373
93,0.116227424999
94,0.245610733427
95,0.215920146532
96,0.171346508462
97,0.159785063062
98,0.431939630915
99,0.46545674526
100,0.493057360275
101,0.561695327536
102,0.462066082436
103,0.217793651647
104,0.160660162763
105,0.153197286317
106,0.428379219562
107,0.259055265005
108,0.210076034714
109,0.16797931052
110,0.257932328252
111,0.452831370613
112,0.43530497395
113,0.328431100108
114,0.199166581645
115,0.6409855007
116,0.323956794664
117,0.251137608564
118,0.493967206683
119,0.179668743325
120,0.279215130842
121,0.152406313731
122,0.544409191857
123,0.557035093704
124,0.337552508083
125,0.585569590526
