site,dnds,entropy
1,0.531180501802,2.36254958316
2,0.723327333501,2.71354542496
3,0.577887115403,2.32139953312
4,0.682872412511,2.61667176471
5,0.709899499302,2.52655276579
6,0.721018235355,2.73435422369
7,0.578680103056,2.50302459695
8,0.101585698951,0.690321092094
9,0.308681195185,1.30767688524
10,0.155275216773,1.43794388329
11,0.164905295037,1.3919742552
12,0.596779228442,2.5658537065
13,0.163756398352,1.07006252307
14,0.283641329951,1.27352153616
15,0.689035626707,2.60129187368
16,0.136233643651,0.620014069633
17,0.226167258683,1.30930468447
18,0.301307596694,1.87598638056
19,0.324549858506,1.343811314
20,0.231622293409,1.54031426734
21,0.160521964459,0.748766370611
22,0.350494830204,1.68963822262
23,0.650640514931,2.62327596954
24,0.641145122703,2.61201626555
25,0.23979714056,1.44343078158
26,0.676187615952,2.64774721583
27,0.203876244032,1.38495523857
28,0.612828040292,2.52023891946
29,0.414314218319,1.93138014351
30,0.268345847472,1.48010017088
31,0.728670748396,2.78149021495
32,0.679571500184,2.48740917041
33,0.643647298384,2.44103845093
34,0.697335453892,2.73131766614
35,0.796020319768,2.73182191314
36,0.778632215103,2.65738906796
37,0.206119727913,1.52696991969
38,0.652700926057,2.70056151594
39,0.311841591263,1.64478425753
40,0.253401087885,1.38016973925
41,0.33986386697,1.67901778727
42,0.334725745417,1.62886074359
43,0.455931315065,2.06131243655
44,0.562244783357,2.16676474529
45,0.128973812893,0.679689153747
46,0.320903951849,1.24052379964
47,0.229957227888,1.55719068517
48,0.272105264384,1.59135512055
49,0.173509692589,1.40058353695
50,0.266036068414,1.35904601596
51,0.526196924516,2.34610310577
52,0.255226591402,1.4234431327
53,0.277817948632,1.55236598614
54,0.538086537366,2.23758309326
55,0.687431802272,2.76795930009
56,0.209596735761,1.49440365315
57,0.308768367968,1.64602255263
58,0.708493549328,2.74073772136
59,0.299982750113,1.66627445745
60,0.353285550154,1.89279434245
61,0.784976905229,2.79531149015
62,0.654596941258,2.35865660144
63,0.403608395151,1.439692559
64,0.426368818732,2.30663054128
