site,jsd
1,0.0357636613954
2,0.151443023936
3,0.114235722138
4,0.058882945513
5,0.114215326667
6,0.0599669451304
7,0.0991611199828
8,0.065008896628
9,0.0568491504965
10,0.160232390069
11,0.131387058034
12,0.143246921248
13,0.120171832514
14,0.0563822982059
15,0.134175669307
16,0.185298860359
17,0.117845931665
18,0.0620856003044
19,0.117641269413
20,0.146209087709
21,0.151739741006
22,0.0844313983363
23,0.0519842535078
24,0.0848191927067
25,0.14268608109
26,0.0909022052383
27,0.0283710354717
28,0.086236829349
29,0.0399064711709
30,0.0543552334088
31,0.0566254970036
32,0.152532095425
33,0.0218248901181
34,0.030665145977
35,0.220422171041
36,0.055151431292
37,0.117364858193
38,0.0522837148493
39,0.183104435464
40,0.0413458556488
41,0.0353825282454
42,0.0452216841566
43,0.0663585474994
44,0.0222504347627
45,0.199305078283
46,0.102093508528
47,0.153302412631
48,0.162757364864
49,0.0212138083946
50,0.0633303245669
51,0.0548489256032
52,0.150458732436
53,0.113659973243
54,0.156591686994
55,0.113496869876
56,0.0506029155962
57,0.0684901313345
58,0.0933839780026
59,0.0209843500704
60,0.0472737581052
61,0.152599691464
62,0.0387604456033
63,0.118721481781
64,0.11782948729
65,0.0829493931956
66,0.0585505050846
67,0.165526677125
68,0.0800303108625
69,0.106984255318
70,0.086270313393
71,0.101979113082
72,0.139190389532
73,0.121968646551
74,0.0589808923262
75,0.136434090101
76,0.126919659769
77,0.0566672992279
78,0.0480959447635
79,0.0254306072268
80,0.126364329887
81,0.126124714277
82,0.148307841113
83,0.0874749455841
84,0.0458393388744
85,0.0676006190363
86,0.039334796509
87,0.0525731702008
88,0.173848840786
89,0.0514566418849
90,0.0378857566067
91,0.0750135564484
92,0.19777914271
93,0.0958211676827
94,0.0879441522554
95,0.121635930918
96,0.0913960776579
97,0.166662929707
98,0.0976518558637
99,0.0682508873963
100,0.314423695892
101,0.20404285548
102,0.156717439869
103,0.0283593168077
104,0.04088240051
105,0.154611079284
106,0.218037055997
107,0.0824180246817
108,0.12293057843
109,0.0479507310346
110,0.0279951356841
111,0.0446863937411
112,0.0542934106149
113,0.040987483315
114,0.0368853834528
115,0.108566850513