site,jsd
1,0.121998606203
2,0.102543635588
3,0.0976340635767
4,0.113008935508
5,0.159224442525
6,0.218519435408
7,0.194298566163
8,0.267946712701
9,0.164439495845
10,0.15100353754
11,0.156333389974
12,0.122758839564
13,0.135396804608
14,0.0604572993274
15,0.166796728234
16,0.219254294744
17,0.230935863852
18,0.112511527998
19,0.154742562679
20,0.143188995868
21,0.100447075455
22,0.103328978821
23,0.0916757979226
24,0.136513934452
25,0.113046344414
26,0.242591236419
27,0.183719629394
28,0.233358199099
29,0.0654187367493
30,0.330989771101
31,0.145109294708
32,0.375526997316
33,0.181735352039
34,0.286048289553
35,0.0747596202874
36,0.165084234285
37,0.291573736818
38,0.16598701725
39,0.200349812904
40,0.129093134561
41,0.124503496194
42,0.209921347347
43,0.120331140093
44,0.290258022852
45,0.15328126007
46,0.192555477659
47,0.098292343405
48,0.190079636985
49,0.158927801774
50,0.147027214874
51,0.215033415011
52,0.15293718235
53,0.181793291202
54,0.123189163001
55,0.0969450617855
56,0.139738331402
57,0.124146878255
58,0.219484849934
59,0.222121495809
60,0.0853832399942
61,0.233589440897
62,0.129479007554
63,0.120703562632
64,0.146685484278
65,0.162523146974
66,0.124107945676
67,0.116812100794
68,0.128297710833
69,0.221070731068
70,0.132089397947
71,0.116438355325
72,0.159100567569
73,0.127220558944
74,0.255035900677
75,0.177727991415
76,0.161704707926
77,0.178353117943
78,0.0982616313616
79,0.175036008222
80,0.131083795079
81,0.122641701874
82,0.127946121859
83,0.160497992813
84,0.117618733435
85,0.107515476953
86,0.132118684075
87,0.130672984513
88,0.233666639147
89,0.225312638513
90,0.0797007838415
91,0.110737183564
92,0.130826515402
93,0.152802314471
94,0.179831814796
95,0.183074460468
96,0.165249775905
97,0.154537021649
98,0.166139151971
99,0.179700497375
100,0.229641009265
101,0.209465654575
102,0.201540570597
103,0.230767772239
104,0.186773553148
105,0.28066826023
106,0.188138121548
107,0.122763286539
108,0.0790432986569
109,0.13735469514
110,0.376448457202
111,0.169972533911
112,0.191796791747
113,0.140994950082
114,0.201778517512
115,0.105598028275