site,jsd
1,0.0831623701191
2,0.0620507908236
3,0.111876818446
4,0.0706834528381
5,0.101141009586
6,0.0919330947351
7,0.132946862882
8,0.110012991133
9,0.0836321387223
10,0.0679505053382
11,0.0925300581592
12,0.189156493396
13,0.0682147955374
14,0.078497377544
15,0.0624125753731
16,0.130474635584
17,0.151645384273
18,0.0789217610285
19,0.0770196488662
20,0.113361284195
21,0.0510788873005
22,0.0606212088211
23,0.0769902962613
24,0.0640125080565
25,0.0854568487948
26,0.0565335154149
27,0.0793473669566
28,0.108480377628
29,0.0778934694221
30,0.0591304699834
31,0.167295497046
32,0.206914811883
33,0.103379722301
34,0.086324891636
35,0.0826908535457
36,0.0576898593639
37,0.0814136100616
38,0.106974774894
39,0.099688207014
40,0.0390718594835
41,0.0662504204403
42,0.0599261495027
43,0.0787512512689
44,0.095392658223
45,0.0874970720045
46,0.198884477835
47,0.0898066272647
48,0.0996440869162
49,0.0768088848579
50,0.0908916559402
51,0.0924707778954
52,0.0694800148579
53,0.0890270073655
54,0.0593432766564
55,0.143118771878
56,0.0305740781735
57,0.074253517561
58,0.0517830510651
59,0.0898253845752
60,0.0708543054655
61,0.1185186557
62,0.0818920407966
63,0.0985488015504
64,0.109134686808
65,0.112876682649
66,0.102176914826
67,0.0873814622513
68,0.0854217238673
69,0.0827741392549
70,0.071544542741
71,0.10323496024
72,0.0697728900166
73,0.106014059514
74,0.0843010126212
75,0.148162458899
76,0.0728960155342
77,0.0739350082439
78,0.0991299324764
79,0.0439236272881
80,0.0807107850559
81,0.0831903895214
82,0.1806176468
83,0.0807695916208
84,0.0902209068172
85,0.0604962405195
86,0.0590407252037
87,0.0485721567274
88,0.0717293548461
89,0.0628925167913
90,0.0499402637009
91,0.095065331228
92,0.146392499473
93,0.0935055984658
94,0.0356812984426
95,0.0930237461923
96,0.0812545278245
97,0.0792953023388
98,0.117778372453
99,0.094905193903
100,0.143142205254
101,0.205652537235
102,0.0558066581316
103,0.0537068677123
104,0.057641634386
105,0.0844714514662
106,0.0882601113886
107,0.112425782048
108,0.0890755312019
109,0.0958374990972
110,0.0539886530593
111,0.0722497963814
112,0.0788625163691
113,0.0829972437439
114,0.0923559239466
115,0.0719493978876