site,jsd
1,0.0704791303416
2,0.0557349025434
3,0.128812211437
4,0.0781439311482
5,0.113271020054
6,0.116815918523
7,0.125619241677
8,0.220065118874
9,0.0834292220364
10,0.061476700869
11,0.0770424835707
12,0.172111519177
13,0.149140960061
14,0.0692367514479
15,0.0662432445262
16,0.144658299451
17,0.121397912212
18,0.0961629933999
19,0.0832766962855
20,0.199893155875
21,0.141210485434
22,0.108746584642
23,0.0756292214425
24,0.0765367026267
25,0.0953775119496
26,0.0897633116114
27,0.131263499851
28,0.186729948466
29,0.0748231631341
30,0.132554287678
31,0.127229002637
32,0.13022641398
33,0.237603646873
34,0.0909845461531
35,0.0778430474687
36,0.104135171014
37,0.133756913339
38,0.323916625562
39,0.0778385229083
40,0.0729659451038
41,0.0901245912964
42,0.149302845901
43,0.104413285895
44,0.0872658351016
45,0.123579109633
46,0.182531014476
47,0.0926198929117
48,0.0944902114906
49,0.1217044421
50,0.128122702121
51,0.108408737706
52,0.0580281794529
53,0.0433260637322
54,0.0880280478192
55,0.124581445388
56,0.0770199066636
57,0.11935994872
58,0.095701633253
59,0.109646158482
60,0.169942556375
61,0.0901407442936
62,0.0833551887527
63,0.17442819707
64,0.0876617281281
65,0.234336495469
66,0.100977362468
67,0.130543134281
68,0.0921095918727
69,0.0673775259437
70,0.0888577682713
71,0.103605518372
72,0.0760632004009
73,0.100315975808
74,0.209780046872
75,0.150943171828
76,0.075833585952
77,0.077735125039
78,0.113747277446
79,0.0705257048807
80,0.0902125112034
81,0.0896335642578
82,0.163909824982
83,0.187431504155
84,0.122673861711
85,0.073779627982
86,0.0997089471387
87,0.0699851916433
88,0.0907422939784
89,0.126043300773
90,0.0986171835597
91,0.0823587810536
92,0.0783683407362
93,0.0883079375332
94,0.0772672765741
95,0.0948009193338
96,0.133233966894
97,0.10341063692
98,0.0747879881632
99,0.0852592691029
100,0.0968222295692
101,0.163602987525
102,0.0958680810618
103,0.132152093466
104,0.18000154651
105,0.107932659081
106,0.109948388883
107,0.197606400453
108,0.126806475683
109,0.126112564387
110,0.119194853931
111,0.0835359188149
112,0.164912283787
113,0.111066096153
114,0.0806210431477
115,0.187504138829