site,dnds
1,0.421880228797
2,0.636988509093
3,0.518100956602
4,0.479000029069
5,0.75230218308
6,0.533352248542
7,0.641900083625
8,0.543494254715
9,0.732979722902
10,0.626053307743
11,0.716099405275
12,0.416525641147
13,0.538917545919
14,0.497302543279
15,0.602545146511
16,0.474399500987
17,0.61184645605
18,0.541856293871
19,0.623285480131
20,0.397964583113
21,0.372178564578
22,0.690257109897
23,0.645061501623
24,0.479122376222
25,0.468984578854
26,0.475260069104
27,0.400341640154
28,0.555300078566
29,0.429367187116
30,0.454362626855
31,0.573691869205
32,0.492705904723
33,0.422698433752
34,0.525747971641
35,0.595991555487
36,0.446285600927
37,0.506780913813
38,0.412846538369
39,0.581240618257
40,0.447894251123
41,0.4347777033
42,0.419072418368
43,0.557639200285
44,0.504283662131
45,0.607907854917
46,0.551382175694
47,0.59344880841
48,0.673753874736
49,0.421403699945
50,0.533366227752
51,0.381753082237
52,0.61177311694
53,0.442679108594
54,0.74243109911
55,0.563669971686
56,0.312516700703
57,0.504142082745
58,0.325737342531
59,0.398109361956
60,0.474661525476
61,0.652136072788
62,0.496740090574
63,0.600915067911
64,0.627486702129
65,0.610143803547
66,0.42806334481
67,0.602567104045
68,0.552737130158
69,0.828845343737
70,0.601105702209
71,0.643060984874
72,0.622323700513
73,0.620940129521
74,0.514660308857
75,0.657293193636
76,0.684446592151
77,0.499774561558
78,0.508772452837
79,0.324843770381
80,0.774769689806
81,0.570022859866
82,0.611877125051
83,0.438226313342
84,0.423326765165
85,0.51420588851
86,0.33016838065
87,0.550347212975
88,0.58593355589
89,0.431965961509
90,0.458482066046
91,0.501579654557
92,0.526997097728
93,0.609019572753
94,0.355045123839
95,0.507100759832
96,0.439597325011
97,0.4938186059
98,0.544177148049
99,0.674518096246
100,0.416249959014
101,0.411599370097
102,0.615881216706
103,0.384677723159
104,0.419466789733
105,0.478804117542
106,0.412227864335
107,0.571177446066
108,0.498449488941
109,0.520484608844
110,0.552602462961
111,0.405745704347
112,0.373004240498
113,0.456576744816
114,0.404634099683
115,0.521000618937
