site,jsd
1,0.123993775484
2,0.0691019145013
3,0.166667715193
4,0.0676611977814
5,0.106533889094
6,0.163430635791
7,0.156675990481
8,0.315597448062
9,0.0764503895348
10,0.077202307722
11,0.091324604533
12,0.169480728891
13,0.0752901105295
14,0.0577303579263
15,0.186876440906
16,0.161168927365
17,0.129819849202
18,0.0538092926076
19,0.1005383623
20,0.0826553500392
21,0.0781480688819
22,0.0703831104388
23,0.101230586078
24,0.111475341568
25,0.0556193313447
26,0.128804957961
27,0.0787233327014
28,0.17145827233
29,0.0464367084175
30,0.270750265117
31,0.161644088383
32,0.198239317786
33,0.0763546379805
34,0.163522294009
35,0.122525651968
36,0.190251085735
37,0.215347342422
38,0.0698372431523
39,0.0740025377747
40,0.148333196058
41,0.138877054309
42,0.0784737234267
43,0.103640951533
44,0.206271931897
45,0.0780534386726
46,0.159753969849
47,0.116212700446
48,0.0872404939368
49,0.0756917577389
50,0.141150995913
51,0.154144660426
52,0.123753387275
53,0.0902316742988
54,0.0581349164333
55,0.131202589051
56,0.0934942069651
57,0.11567575186
58,0.130675223625
59,0.0685801855184
60,0.0602540520772
61,0.110693138266
62,0.219068138389
63,0.16462892788
64,0.110419208868
65,0.14415841217
66,0.118899789782
67,0.133787417915
68,0.20497650151
69,0.0925551370415
70,0.147430430825
71,0.089544723283
72,0.0890739307337
73,0.0793324797932
74,0.153988816468
75,0.124973372477
76,0.0836563442506
77,0.106591999323
78,0.111617553996
79,0.121698820491
80,0.0954987824334
81,0.116511996002
82,0.13146828849
83,0.159224523655
84,0.212109936605
85,0.0489876448205
86,0.089116950016
87,0.0827620736374
88,0.0905338071671
89,0.186078751761
90,0.0785899847069
91,0.101024034029
92,0.118267613029
93,0.0999689728346
94,0.123445799834
95,0.129684870692
96,0.104348274374
97,0.12901364661
98,0.129212619925
99,0.117147541784
100,0.187133543594
101,0.155763996132
102,0.0862749228338
103,0.174834505269
104,0.0812574095982
105,0.119443833768
106,0.140996513737
107,0.139646386143
108,0.127851987414
109,0.140356654625
110,0.276059923394
111,0.075596632346
112,0.0702521034558
113,0.218576234896
114,0.0811196088047
115,0.101716974876