site,jsd
1,0.0710086502107
2,0.0554208989635
3,0.126763029575
4,0.0756559627252
5,0.112845317954
6,0.116339086354
7,0.1250754445
8,0.211394300464
9,0.0827911388162
10,0.0612808305076
11,0.0770366846905
12,0.170778112489
13,0.142884751967
14,0.0677775340153
15,0.0660677508679
16,0.143959278213
17,0.122052569686
18,0.0941616928895
19,0.0829489441997
20,0.1877989273
21,0.122298949609
22,0.107147027464
23,0.0747908645513
24,0.0701142903092
25,0.0905361120675
26,0.0883450802834
27,0.12915736921
28,0.181152172897
29,0.071799283783
30,0.132578836802
31,0.128309746034
32,0.132860761184
33,0.224883740804
34,0.0911659689802
35,0.0757649577436
36,0.100377335741
37,0.132866336325
38,0.299661077414
39,0.0784744629704
40,0.0653795598184
41,0.0865063598466
42,0.136991545181
43,0.100912577438
44,0.0825901668473
45,0.116698289207
46,0.17382522844
47,0.090733292923
48,0.0925263593855
49,0.117203672024
50,0.124505180531
51,0.109625695424
52,0.0572778502611
53,0.0442896720611
54,0.0857645374437
55,0.124871492993
56,0.0733534265847
57,0.113431415926
58,0.0951765829205
59,0.0998073379484
60,0.157987604954
61,0.0908342653939
62,0.0818645986849
63,0.15957025272
64,0.0876638241515
65,0.219596089274
66,0.10082557582
67,0.12746084539
68,0.0896037109132
69,0.0664596366586
70,0.0874944558789
71,0.102348881776
72,0.0745506602482
73,0.0997098287669
74,0.20182850586
75,0.149759261345
76,0.0755007897695
77,0.0765547871957
78,0.111738452942
79,0.0644617535008
80,0.0897744046843
81,0.0896326408011
82,0.163861350569
83,0.175096088214
84,0.120806728642
85,0.0714625024053
86,0.096696593194
87,0.0668975654648
88,0.0888863562905
89,0.118015065204
90,0.0922299811233
91,0.0792579955055
92,0.0794788495854
93,0.0871674611218
94,0.0696146036321
95,0.0906696471808
96,0.132280904984
97,0.102031831564
98,0.0749655576977
99,0.0842289263077
100,0.0976720794927
101,0.168359699925
102,0.0936118123836
103,0.125570928071
104,0.163408588432
105,0.109163077989
106,0.107678676863
107,0.183900658205
108,0.123346432015
109,0.125545134514
110,0.0996380903244
111,0.0800369141784
112,0.150350905624
113,0.109402110672
114,0.0820283936372
115,0.176880685601