site,jsd
1,0.0699589475295
2,0.053153352856
3,0.122485047158
4,0.0455212732038
5,0.136758530782
6,0.0952945339831
7,0.141620124473
8,0.0972283758155
9,0.0948506529609
10,0.135489423804
11,0.1697558656
12,0.0934329237528
13,0.147318097391
14,0.0828933198876
15,0.180829079988
16,0.147816491647
17,0.180047607656
18,0.111376443045
19,0.124572706218
20,0.0878209802046
21,0.080798396222
22,0.100229647018
23,0.0876988392732
24,0.0764064288247
25,0.115460532633
26,0.0870883744148
27,0.106423397393
28,0.074917422296
29,0.0772820731511
30,0.116549282027
31,0.118960373773
32,0.367491079256
33,0.117504586229
34,0.121032067428
35,0.0704558690223
36,0.0675389162177
37,0.180918707884
38,0.0949921854785
39,0.174337241806
40,0.0479726531325
41,0.0757671468972
42,0.0930883966451
43,0.0723056684498
44,0.0869346493562
45,0.155640791849
46,0.181400254986
47,0.0826927733413
48,0.127154575923
49,0.0963886216065
50,0.0950714257022
51,0.083298748292
52,0.111438932524
53,0.13232553814
54,0.0608981338546
55,0.0753717107698
56,0.105929019453
57,0.0774888919091
58,0.104759301502
59,0.0979205504259
60,0.0358121749911
61,0.136887916356
62,0.0660097475903
63,0.0905192019175
64,0.131330131082
65,0.117654426398
66,0.0777111982206
67,0.103342663415
68,0.0733737972259
69,0.0947678061485
70,0.113099069159
71,0.149971927049
72,0.150030670944
73,0.108407351853
74,0.13587690678
75,0.158984607482
76,0.13872423429
77,0.129911867945
78,0.0795870757453
79,0.0801162648113
80,0.152347154554
81,0.133710394219
82,0.0991619822299
83,0.0974471654758
84,0.0565735527911
85,0.0923221982381
86,0.0607295811582
87,0.0995681884303
88,0.19729512103
89,0.0930302511558
90,0.0335845280419
91,0.0826191818852
92,0.133416321355
93,0.147452347251
94,0.0985546592417
95,0.0872242448273
96,0.120369613423
97,0.145164658542
98,0.107731290012
99,0.143785502583
100,0.167434766183
101,0.105353327685
102,0.101052208291
103,0.110041849905
104,0.0968853619457
105,0.111215407605
106,0.0908271586582
107,0.140452097146
108,0.0881044333518
109,0.0481660976372
110,0.125435764907
111,0.106067843081
112,0.107284709142
113,0.0774333878911
114,0.0871167687644
115,0.095687082382