site,dnds
1,0.241728368088
2,0.561351699832
3,0.404492721769
4,0.321818418995
5,0.746144686324
6,0.307303335483
7,0.619990565791
8,0.270599219454
9,0.637198242213
10,0.601934133863
11,0.706265611577
12,0.224031312027
13,0.395321816055
14,0.362688468841
15,0.459337072617
16,0.355613457306
17,0.588085576361
18,0.4299320466
19,0.52155224636
20,0.0969238446579
21,0.0637520190406
22,0.52266846602
23,0.403643457407
24,0.189546048924
25,0.350791670033
26,0.180058852637
27,0.145326082596
28,0.210997616736
29,0.289726798604
30,0.0924916211324
31,0.532877498026
32,0.536628222818
33,0.224593647556
34,0.186886432448
35,0.376568946715
36,0.241785690096
37,0.22794651746
38,0.218515072748
39,0.515054070188
40,0.05025438151
41,0.267962507146
42,0.106351412114
43,0.383997865628
44,0.235885985034
45,0.472731722448
46,0.44577014969
47,0.316767010879
48,0.524796147882
49,0.158217620549
50,0.304560832562
51,0.243458769547
52,0.572805518341
53,0.308934397645
54,0.58525319383
55,0.522292066931
56,0.0427471626535
57,0.311581561366
58,0.0910286288645
59,0.205535048235
60,0.214082425875
61,0.577420533442
62,0.404775276645
63,0.415437819381
64,0.584050696395
65,0.471717130454
66,0.265965366641
67,0.424712545925
68,0.398659931208
69,0.734792944106
70,0.496616230343
71,0.570328567408
72,0.425770479933
73,0.43047267333
74,0.0555817658697
75,0.413225342498
76,0.593764554771
77,0.381673791977
78,0.374769054948
79,0.0571007042851
80,0.609218264683
81,0.381290453496
82,0.594320953549
83,0.13690230191
84,0.265553822474
85,0.360129803376
86,0.123674429599
87,0.361596174962
88,0.50480937424
89,0.10347415145
90,0.163687793846
91,0.365081161504
92,0.438316804423
93,0.533583895001
94,0.0426802456521
95,0.357703720833
96,0.0801802811919
97,0.295742645621
98,0.503129987202
99,0.499910708994
100,0.36741330994
101,0.374433024937
102,0.289014022469
103,0.0879592295072
104,0.0353223321436
105,0.21341754017
106,0.235300240117
107,0.394057120375
108,0.423227836262
109,0.34042663663
110,0.0985056351271
111,0.115349881173
112,0.196227016513
113,0.26238234567
114,0.23391006018
115,0.296170852527