site,jsd
1,0.195397485828
2,0.173700669562
3,0.15082341701
4,0.170665247753
5,0.115794223761
6,0.290986755152
7,0.166569147866
8,0.303176097216
9,0.141214898329
10,0.135154974157
11,0.170243726768
12,0.175125406126
13,0.114433738353
14,0.165640039684
15,0.0803859118254
16,0.214315796335
17,0.157189672977
18,0.158174539296
19,0.130037457997
20,0.242705663261
21,0.200290029771
22,0.128122984463
23,0.157029420729
24,0.180275292538
25,0.206835153827
26,0.279114193249
27,0.254916868522
28,0.335346531294
29,0.201156871536
30,0.333642601134
31,0.224711818884
32,0.19593926513
33,0.253476764751
34,0.332351653207
35,0.245099373057
36,0.193107850425
37,0.266746954233
38,0.237480150641
39,0.245173833666
40,0.232353605384
41,0.17113523049
42,0.242567569459
43,0.164142052005
44,0.324413122604
45,0.140027752359
46,0.146676346917
47,0.217648805488
48,0.150794914198
49,0.237671538996
50,0.187745778838
51,0.213865706956
52,0.166948023965
53,0.282647694956
54,0.203368106723
55,0.191728000489
56,0.17511013681
57,0.182375358248
58,0.204160658341
59,0.228936566216
60,0.171760050986
61,0.162811558922
62,0.1593722157
63,0.202026882965
64,0.139260775366
65,0.190193857236
66,0.144038632332
67,0.165517889747
68,0.167595608331
69,0.157539853733
70,0.132397975659
71,0.117934502424
72,0.178462541488
73,0.0875299145969
74,0.320763741842
75,0.141784020862
76,0.164957751792
77,0.197004643025
78,0.114472964038
79,0.194191888462
80,0.131858830817
81,0.150629990434
82,0.17669275056
83,0.186387190299
84,0.221722255173
85,0.1894946285
86,0.191172086255
87,0.138273717181
88,0.219834725659
89,0.248093311474
90,0.179882497666
91,0.187231960711
92,0.228327555706
93,0.153372948132
94,0.192315525223
95,0.246133495514
96,0.236648418043
97,0.186556906552
98,0.179594981104
99,0.22076560304
100,0.293614268729
101,0.305887314068
102,0.229461748338
103,0.253591423499
104,0.248278359749
105,0.298493461917
106,0.315777409579
107,0.14744073122
108,0.128714186813
109,0.221298801628
110,0.360298449203
111,0.231900400821
112,0.193556561148
113,0.235668806282
114,0.219073575615
115,0.157360584537