site,dnds
1,0.0919523577373
2,0.47733747287
3,0.231991003742
4,0.26760050909
5,0.640576274965
6,0.196529192339
7,0.478449233231
8,0.0843889070313
9,0.601063219501
10,0.42853114594
11,0.575332751229
12,0.180660618906
13,0.368268901412
14,0.304306960252
15,0.379641007942
16,0.172699700514
17,0.498248158662
18,0.362564405913
19,0.468128272212
20,1.11208406399e-07
21,0.0251378797954
22,0.56731173916
23,0.424987711591
24,0.181379425148
25,0.185790305316
26,0.108312984955
27,1.07120491602e-07
28,0.086569437645
29,0.148108651202
30,1.95405178988e-07
31,0.293864064441
32,0.264568078379
33,0.0158880289122
34,0.0134172293996
35,0.391306351694
36,0.175314803702
37,0.0993475298937
38,0.0252368052858
39,0.414201761376
40,0.0154700558846
41,0.21114009343
42,0.0411022950237
43,0.33280721238
44,0.101182872588
45,0.393585257949
46,0.354313452734
47,0.400907677595
48,0.399923959598
49,0.0516689110116
50,0.296450409677
51,0.057385838526
52,0.484189292155
53,0.108926344213
54,0.632918009838
55,0.308659269841
56,0.00659180291947
57,0.258466706734
58,0.0247333369326
59,0.0247653869739
60,0.237873271469
61,0.461312385422
62,0.272396280602
63,0.403757270603
64,0.499186364995
65,0.415190282292
66,0.153937814316
67,0.362580020315
68,0.335785196926
69,0.719812045183
70,0.431137342608
71,0.534306485659
72,0.455299489062
73,0.412972067145
74,0.0252698898438
75,0.509524270268
76,0.566374626244
77,0.275009411248
78,0.343753780786
79,0.0200524430309
80,0.689088360667
81,0.325979636867
82,0.519600512827
83,0.105917043647
84,0.124420726598
85,0.290068973201
86,0.00291705483818
87,0.370224437925
88,0.42090515948
89,0.0199677608903
90,0.183082777197
91,0.237936591746
92,0.198138036214
93,0.482668063831
94,0.0238516534177
95,0.26956604415
96,0.0252958858733
97,0.162872282113
98,0.319340813333
99,0.416564894225
100,0.101768571962
101,0.117804440352
102,0.36669096707
103,1.03939456561e-06
104,0.0252572970283
105,0.124259019405
106,0.152083098762
107,0.395233316401
108,0.301908763953
109,0.189222178686
110,2.19331277578e-07
111,0.02695663153
112,0.103140156108
113,0.108583731825
114,0.0739960979614
115,0.306113262226
