site,dnds
1,0.159938638798
2,0.510462260671
3,0.242291051904
4,0.284133559407
5,0.650625140445
6,0.175671351612
7,0.457844274765
8,0.0988193799197
9,0.577790414536
10,0.501715062751
11,0.655286353997
12,0.148477567079
13,0.370346176505
14,0.249917612348
15,0.419571342747
16,0.217052178343
17,0.460869680502
18,0.356450628119
19,0.539917809729
20,0.0546190199079
21,0.100273883741
22,0.557705000662
23,0.375931088063
24,0.143772116497
25,0.19208256112
26,0.0912584856852
27,0.055553003169
28,0.110496698519
29,0.211195867541
30,0.0517943816387
31,0.361835890643
32,0.26530791878
33,0.0639861460147
34,0.062051456643
35,0.317578833284
36,0.162485423898
37,0.132432051546
38,0.0695852650368
39,0.345970778996
40,0.0727627055248
41,0.187042251292
42,0.0816061715489
43,0.372995619215
44,0.131298872362
45,0.5238212055
46,0.292460566589
47,0.321177232287
48,0.530339353391
49,0.0839238832421
50,0.273488567663
51,0.0875557992347
52,0.493692222595
53,0.160508171134
54,0.576875123641
55,0.353612320932
56,0.0325320777309
57,0.291250757071
58,0.0595862450164
59,0.0614492780512
60,0.226425343464
61,0.638176794541
62,0.241393226204
63,0.375964114301
64,0.564268954661
65,0.374729402823
66,0.174215146091
67,0.42648700934
68,0.262440259839
69,0.60605412936
70,0.452190431783
71,0.49976734886
72,0.424084977095
73,0.452786226874
74,0.066388321644
75,0.557961654338
76,0.523138557713
77,0.313320562416
78,0.349008445109
79,0.0320284497167
80,0.620755758764
81,0.296527758537
82,0.50689312397
83,0.129689890611
84,0.122241452353
85,0.323654611057
86,0.0161979375684
87,0.33115869316
88,0.376702866526
89,0.0387847908543
90,0.18399871882
91,0.360399337643
92,0.267752881427
93,0.439949759109
94,0.0449619380759
95,0.19558623414
96,0.0398163404608
97,0.184299239152
98,0.350369819469
99,0.452238002497
100,0.295919447322
101,0.114682158788
102,0.346803073684
103,0.0566585930845
104,0.0444877069296
105,0.0809416829595
106,0.130329464696
107,0.304664718517
108,0.398471224151
109,0.248806901952
110,0.080929638809
111,0.0642148026789
112,0.121456657148
113,0.126814439516
114,0.116565940963
115,0.353099330466
