site,jsd
1,0.15618621244
2,0.0763318511782
3,0.147227121376
4,0.133401547746
5,0.102361451313
6,0.186712189714
7,0.131512116904
8,0.247846409674
9,0.105843750694
10,0.0828887649535
11,0.103945337658
12,0.188280165291
13,0.0833014066457
14,0.127640873076
15,0.10097968903
16,0.174621693015
17,0.140731089051
18,0.111754183911
19,0.0998219751602
20,0.197572393139
21,0.153796469714
22,0.0710870083087
23,0.0841950203185
24,0.167764902763
25,0.0798173535711
26,0.158068967072
27,0.205454450445
28,0.236961275617
29,0.138619103236
30,0.229927473425
31,0.192720769573
32,0.223166576827
33,0.222621677706
34,0.200388287191
35,0.113936442651
36,0.138746623592
37,0.194745597124
38,0.22153136237
39,0.127070766694
40,0.169054606001
41,0.165533069353
42,0.18277124846
43,0.129983881094
44,0.227126279955
45,0.107471952523
46,0.189213269812
47,0.142363445654
48,0.110493782238
49,0.203387278661
50,0.172218486171
51,0.183458572552
52,0.0834750170559
53,0.157022219766
54,0.0710127974426
55,0.148759903868
56,0.126385732132
57,0.146687400427
58,0.150164757102
59,0.202461719266
60,0.148762573095
61,0.127054690467
62,0.130234751839
63,0.13576257493
64,0.121850426205
65,0.144338385243
66,0.176373357057
67,0.131334540874
68,0.134435772685
69,0.0938703940401
70,0.100440719885
71,0.112420705549
72,0.108045525927
73,0.108261358564
74,0.248073112328
75,0.133420086209
76,0.0865956316655
77,0.126579587425
78,0.120018532271
79,0.153346172791
80,0.0851115142488
81,0.112095390723
82,0.179444414656
83,0.161991752861
84,0.177577362372
85,0.116058393729
86,0.147362654878
87,0.0995009621037
88,0.101322060636
89,0.202792996601
90,0.150415349424
91,0.145738237107
92,0.164929117476
93,0.122169133965
94,0.152765352553
95,0.141652447276
96,0.19370953885
97,0.139155178963
98,0.1519138725
99,0.143002866748
100,0.155783209024
101,0.219648792646
102,0.115442688246
103,0.206117389402
104,0.211710034585
105,0.186258537262
106,0.172524259722
107,0.153582887756
108,0.131214653981
109,0.168306001142
110,0.236991941285
111,0.194784361485
112,0.156417043789
113,0.180394664346
114,0.169984710239
115,0.1231441505