site,dnds
1,0.155292211501
2,0.508111527397
3,0.232064680626
4,0.280883880034
5,0.649389718261
6,0.164870050051
7,0.451911023857
8,0.0686190119194
9,0.575762855715
10,0.500026589647
11,0.652966883514
12,0.139715685042
13,0.366078823006
14,0.244474731559
15,0.416869489613
16,0.205604808631
17,0.45152263336
18,0.354008451254
19,0.537011777103
20,0.00728957893037
21,0.0965974587746
22,0.555085725823
23,0.372576725001
24,0.137541706845
25,0.177547849478
26,0.0830364487606
27,0.00667701863038
28,0.0986062783173
29,0.20028890636
30,3.71785267724e-07
31,0.35906617977
32,0.235410850216
33,9.35257087825e-08
34,0.037411061715
35,0.310139012006
36,0.154974309965
37,0.120549489892
38,0.024222141365
39,0.340232416232
40,0.066783976923
41,0.182109665276
42,0.0477996730982
43,0.36866205437
44,0.114866035892
45,0.521545932144
46,0.287587495725
47,0.317259890501
48,0.527736556143
49,0.0571920505242
50,0.264819675261
51,0.0646002517247
52,0.488573261847
53,0.147683902002
54,0.573170302648
55,0.349298679925
56,2.00423083775e-07
57,0.289581186387
58,0.03265800744
59,0.0227965735607
60,0.223810868097
61,0.634154277877
62,0.237881508088
63,0.371556061469
64,0.56253943418
65,0.370562343948
66,0.165251852309
67,0.422012355599
68,0.257462441764
69,0.60240668704
70,0.448737517826
71,0.498006658735
72,0.421407687139
73,0.450918074649
74,0.0359384753427
75,0.556671443927
76,0.520002834653
77,0.308718731087
78,0.344936254084
79,0.0164669024986
80,0.619020774064
81,0.28822372185
82,0.504373817176
83,0.110756229344
84,0.113168136228
85,0.322727504607
86,0.00518686256785
87,0.329433559592
88,0.373417810765
89,0.0133900222135
90,0.180642737497
91,0.357129596587
92,0.263673626348
93,0.436253699276
94,0.0305972249042
95,0.179542523592
96,0.0148142677222
97,0.174786560875
98,0.343523746205
99,0.441498393131
100,0.283840473725
101,0.0966736415945
102,0.343013892865
103,1.47109864633e-07
104,0.00747883418755
105,0.0600722683193
106,0.0851348161703
107,0.277654296971
108,0.395857386798
109,0.243001261881
110,2.93994768279e-07
111,0.0332681624833
112,0.107747609308
113,0.119545307863
114,0.0965805304239
115,0.350385110809
