site,dnds
1,0.34171754038
2,0.133552242492
3,0.200637556222
4,0.267134808605
5,0.185664058603
6,0.382172480663
7,0.23101633999
8,0.160182307068
9,0.256796380248
10,0.206681556219
11,0.284384040032
12,0.372016055846
13,0.171564477697
14,0.356576968259
15,0.115413979181
16,0.212875879929
17,0.227007344551
18,0.507067038425
19,0.16280137511
20,0.192192790791
21,0.563870513595
22,0.182907123743
23,0.347590907238
24,0.159565749447
25,0.604744932608
26,0.150807744005
27,0.319533910416
28,0.362152407018
29,0.117474376789
30,0.161313620222
31,0.370681202155
32,0.328457825788
33,0.390534126643
34,0.436312368741
35,0.533323437989
36,0.556670675545
37,0.37531019688
38,0.309549957612
39,0.561643634954
40,0.48297156367
41,0.361287204148
42,0.25493297597
43,0.49261648483
44,0.604744932608
45,0.486238464183
46,0.568102922165
47,0.433580697499
48,0.275151806574
49,0.382329815497
50,0.585677145783
51,0.378690246368
52,0.231322333293
53,0.311441803873
54,0.503098502759
55,0.503098502759
56,0.242343391805
57,0.266214993847
58,0.563870513595
59,0.298347081086
60,0.425563082071
61,0.532385744697
62,0.333289726095
63,0.345860991809
64,0.161888815312
65,0.234594984881
66,0.334976183367
67,0.253208450316
68,0.216377047262
69,0.161423851023
70,0.492211828257
71,0.268594524638
72,0.645156886546
73,0.330113085627
74,0.226681287068
75,0.171476006194
76,0.449304218731
77,0.450091640279
78,0.437747940161
79,0.144205153553
80,0.637963010682
81,0.327943508326
82,0.362002490725
83,0.220548281357
84,0.49261648483
85,0.260134398741
86,0.232399080389
87,0.232465110872
88,0.302100281724
89,0.508630427847
90,0.314675939764
91,0.376998415467
92,0.136127281577
93,0.219474552828
94,0.200556667357
95,0.180447255356
96,0.208291621953
97,0.252717940311
98,0.325846991434
99,0.365288359383
100,0.399291306703
101,0.408256994938
102,0.384222723184
103,0.20869159423
104,0.175275453383
105,0.385109143586
106,0.396772593639
107,0.162438636565
108,0.210526032636
109,0.258019249501
110,0.17014139725
111,0.45639564081
112,0.408029426666
113,0.300392789779
114,0.295572206412
115,0.645156886546
116,0.160874300054
117,0.180226917435
118,0.492649718589
119,0.117114388474
120,0.310876982128
121,0.364220700041
122,0.589650752832
123,0.492649718589
124,0.345608355053
125,0.484989358704
