site,dnds
1,0.100501267178
2,0.105867796918
3,0.262140017226
4,0.278345181348
5,0.310608974816
6,0.251254375465
7,0.224649278546
8,0.0684791842135
9,0.0486736849462
10,0.112114260944
11,0.189826136302
12,0.142314342355
13,0.0736686596658
14,0.300153864449
15,0.161632202869
16,0.187316450079
17,0.108124918115
18,0.576596901848
19,0.427055699019
20,0.413491198304
21,0.502096802614
22,0.055520657508
23,0.189694859746
24,0.1633122354
25,0.635283588253
26,0.190199462735
27,0.33733240269
28,0.351342812163
29,0.17423681459
30,0.253299779739
31,0.265763679508
32,0.416761750623
33,0.203319432984
34,0.621143175962
35,0.586180781636
36,0.547635718749
37,0.428787558484
38,0.39010476453
39,0.624176949247
40,0.583904101335
41,0.325970732933
42,0.11061924579
43,0.572257197729
44,0.667662502087
45,0.0766760747399
46,0.45405681147
47,0.479339762906
48,0.254386787331
49,0.511609621926
50,0.60913199181
51,0.374748786818
52,0.147354175777
53,0.270796301296
54,0.428793521255
55,0.40801817027
56,0.105595726079
57,0.404882422014
58,0.610034990567
59,0.390276091381
60,0.402883982282
61,0.491422691507
62,0.0857077209497
63,0.11992689292
64,0.0591104212529
65,0.303205582059
66,0.375312285092
67,0.242763915941
68,0.181318388002
69,0.236831787388
70,0.311096351611
71,0.2407021642
72,0.576435246019
73,0.247030511995
74,0.23733983285
75,0.161893094328
76,0.435708511503
77,0.530124518859
78,0.501331934531
79,0.112746780621
80,0.613089545237
81,0.412651879203
82,0.468987224538
83,0.192250984447
84,0.463027482598
85,0.106797476915
86,0.257527665047
87,0.12995782217
88,0.32885656699
89,0.58798033799
90,0.260135327432
91,0.527687069197
92,0.054419584504
93,0.0528055325124
94,0.206185798057
95,0.170884552268
96,0.234246178926
97,0.111252296475
98,0.520440028126
99,0.433519093518
100,0.532636390725
101,0.540171236327
102,0.474298371006
103,0.310035316046
104,0.0767978090232
105,0.0946998558236
106,0.431185198445
107,0.278383944689
108,0.160922539566
109,0.0925306403163
110,0.171455956405
111,0.55149455825
112,0.451394630115
113,0.420864697251
114,0.230193840484
115,0.604931050335
116,0.339817069085
117,0.344670898558
118,0.383249336488
119,0.277483149292
120,0.276334864996
121,0.192934533739
122,0.492150197073
123,0.54262191278
124,0.368895934335
125,0.610541415248