site,dnds
1,0.27174581691
2,0.117101386376
3,0.185609373789
4,0.223707610659
5,0.257697520873
6,0.313570386012
7,0.228682800298
8,0.191442228555
9,0.270619550617
10,0.208609312739
11,0.189650876566
12,0.301642363221
13,0.126544468074
14,0.275582366344
15,0.101302111513
16,0.259930386718
17,0.200996061342
18,0.437622087992
19,0.176703608376
20,0.272767269143
21,0.496106582606
22,0.184414768859
23,0.227214271328
24,0.0809820731933
25,0.608405969773
26,0.153237603905
27,0.361009571312
28,0.331379339932
29,0.188447145369
30,0.157348116839
31,0.346012794998
32,0.28407027267
33,0.309522146816
34,0.415309719451
35,0.529540331256
36,0.534155784828
37,0.358391552164
38,0.300293881136
39,0.425063553432
40,0.46214865706
41,0.306280249213
42,0.309237987914
43,0.501618625085
44,0.542389927694
45,0.35389214593
46,0.537825196192
47,0.404554453023
48,0.23349515424
49,0.374008062807
50,0.562860032152
51,0.325930632929
52,0.218902045026
53,0.22705111925
54,0.476076777085
55,0.491302853463
56,0.161326296347
57,0.265260000385
58,0.505303317951
59,0.236580433413
60,0.385587274515
61,0.513369795957
62,0.247086531338
63,0.247108786391
64,0.140479970035
65,0.172569002014
66,0.300253802747
67,0.207259245123
68,0.177077906796
69,0.185423033422
70,0.465171567125
71,0.240223308767
72,0.425291403013
73,0.322167983023
74,0.226704229034
75,0.161696497555
76,0.415018530316
77,0.414054869384
78,0.407084176154
79,0.109999069735
80,0.624397367363
81,0.328560994929
82,0.342973611648
83,0.221491632873
84,0.402500954568
85,0.153578333573
86,0.216337856906
87,0.204415250254
88,0.258798509585
89,0.494977389981
90,0.257645372816
91,0.356467249555
92,0.101077795434
93,0.221246104224
94,0.196247912863
95,0.193258199316
96,0.219067172267
97,0.297872858294
98,0.322014563094
99,0.345162098474
100,0.417518000028
101,0.411367057676
102,0.371729376453
103,0.173209617919
104,0.149431539542
105,0.257908742873
106,0.37289635549
107,0.165984256645
108,0.202829530813
109,0.260627277967
110,0.146626959675
111,0.438129533624
112,0.343518414554
113,0.248446586879
114,0.227876571658
115,0.607031289373
116,0.199528538777
117,0.107842518287
118,0.492569851821
119,0.135531190517
120,0.238205008886
121,0.298611145807
122,0.554173433523
123,0.414656986577
124,0.285718316703
125,0.477832548062
