site,jsd
1,0.116629225135
2,0.0874278620042
3,0.170559841826
4,0.141659407777
5,0.0824031695644
6,0.132952384583
7,0.128258570325
8,0.0931506937499
9,0.226986591061
10,0.150721323837
11,0.12063284484
12,0.252929857068
13,0.0708748409234
14,0.0998855400535
15,0.10716690674
16,0.11387060889
17,0.0927997591114
18,0.134216646887
19,0.140473553138
20,0.0958034333967
21,0.0944483590547
22,0.0665817977416
23,0.136701414675
24,0.0875698093599
25,0.137545606191
26,0.0660285794594
27,0.13600500877
28,0.122072657018
29,0.164012158934
30,0.155501660968
31,0.191829858084
32,0.131378457567
33,0.241318012216
34,0.11442488728
35,0.104849555764
36,0.230290690308
37,0.0708146457523
38,0.0838911843927
39,0.187008076909
40,0.160712832102
41,0.0783120914664
42,0.131375980474
43,0.143387627367
44,0.102317861676
45,0.306143575594
46,0.0633180462945
47,0.179656096202
48,0.129951074476
49,0.161530284268
50,0.107227838172
51,0.0615908094253
52,0.109763379819
53,0.174515789153
54,0.104819733342
55,0.0635219099645
56,0.133867655057
57,0.0820195233528
58,0.133814153213
59,0.0974593162152
60,0.154770770552
61,0.0729133761712
62,0.179133492733
63,0.0912056043374
64,0.102667641999
65,0.115240544598
66,0.120813531192
67,0.174321063401
68,0.289813947315
69,0.170562581395
70,0.317362736224
71,0.0951008297461
72,0.119248934845
73,0.0844395295171
74,0.162327546981
75,0.125976397153
76,0.0709360073732
77,0.0688277567261
78,0.130755648495
79,0.0738472091085
80,0.132297943224
81,0.156246827833
82,0.103454193122
83,0.0948937926181
84,0.233668672895
85,0.167796302793
86,0.165371854418
87,0.104391898312
88,0.140665314778
89,0.153589008783
90,0.152713593895
91,0.132141373753
92,0.106242722382
93,0.0958699585183
94,0.160333347798
95,0.0681083534273
96,0.0864763262203
97,0.227102621862
98,0.139033616604
99,0.140895271056
100,0.102677458899
101,0.233705011274
102,0.121969033634
103,0.235675371755
104,0.0559961077574
105,0.294329278902
106,0.0924073721294
107,0.145419042525
108,0.161073843814
109,0.232727973714
110,0.127674141119
111,0.155363308802
112,0.127271971072
113,0.121750078281
114,0.192846194508
115,0.0860637609335
116,0.0806355355652
117,0.0657092675451
118,0.115257888133
119,0.116547677191
120,0.41500908637
121,0.158545356253
122,0.0811537581128
123,0.114608333634
124,0.103890324576
125,0.0960719446306