site,dnds
1,0.045250828862
2,0.0829214556474
3,0.107906819672
4,0.175691173126
5,0.23554678375
6,0.17406629117
7,0.198505187441
8,0.0341308575817
9,0.00484008741732
10,0.0589717764507
11,0.0219608395672
12,0.24466428051
13,0.00737773853187
14,0.209505868744
15,0.0639742008105
16,0.196923666189
17,0.0549514587286
18,0.379360899565
19,0.115563795219
20,0.239129415989
21,0.47611011872
22,0.0425218563079
23,0.134859450308
24,0.036087386412
25,0.587950259109
26,0.0820815670515
27,0.277093044256
28,0.289468895848
29,0.0907972409602
30,0.116943263263
31,0.300631408038
32,0.242038078066
33,1.76162173611e-07
34,0.396422844705
35,0.514902263736
36,0.507240290122
37,0.324944418322
38,0.294027292478
39,0.38891087224
40,0.42877506143
41,0.260229044
42,0.124963274784
43,0.478789228292
44,0.519869504264
45,0.00650016542206
46,0.509773082894
47,0.376897735775
48,0.0797909349927
49,0.351494020794
50,0.542109194624
51,0.192354900657
52,0.0710495401194
53,0.092853874762
54,0.452582389791
55,0.468399386648
56,0.000352977990536
57,0.209860000627
58,0.47931934942
59,0.170453363034
60,0.358588321159
61,0.488717229312
62,0.0733702843388
63,0.146759529372
64,0.0479811874428
65,0.114302192137
66,0.255103361555
67,0.135673397231
68,0.143258642063
69,0.106177986292
70,0.374181843213
71,0.053665794729
72,0.39762117256
73,0.257296336976
74,0.167357033929
75,0.10089731616
76,0.326177389825
77,0.379768247428
78,0.374873900453
79,0.0140409431777
80,0.606570705449
81,0.302215196472
82,0.320342132919
83,5.36433384181e-07
84,0.38034895492
85,0.0331852027708
86,0.19391723566
87,0.0513341215282
88,0.182864741878
89,0.473856041821
90,0.133970947011
91,0.334606244395
92,0.0382916616395
93,8.94858563595e-08
94,0.119151867425
95,0.132056614494
96,0.0479112994654
97,6.79801040402e-07
98,0.29303507365
99,0.317044185777
100,0.390046820176
101,0.38518846282
102,0.343384710481
103,0.0696682916519
104,0.0262215682709
105,0.00921536175645
106,0.353775464123
107,0.107819697363
108,0.108022102706
109,0.0096820257111
110,0.115971222919
111,0.405225530049
112,0.323945835063
113,0.195986816932
114,0.0838834784141
115,0.592083364638
116,0.160251122625
117,0.0793260680915
118,0.472509828764
119,0.0516905382654
120,0.0838982917017
121,1.43836591554e-07
122,0.516568409653
123,0.392060132618
124,0.24129897975
125,0.427943817711
