site,jsd
1,0.118498717807
2,0.103934773837
3,0.191334449195
4,0.0850152834104
5,0.0736044491441
6,0.0891712491961
7,0.0952139145452
8,0.183184824763
9,0.11776563626
10,0.0980701864717
11,0.0520964969854
12,0.143641735794
13,0.0689575997277
14,0.0905840168707
15,0.122840148397
16,0.172145499922
17,0.0755891197916
18,0.0853446954737
19,0.0912664156095
20,0.0886577764739
21,0.0922704530064
22,0.0720978843049
23,0.122748997238
24,0.0427082359516
25,0.0597810730872
26,0.0784753416376
27,0.148769217388
28,0.047368321815
29,0.148200342743
30,0.0729218914681
31,0.204683362848
32,0.236337626827
33,0.0503996687416
34,0.106865021835
35,0.0733135102907
36,0.162377533443
37,0.0505500456575
38,0.0668672893036
39,0.185246745301
40,0.120610026357
41,0.0453231244551
42,0.125116946973
43,0.124369686822
44,0.0882366259289
45,0.207780337451
46,0.0812951023602
47,0.222231365593
48,0.126241731695
49,0.0745275416864
50,0.115040459807
51,0.0520212051144
52,0.207565356037
53,0.060492799921
54,0.0857552862467
55,0.0743331805176
56,0.122920086038
57,0.129208126831
58,0.0964456840872
59,0.111377698646
60,0.122250507313
61,0.0704409920219
62,0.0862539283246
63,0.0898659321627
64,0.267156269878
65,0.0976431988311
66,0.0590832926035
67,0.119340658089
68,0.153474629889
69,0.0954419756598
70,0.129530014701
71,0.0534743909945
72,0.0931053719075
73,0.0958621078409
74,0.156630234305
75,0.167347888016
76,0.058040001313
77,0.111997847719
78,0.0775247585388
79,0.160857612367
80,0.0941268419315
81,0.0736828405238
82,0.0497029350574
83,0.0990931121641
84,0.13624358571
85,0.0940441043089
86,0.20761685328
87,0.141841985377
88,0.171874931156
89,0.115599182039
90,0.242759773587
91,0.125317933168
92,0.0732501779996
93,0.0856936128585
94,0.0926581385811
95,0.0777343520678
96,0.0833145867271
97,0.244099463157
98,0.0887911333288
99,0.0864396591605
100,0.110388986893
101,0.0983462898855
102,0.0914247419802
103,0.092579859543
104,0.0692601798491
105,0.189935701955
106,0.156601413598
107,0.107324078206
108,0.158635975902
109,0.111965802076
110,0.0826998454567
111,0.164716174058
112,0.0821742358085
113,0.0739242591881
114,0.157384030341
115,0.0716495405004
116,0.117879510567
117,0.0766700138667
118,0.208446648662
119,0.119693324175
120,0.183010932024
121,0.114551785947
122,0.112353834856
123,0.0929694753091
124,0.104900900899
125,0.0895171059749