site,jsd
1,0.135030198874
2,0.116341018938
3,0.0894716570954
4,0.124164144785
5,0.0913794387193
6,0.458726174325
7,0.118604802113
8,0.102527659242
9,0.110585071006
10,0.0967507926843
11,0.0917883207392
12,0.179573811401
13,0.0772465041825
14,0.133025919142
15,0.0909780814933
16,0.130266053975
17,0.103797672539
18,0.157881586243
19,0.117446127749
20,0.115456884513
21,0.113642456884
22,0.0774046789393
23,0.165962682218
24,0.140452234846
25,0.174349611398
26,0.18726191227
27,0.166650187428
28,0.173598252846
29,0.151412593614
30,0.114528083248
31,0.136633901485
32,0.258067156397
33,0.116292072668
34,0.203997151606
35,0.243143781412
36,0.174937207669
37,0.100591225565
38,0.101827502872
39,0.146547062805
40,0.146877614386
41,0.187734651871
42,0.190971961107
43,0.174039468688
44,0.144032530586
45,0.138190005108
46,0.122228109077
47,0.136377214779
48,0.226397630601
49,0.169927274043
50,0.152080462284
51,0.15002069669
52,0.114300489869
53,0.160054724187
54,0.1283716408
55,0.120102438325
56,0.108139180709
57,0.140068415636
58,0.149866786881
59,0.141384160481
60,0.266881688434
61,0.12684151597
62,0.100038023585
63,0.126158321213
64,0.110323740924
65,0.107464931854
66,0.147054909291
67,0.143306613701
68,0.180071579553
69,0.110422180911
70,0.514468781945
71,0.141814080292
72,0.165433962526
73,0.128478355811
74,0.122047682386
75,0.114382123941
76,0.212133998334
77,0.17143519962
78,0.149725862969
79,0.0676293519795
80,0.229818940723
81,0.284593202741
82,0.190213104212
83,0.0857757819059
84,0.116131219849
85,0.0978945251628
86,0.180584078686
87,0.113504403447
88,0.132564101113
89,0.129157441328
90,0.0926631668154
91,0.175389557351
92,0.0901308161136
93,0.0856794403027
94,0.102867130343
95,0.129918064372
96,0.10932898274
97,0.103092528
98,0.164847758714
99,0.133797232752
100,0.165051885327
101,0.206814682033
102,0.145496525657
103,0.0906040468166
104,0.147137635205
105,0.120757988493
106,0.123609182286
107,0.19468273855
108,0.105122984811
109,0.120728982481
110,0.0971768824775
111,0.114352986157
112,0.155809864642
113,0.116940138849
114,0.110652138255
115,0.189424291178
116,0.193417904997
117,0.0813003751033
118,0.156005568681
119,0.110626167274
120,0.594079532611
121,0.122726037185
122,0.195780585063
123,0.247003297683
124,0.116136210371
125,0.12274062017