site,jsd
1,0.150923821273
2,0.0716620430786
3,0.157580374962
4,0.0764349797947
5,0.0551828529891
6,0.130018140122
7,0.0775655982108
8,0.165588187678
9,0.132223529449
10,0.112715341517
11,0.0707583310412
12,0.149245376068
13,0.061835266171
14,0.0885511977786
15,0.0945061157347
16,0.128990196779
17,0.0637649691406
18,0.0922567013493
19,0.113426887731
20,0.0886016849578
21,0.0908555606589
22,0.07255539671
23,0.109135024989
24,0.0718615191669
25,0.0586329779017
26,0.0833145693385
27,0.157108033211
28,0.038260131231
29,0.116027997442
30,0.0704574966397
31,0.172531537953
32,0.167830888591
33,0.101536285337
34,0.108927003095
35,0.0696149617772
36,0.140632395901
37,0.0498749236767
38,0.0607642700711
39,0.189950085222
40,0.124344866729
41,0.0503942790824
42,0.101557152673
43,0.110028017846
44,0.0969010783189
45,0.204300919081
46,0.0633617264666
47,0.183804550664
48,0.122315455769
49,0.0753717838778
50,0.110435387488
51,0.0594172425921
52,0.169511830744
53,0.0862855626771
54,0.0682015175815
55,0.0674465408163
56,0.117835201783
57,0.121577034168
58,0.0909542013573
59,0.126547783556
60,0.104694713833
61,0.0652957682474
62,0.0808455988958
63,0.0684352528627
64,0.178484737203
65,0.0978253221564
66,0.0605707069169
67,0.115719018706
68,0.160348537191
69,0.0896645120273
70,0.104452387355
71,0.0719857882884
72,0.0858316192623
73,0.0763178716058
74,0.117384968228
75,0.134789612763
76,0.0570049071594
77,0.109965624872
78,0.0878868885152
79,0.118734080379
80,0.0888006988837
81,0.0523891924434
82,0.0528922281153
83,0.124480459288
84,0.13629454616
85,0.112227017497
86,0.160238616042
87,0.134033334961
88,0.158786120797
89,0.12424294823
90,0.161865678206
91,0.12187454192
92,0.0526626955473
93,0.111821633382
94,0.0797737037752
95,0.0673403115588
96,0.105732025472
97,0.182949810897
98,0.0962545186341
99,0.0853336144202
100,0.100042686214
101,0.0969560147092
102,0.0944466108644
103,0.130630646623
104,0.0586429288502
105,0.177269039964
106,0.13737061753
107,0.114140016056
108,0.145928174797
109,0.116107549197
110,0.0640237630463
111,0.150836997748
112,0.0922643667261
113,0.0825675385953
114,0.149119284853
115,0.0571581973256
116,0.101737371682
117,0.085769711942
118,0.134671776539
119,0.125566890093
120,0.19632002499
121,0.121677975293
122,0.0996555407434
123,0.0940804860775
124,0.0960108702722
125,0.0909121732035