site,dnds
1,0.0453639460383
2,0.0830213451692
3,0.107949174242
4,0.175739087051
5,0.23559370915
6,0.174209047332
7,0.198552251194
8,0.034240793373
9,0.00489245656981
10,0.0590252942352
11,0.0220348383326
12,0.244888429445
13,0.00743373020335
14,0.20969720507
15,0.0640388859685
16,0.197042771211
17,0.0551439633256
18,0.379685692491
19,0.115628137121
20,0.239198025313
21,0.477447678787
22,0.0426014703937
23,0.134997567668
24,0.036082025767
25,0.58806501758
26,0.0821464011363
27,0.277213060218
28,0.289685316589
29,0.0908481878038
30,0.116995262293
31,0.300722600811
32,0.242216001724
33,4.36567581732e-05
34,0.396475120906
35,0.51497032759
36,0.507381950992
37,0.325140633037
38,0.294024899569
39,0.389019491564
40,0.428990798507
41,0.260396638867
42,0.125251374884
43,0.478893484564
44,0.520000794513
45,0.00658453588704
46,0.509887326916
47,0.377110972045
48,0.0798728887713
49,0.351605423728
50,0.542269675709
51,0.192859490256
52,0.0713242295374
53,0.0929295809391
54,0.452720766
55,0.468559222016
56,0.000187432917126
57,0.210179004177
58,0.479492065892
59,0.170532332476
60,0.358690709162
61,0.488890951988
62,0.0734360456237
63,0.147052707659
64,0.0481106486927
65,0.114318272788
66,0.255228774569
67,0.136368020847
68,0.143326321422
69,0.106268030712
70,0.374408403192
71,0.0537428277344
72,0.397904493393
73,0.257859671801
74,0.167443258706
75,0.10096830013
76,0.326421213782
77,0.379919167268
78,0.37504179094
79,0.0140934656195
80,0.606648919057
81,0.302278273702
82,0.320406296287
83,3.29230181671e-05
84,0.380423747254
85,0.0332473369524
86,0.194010318723
87,0.0516141098122
88,0.183084854944
89,0.474109776254
90,0.13403848671
91,0.33479773444
92,0.0383480065554
93,3.26814379141e-05
94,0.119202798973
95,0.132140310296
96,0.0479896883274
97,3.54854623635e-05
98,0.293231694493
99,0.317168944277
100,0.390160610695
101,0.385336146786
102,0.34349479032
103,0.0697628049923
104,0.0264278002774
105,0.00930178240151
106,0.353832883185
107,0.107887435178
108,0.108107557935
109,0.00977124303717
110,0.116025096349
111,0.405336665825
112,0.324044734575
113,0.196069946409
114,0.0840299281649
115,0.5922661075
116,0.160332115942
117,0.0793530494007
118,0.472598001986
119,0.0517899066346
120,0.0840224380149
121,3.95526690517e-05
122,0.516857573708
123,0.392120350457
124,0.241394233463
125,0.428149985822
