site,dnds
1,0.566177825881
2,0.424486820411
3,0.543553783391
4,0.559113902142
5,0.524383019434
6,0.551468586019
7,0.480456670645
8,0.39900788715
9,0.530095153909
10,0.450100396913
11,0.50351923104
12,0.56599623684
13,0.379629370386
14,0.522907784719
15,0.443031205899
16,0.408556683957
17,0.461085696432
18,0.706540082211
19,0.702758386631
20,0.600141808232
21,0.623789142757
22,0.386684522554
23,0.544121831998
24,0.610627013091
25,0.737986086854
26,0.517358086125
27,0.552689066256
28,0.614207587338
29,0.438485989567
30,0.521090972182
31,0.472298145139
32,0.666686040737
33,0.697776245377
34,0.734061769642
35,0.723218844287
36,0.708424397855
37,0.586380687013
38,0.538141091659
39,0.724398799275
40,0.68480432573
41,0.538318025062
42,0.386443463967
43,0.721910596678
44,0.783380076825
45,0.604521203498
46,0.645565133596
47,0.666329101845
48,0.508391821512
49,0.624647726627
50,0.744749372364
51,0.600518514978
52,0.418405837241
53,0.711968017018
54,0.597504965575
55,0.604671659744
56,0.412418406086
57,0.585257653062
58,0.714971252396
59,0.610804247034
60,0.632069827428
61,0.632240232665
62,0.444936317364
63,0.47982263644
64,0.415083392929
65,0.5709250059
66,0.592502158516
67,0.505035020285
68,0.571833509961
69,0.510634815184
70,0.733836332051
71,0.520875293111
72,0.719731454398
73,0.441662902315
74,0.512832183738
75,0.489156938791
76,0.655607877543
77,0.648875701828
78,0.664968881591
79,0.407755494917
80,0.732370057202
81,0.604918528446
82,0.625048672807
83,0.495030058842
84,0.673359797184
85,0.396399312108
86,0.486699602612
87,0.432041208736
88,0.522903528854
89,0.706589654328
90,0.478229109094
91,0.647776989835
92,0.36824821985
93,0.443533668354
94,0.452294945558
95,0.454764714753
96,0.501093122891
97,0.504507625622
98,0.671783492413
99,0.629741175566
100,0.684294575705
101,0.631212924871
102,0.647209885578
103,0.634611710575
104,0.3356808277
105,0.52630046482
106,0.595618649978
107,0.487126992384
108,0.485216072803
109,0.54166283322
110,0.494108117913
111,0.714672497838
112,0.674467607744
113,0.607669881854
114,0.473065504296
115,0.737911197488
116,0.506637353055
117,0.585315780839
118,0.526943985268
119,0.492666279188
120,0.722355001013
121,0.539969523205
122,0.699424966743
123,0.665406419551
124,0.542368144576
125,0.704094945978