site,jsd
1,0.236179505642
2,0.137084454929
3,0.189276856126
4,0.170648765352
5,0.0972495365325
6,0.22085557271
7,0.145905696111
8,0.213277475558
9,0.246482160709
10,0.175836443854
11,0.164161862556
12,0.227791360212
13,0.140601806652
14,0.113922906045
15,0.160016681456
16,0.161503019918
17,0.169560302423
18,0.160609320627
19,0.201674291098
20,0.143005069917
21,0.0956585148302
22,0.159704696223
23,0.20535966732
24,0.228552054205
25,0.0798847131346
26,0.159899874095
27,0.206221835327
28,0.139005862032
29,0.157743475182
30,0.139684118753
31,0.191376892461
32,0.201360553559
33,0.257146084207
34,0.1428772199
35,0.113560709193
36,0.110724245401
37,0.0957545433048
38,0.10151555109
39,0.208099174053
40,0.158289948236
41,0.11234561381
42,0.116111880676
43,0.130525669516
44,0.164762299949
45,0.283303666585
46,0.0928200051385
47,0.181200591745
48,0.177062253252
49,0.105856446376
50,0.114842757107
51,0.131086079956
52,0.192348888899
53,0.23240364221
54,0.107023080796
55,0.0756781822797
56,0.170822362517
57,0.139382473657
58,0.0949245078542
59,0.200358397001
60,0.173883509459
61,0.0777891079473
62,0.170006001968
63,0.150028485395
64,0.220938121727
65,0.161826182264
66,0.133638159794
67,0.174305431938
68,0.29462554046
69,0.158051398314
70,0.270571982795
71,0.181043362978
72,0.0923049178257
73,0.106520032012
74,0.161081429032
75,0.185352479381
76,0.105857197579
77,0.114258810868
78,0.144704722351
79,0.173040440392
80,0.0883712927517
81,0.157462594226
82,0.119074771512
83,0.195273441987
84,0.166079017532
85,0.185110075994
86,0.171640789383
87,0.197223592943
88,0.155670084733
89,0.161818600405
90,0.152816677737
91,0.133244470472
92,0.151926092557
93,0.198286520726
94,0.125612830118
95,0.13178937249
96,0.189227100253
97,0.242809158393
98,0.171332553777
99,0.138859005392
100,0.139921777839
101,0.125950484706
102,0.142149925903
103,0.216840307537
104,0.120038457568
105,0.262207116653
106,0.152910213573
107,0.156268756096
108,0.189177319583
109,0.248319582507
110,0.140908038653
111,0.166350993571
112,0.174203379159
113,0.137211740222
114,0.190660613299
115,0.111587523426
116,0.0987163937025
117,0.158142557568
118,0.112669894476
119,0.167941357969
120,0.341373134878
121,0.241784384749
122,0.136371041268
123,0.112012900548
124,0.116264213991
125,0.110478369466