site,dnds
1,0.226048122696
2,0.206404491216
3,0.232247860496
4,0.309897834543
5,0.363187677447
6,0.477126803785
7,0.340545812023
8,0.16911223849
9,0.133023588414
10,0.197669938788
11,0.154801756727
12,0.460074221756
13,0.119489968938
14,0.400749846021
15,0.173201103284
16,0.35122079168
17,0.211121695125
18,0.627860269578
19,0.264295895985
20,0.373407272196
21,0.612331568657
22,0.1156803481
23,0.339199830983
24,0.163296080579
25,0.7170354159
26,0.235047138117
27,0.459738580551
28,0.521237154969
29,0.211755636874
30,0.253640093554
31,0.466434468477
32,0.382300097715
33,0.145976592864
34,0.559436555436
35,0.637786009774
36,0.676144676238
37,0.502313240309
38,0.369277154148
39,0.602665532264
40,0.616048214529
41,0.408576227704
42,0.246696987859
43,0.61730708838
44,0.678012954554
45,0.210066915352
46,0.66867218998
47,0.54499839763
48,0.20358757547
49,0.496016527496
50,0.689729028634
51,0.395029226573
52,0.225593118244
53,0.276332619037
54,0.592909753527
55,0.627425150042
56,0.1041422986
57,0.389423179295
58,0.642223374052
59,0.345238809505
60,0.517898745987
61,0.634997796567
62,0.1522096578
63,0.332544837107
64,0.196116144761
65,0.269428607735
66,0.425327979927
67,0.292662970322
68,0.302355915387
69,0.287155880034
70,0.634538122979
71,0.244825098115
72,0.560386373041
73,0.44208072044
74,0.338016759987
75,0.241923848767
76,0.568956449273
77,0.53018867606
78,0.542675155556
79,0.107448478932
80,0.718322161034
81,0.441899191395
82,0.464558815298
83,0.117481982037
84,0.529063755086
85,0.166597526551
86,0.361681669293
87,0.224332726285
88,0.457305003212
89,0.627462300697
90,0.276256748238
91,0.480745624417
92,0.168993748704
93,0.116856867118
94,0.264783318647
95,0.293309604289
96,0.209131938104
97,0.12031833554
98,0.468472536283
99,0.471671254651
100,0.522644791171
101,0.594770288173
102,0.49812735958
103,0.239334448294
104,0.131400378424
105,0.145589787646
106,0.482256610432
107,0.246428259932
108,0.254459331231
109,0.147271420477
110,0.227029449592
111,0.557543074279
112,0.507368740424
113,0.335460706501
114,0.239686734066
115,0.727885349611
116,0.267732562736
117,0.200771830485
118,0.599958346667
119,0.186422122018
120,0.264621295761
121,0.131170543254
122,0.6865470732
123,0.530534982562
124,0.394220903467
125,0.620387154623
