site,jsd
1,0.119265361951
2,0.104097958833
3,0.191748444935
4,0.085194291673
5,0.0737648691425
6,0.0891668919881
7,0.095341824729
8,0.184163517175
9,0.118328143444
10,0.0984182555023
11,0.0521131581918
12,0.144010867306
13,0.0697254444936
14,0.0906462122223
15,0.123227287672
16,0.172526613118
17,0.0757796759528
18,0.0853502134665
19,0.0912653004544
20,0.0887845394722
21,0.0922947064422
22,0.072344572344
23,0.122922008588
24,0.0427125275725
25,0.0597884167288
26,0.0786656404274
27,0.149234403249
28,0.0474543359131
29,0.148612519941
30,0.0731442047641
31,0.205237062533
32,0.2366461899
33,0.0503905419857
34,0.106872703217
35,0.073352100004
36,0.162419549159
37,0.050553662914
38,0.0669440073592
39,0.185244973946
40,0.120640417292
41,0.0455071145065
42,0.125211228038
43,0.124560775239
44,0.0882863115943
45,0.208752692154
46,0.0817591565096
47,0.222398220794
48,0.126460833108
49,0.0745676985245
50,0.115069084924
51,0.0520386401034
52,0.208011240127
53,0.060490532894
54,0.0873282539368
55,0.0743519448928
56,0.123488025633
57,0.129371731411
58,0.0964611000654
59,0.111377678729
60,0.122317910188
61,0.0705296230855
62,0.0864355995048
63,0.0906047151992
64,0.267867202917
65,0.0977566895667
66,0.0592517550685
67,0.119426242924
68,0.153871317692
69,0.0955490707119
70,0.130042629175
71,0.0534735536212
72,0.0931804855349
73,0.0960162426053
74,0.158772867061
75,0.167816344297
76,0.0580839185331
77,0.112036132535
78,0.0776030036696
79,0.161261781925
80,0.09416807553
81,0.0738515199054
82,0.0497281087827
83,0.0992455016591
84,0.136238507302
85,0.0941210329997
86,0.207887955446
87,0.142390823503
88,0.171975413886
89,0.115768580458
90,0.244068247753
91,0.125394342698
92,0.0732942644348
93,0.0859067802288
94,0.0928422814515
95,0.077821283423
96,0.0833857028612
97,0.245360500334
98,0.088802965942
99,0.0866978239186
100,0.11124087312
101,0.0987247035912
102,0.0914925306797
103,0.0926437637133
104,0.0694164149777
105,0.19064622704
106,0.156752918412
107,0.107344675374
108,0.160792272433
109,0.11258688434
110,0.0829863467252
111,0.164868353736
112,0.0822089575963
113,0.0739700999123
114,0.157568264311
115,0.0718233671321
116,0.118120336066
117,0.0767047168536
118,0.208729657606
119,0.119901755403
120,0.183026951606
121,0.114720242771
122,0.112491644132
123,0.0930075097631
124,0.104978253686
125,0.0895254586999