site,dnds
1,0.110517350793
2,0.10542058849
3,0.255201558839
4,0.278364210699
5,0.30924485924
6,0.256387440633
7,0.223910369203
8,0.0773664511371
9,0.0550261335499
10,0.12155211651
11,0.193838992199
12,0.141727856224
13,0.0747614624778
14,0.300033626223
15,0.159343105718
16,0.184173667047
17,0.106928359107
18,0.575786388429
19,0.430947987621
20,0.412457526838
21,0.50093404284
22,0.0564874470363
23,0.188036435899
24,0.170136831809
25,0.635186797757
26,0.187901685517
27,0.335818829752
28,0.351899981535
29,0.170361589279
30,0.254317763732
31,0.263045135159
32,0.421311374851
33,0.214995897685
34,0.621040648662
35,0.586382805454
36,0.547702109299
37,0.429189226631
38,0.388825826017
39,0.624774685219
40,0.582655822295
41,0.326816178324
42,0.113144587392
43,0.568350946043
44,0.666899894747
45,0.0888556002541
46,0.451947494024
47,0.476890901217
48,0.252647247202
49,0.51078763677
50,0.607385308533
51,0.376756753699
52,0.15116097611
53,0.276001969978
54,0.428359365073
55,0.40853666221
56,0.111321524854
57,0.404143294253
58,0.609210968708
59,0.391621603942
60,0.401861239608
61,0.490511279606
62,0.0879892831437
63,0.119688696115
64,0.0583224651018
65,0.301559486258
66,0.3745548408
67,0.240893678215
68,0.178481244653
69,0.235467020572
70,0.305476324922
71,0.243491994473
72,0.57537945478
73,0.245472837809
74,0.233954322404
75,0.157908527847
76,0.43564839294
77,0.527695094864
78,0.501030672304
79,0.112062653983
80,0.611770746557
81,0.411109287252
82,0.46861402043
83,0.200022989614
84,0.463218951627
85,0.110627208161
86,0.25314604539
87,0.136225142097
88,0.328815326772
89,0.58404202652
90,0.259859032716
91,0.526049807761
92,0.055832859081
93,0.0616271378791
94,0.204669698294
95,0.170838253297
96,0.23823288641
97,0.113991539381
98,0.521181965273
99,0.430467914538
100,0.530806934759
101,0.538339027138
102,0.472793536258
103,0.316842141109
104,0.0765218948745
105,0.099008500102
106,0.428012219942
107,0.278230463873
108,0.165315232556
109,0.0918850153765
110,0.176858886418
111,0.549226727407
112,0.45169096824
113,0.42122928924
114,0.229281766432
115,0.601271862406
116,0.336741575932
117,0.345929028931
118,0.38481643547
119,0.277110818529
120,0.28255122057
121,0.193220445317
122,0.488668045338
123,0.540662216156
124,0.367419746003
125,0.610013947909