site,dnds
1,0.563208949481
2,0.316775119958
3,0.402432354666
4,0.429313403903
5,0.439039857023
6,0.568553961421
7,0.446537823696
8,0.40121302512
9,0.516354367312
10,0.404983986505
11,0.430377942215
12,0.569949764565
13,0.348251993907
14,0.55103318344
15,0.339589563145
16,0.479017704887
17,0.429158722975
18,0.648744322508
19,0.407078596877
20,0.475158188168
21,0.610828573708
22,0.360015516879
23,0.5628725754
24,0.390238365435
25,0.712297253858
26,0.395879460234
27,0.581122251017
28,0.569574552319
29,0.429837227548
30,0.401158210222
31,0.542908948149
32,0.469938080188
33,0.522317414962
34,0.584311263252
35,0.640992006781
36,0.6880260147
37,0.514652453084
38,0.412332658429
39,0.621552255169
40,0.657314412653
41,0.523646144577
42,0.472206611345
43,0.633002125619
44,0.687650072737
45,0.607036389563
46,0.695788791067
47,0.593776499421
48,0.431011342278
49,0.498355587181
50,0.682724490093
51,0.568756079439
52,0.4322947136
53,0.497836554405
54,0.594858971552
55,0.649422692632
56,0.363461210546
57,0.533725680644
58,0.641670482927
59,0.483744524752
60,0.566007278778
61,0.652064224236
62,0.472397966298
63,0.509426318479
64,0.421504902667
65,0.470531252538
66,0.534350684803
67,0.432187237316
68,0.447720508857
69,0.472602003121
70,0.641898738688
71,0.554972293226
72,0.581715387866
73,0.476262110778
74,0.454876577174
75,0.413563038291
76,0.615062747053
77,0.598023233083
78,0.595384108345
79,0.314998407159
80,0.724541351964
81,0.492068709502
82,0.523672141315
83,0.393425200771
84,0.565849814826
85,0.416432767044
86,0.433529011398
87,0.440731616668
88,0.544094785017
89,0.649517690962
90,0.449639160792
91,0.519766747011
92,0.390411038682
93,0.392104038805
94,0.442521885074
95,0.472919654373
96,0.447201845255
97,0.512530169816
98,0.535743175976
99,0.496007208829
100,0.552421892006
101,0.562134055953
102,0.528022192828
103,0.418680962242
104,0.347324493405
105,0.492786709988
106,0.524294351473
107,0.366656571994
108,0.421589401942
109,0.520876759244
110,0.33447233859
111,0.599441769002
112,0.538410273616
113,0.470626525282
114,0.442350309345
115,0.705289078249
116,0.398594996496
117,0.383926869229
118,0.606576361321
119,0.391328343538
120,0.494014553019
121,0.508550695711
122,0.72225991667
123,0.575057597112
124,0.521718956245
125,0.636964184563
