site,jsd
1,0.11870198269
2,0.099028480901
3,0.183114667625
4,0.0821501039761
5,0.0711064750533
6,0.0931983035151
7,0.0925631767883
8,0.16612519147
9,0.108087902998
10,0.0864659157624
11,0.0539056136404
12,0.138300158998
13,0.0646231746242
14,0.0894388345299
15,0.115418119218
16,0.160298563446
17,0.0710176562442
18,0.0860173960329
19,0.0937674753085
20,0.0883634765398
21,0.0920954273189
22,0.0631907997374
23,0.120879446237
24,0.0441833173462
25,0.0596023358653
26,0.077251820701
27,0.144150514995
28,0.045537742664
29,0.138059794277
30,0.0676641136428
31,0.195358124631
32,0.219070090791
33,0.0550683089627
34,0.106940474608
35,0.0727104704632
36,0.158802945411
37,0.050355100709
38,0.0660105008845
39,0.185820196021
40,0.120973112544
41,0.0442942367087
42,0.120340220765
43,0.120667493158
44,0.0888672001579
45,0.198653311984
46,0.0788678805482
47,0.214669297947
48,0.124873767824
49,0.0742198268682
50,0.114560161137
51,0.0525307637763
52,0.197081685779
53,0.0622609905222
54,0.082511104465
55,0.07352692579
56,0.115492099785
57,0.127774894779
58,0.0957906309355
59,0.112943769416
60,0.12026364155
61,0.0695239469056
62,0.0831237770412
63,0.0836487935974
64,0.237307814089
65,0.0972706348261
66,0.0581982599179
67,0.11909420965
68,0.149635329832
69,0.0949076740495
70,0.120667135555
71,0.0547157238286
72,0.0921314490084
73,0.0925168913934
74,0.1468236971
75,0.157105267266
76,0.0576000677827
77,0.111678116029
78,0.0783655531688
79,0.144918122181
80,0.0933997000141
81,0.0716053653446
82,0.0498327508121
83,0.101716734951
84,0.136117732456
85,0.0962544768534
86,0.198131876865
87,0.133355571882
88,0.169390119553
89,0.114766435999
90,0.222404319246
91,0.124665725528
92,0.0712898945652
93,0.0645244371575
94,0.0903200975751
95,0.0764235806332
96,0.0852147693967
97,0.219382525561
98,0.0893033230222
99,0.0790162028082
100,0.108173551556
101,0.0914368863318
102,0.0915187019547
103,0.0973217029226
104,0.0634941120988
105,0.180219100286
106,0.153723855542
107,0.108205615691
108,0.146734255175
109,0.106862868883
110,0.0707646709456
111,0.161813983738
112,0.0829429665789
113,0.0746851288966
114,0.154518440717
115,0.0694237412988
116,0.114137419495
117,0.0774619368793
118,0.187713708249
119,0.119469034197
120,0.182953849155
121,0.115104097517
122,0.110486848021
123,0.093049165537
124,0.103405322994
125,0.0896099397417