site,jsd
1,0.102959121444
2,0.09812015145
3,0.173376929136
4,0.0799767364098
5,0.0685858232443
6,0.0899001208888
7,0.0909592890726
8,0.1533658721
9,0.104875338995
10,0.0884931841767
11,0.051460233018
12,0.130658888191
13,0.063213365224
14,0.0878240576762
15,0.107341138125
16,0.15183441424
17,0.0681401147055
18,0.0849505010076
19,0.0920189609655
20,0.0844887298902
21,0.0909935452776
22,0.0647972101289
23,0.115434020612
24,0.0425476359774
25,0.0592063007613
26,0.0724750448212
27,0.135112027102
28,0.0441801940215
29,0.127462506823
30,0.0673561098113
31,0.179215920508
32,0.22562489431
33,0.0515163725738
34,0.106184436371
35,0.0718858998304
36,0.159148221533
37,0.0503375826044
38,0.0639926727248
39,0.185817438795
40,0.11967491688
41,0.0422137790383
42,0.120876875367
43,0.115631222811
44,0.0876471356044
45,0.179627053647
46,0.0776668121513
47,0.208710649006
48,0.117735119615
49,0.0732540417964
50,0.113544484375
51,0.051861683408
52,0.180536273742
53,0.0607178062976
54,0.0782988632249
55,0.0733952994163
56,0.105380922496
57,0.125685217141
58,0.0954562943799
59,0.111372164084
60,0.119138666364
61,0.06785649403
62,0.0798324033028
63,0.0830310630086
64,0.226631465367
65,0.0931765672869
66,0.0558314948128
67,0.116001851145
68,0.139598299113
69,0.0912678369138
70,0.114213827166
71,0.0534597392075
72,0.0908527130896
73,0.0913320885994
74,0.137792233575
75,0.146428081307
76,0.0560318058773
77,0.11094839212
78,0.0759661893685
79,0.139766952258
80,0.0927232027664
81,0.0683415711921
82,0.0487585638634
83,0.092717294433
84,0.136393895545
85,0.0900588613979
86,0.192947857016
87,0.122432412884
88,0.165970367809
89,0.112004077251
90,0.212656553239
91,0.122011332794
92,0.071657530413
93,0.0772369009457
94,0.0815515252152
95,0.0743146482478
96,0.0807122608414
97,0.194302331987
98,0.0886244823133
99,0.0780391210226
100,0.103951494466
101,0.089547088336
102,0.0894854971207
103,0.0921251902005
104,0.0646163814774
105,0.165380805637
106,0.149123141325
107,0.105558590725
108,0.135767406715
109,0.0997188831326
110,0.0746450045289
111,0.1602481935
112,0.081122042695
113,0.0737050466682
114,0.147861916727
115,0.0657384913735
116,0.109664899082
117,0.0757106650454
118,0.187303038325
119,0.114590374172
120,0.181719891258
121,0.107198715043
122,0.107840005243
123,0.0914119050225
124,0.100275817915
125,0.0893113326448