site,dnds
1,0.31509213869
2,0.162019733881
3,0.356389907859
4,0.447024998194
5,0.469814299217
6,0.365582593625
7,0.282193856778
8,0.159577008271
9,0.235645475107
10,0.308113147642
11,0.376981891099
12,0.383336676963
13,0.158069595974
14,0.445406001252
15,0.338909127502
16,0.282193856778
17,0.253832012267
18,0.664360110892
19,0.579738693123
20,0.561300689863
21,0.524921192539
22,0.158730729027
23,0.360428348724
24,0.294081916856
25,0.696237274244
26,0.376456289001
27,0.448153349928
28,0.542044284773
29,0.354828764163
30,0.358025022733
31,0.418503244197
32,0.479338495501
33,0.620866158577
34,0.685976776599
35,0.690392371808
36,0.358700756623
37,0.518963727
38,0.489819188097
39,0.697010601164
40,0.69823167893
41,0.328625692897
42,0.188919146011
43,0.595641230289
44,0.696237274244
45,0.507150121736
46,0.574180220944
47,0.592202405878
48,0.329396773592
49,0.595641230289
50,0.687574494282
51,0.380946303762
52,0.169310871349
53,0.483848821588
54,0.546902071629
55,0.530759291997
56,0.216450795437
57,0.466248159822
58,0.69823167893
59,0.483848821588
60,0.535771461942
61,0.562219381698
62,0.348486938611
63,0.253868537933
64,0.159767412605
65,0.469785879578
66,0.466248159822
67,0.414358848768
68,0.39570061037
69,0.358626036367
70,0.511864204849
71,0.294081916856
72,0.620866158577
73,0.356781733148
74,0.359547949178
75,0.360530970602
76,0.557924938518
77,0.562219381698
78,0.602446561198
79,0.158069595974
80,0.542044284773
81,0.479338495501
82,0.552943298397
83,0.253832012267
84,0.69823167893
85,0.279314932432
86,0.404157178168
87,0.161056776061
88,0.391814553928
89,0.649271473305
90,0.379363157483
91,0.579160911851
92,0.159689311908
93,0.257998657142
94,0.356389907859
95,0.341234335953
96,0.265364817312
97,0.229429797198
98,0.611942221968
99,0.525937178263
100,0.595205580814
101,0.356389907859
102,0.466248159822
103,0.563683419077
104,0.158069595974
105,0.420143193658
106,0.470410386398
107,0.389446416383
108,0.306015157561
109,0.22807969497
110,0.438422649878
111,0.659885679735
112,0.577450043811
113,0.530027061934
114,0.38164785965
115,0.696237274244
116,0.377609798112
117,0.34246230276
118,0.477673566688
119,0.373292551139
120,0.237479532709
121,0.368682471067
122,0.572474185006
123,0.611476690902
124,0.473898090924
125,0.647170247202