site,dnds
1,0.490310778672
2,0.671453806625
3,0.613154850699
4,0.535592086177
5,0.814244130762
6,0.574378927333
7,0.734802698024
8,0.577152010497
9,0.76934224662
10,0.687809204259
11,0.811433912315
12,0.487383056385
13,0.657565149826
14,0.559712620198
15,0.614918437618
16,0.561853863134
17,0.672720240529
18,0.627391334462
19,0.677248608509
20,0.477025746867
21,0.404507856115
22,0.658721964197
23,0.596211315202
24,0.490971602278
25,0.5106255999
26,0.478665332877
27,0.464588656872
28,0.523799386325
29,0.520678879802
30,0.460837383401
31,0.702072773467
32,0.724863320598
33,0.489713554277
34,0.497833748929
35,0.591998267459
36,0.490640840048
37,0.519755342087
38,0.522511933463
39,0.67298291922
40,0.447421458142
41,0.536105243642
42,0.467978938018
43,0.579971847914
44,0.542825122679
45,0.722036641081
46,0.650130558295
47,0.628898012341
48,0.688324465187
49,0.504275325324
50,0.546705600319
51,0.499898719917
52,0.671887071714
53,0.554350806484
54,0.73963727089
55,0.656678941973
56,0.32677102885
57,0.531592732188
58,0.374286331423
59,0.500262918518
60,0.463087480416
61,0.698119130851
62,0.552872933762
63,0.621368143416
64,0.712211184026
65,0.612545428433
66,0.539123677787
67,0.624291691194
68,0.641234788233
69,0.835953731915
70,0.64631645111
71,0.707954057963
72,0.633526841906
73,0.61640746151
74,0.510770142625
75,0.611519181076
76,0.705210351191
77,0.584725227127
78,0.541111910331
79,0.373104698202
80,0.714311023794
81,0.55693716417
82,0.740476371992
83,0.468430889072
84,0.509391010608
85,0.571581380103
86,0.397434380526
87,0.557778800384
88,0.663031180021
89,0.478297318332
90,0.45512327719
91,0.636916696939
92,0.653784801779
93,0.663629168289
94,0.330631862045
95,0.631808062354
96,0.458164466026
97,0.531608212888
98,0.694343194558
99,0.688492935089
100,0.604820707335
101,0.554757023723
102,0.52229595292
103,0.438696229383
104,0.435608776675
105,0.500824467602
106,0.523130299659
107,0.66430518939
108,0.630862090178
109,0.549784676363
110,0.572908772202
111,0.484112603858
112,0.512058050356
113,0.519061464743
114,0.514435286791
115,0.531552727264