site,jsd
1,0.0962521909852
2,0.104301757833
3,0.143509263237
4,0.107147303775
5,0.134484038568
6,0.135479504285
7,0.2114457934
8,0.143721179259
9,0.137257523639
10,0.142843233136
11,0.207296373273
12,0.180931461823
13,0.133905208323
14,0.112788964705
15,0.153400705447
16,0.177859073275
17,0.233579028535
18,0.145691105926
19,0.143896821919
20,0.149357517384
21,0.109097916012
22,0.149081737583
23,0.117960486923
24,0.105841298032
25,0.228890392264
26,0.134643486463
27,0.101749848113
28,0.157355444543
29,0.138188118996
30,0.111325825302
31,0.186610161559
32,0.392791790643
33,0.100180553662
34,0.135431767402
35,0.122347129481
36,0.102078253767
37,0.14982078214
38,0.103880247252
39,0.198032741228
40,0.0901241827187
41,0.104986896095
42,0.124361047831
43,0.146927879974
44,0.158095901123
45,0.170554115319
46,0.208179822878
47,0.132912680869
48,0.154405490131
49,0.119593864694
50,0.107779959947
51,0.0988183292431
52,0.158554527077
53,0.182290773254
54,0.138835147771
55,0.125832339485
56,0.0893999253098
57,0.110717467364
58,0.124956401154
59,0.108563940003
60,0.090859617543
61,0.190881522016
62,0.101995651718
63,0.156888784588
64,0.164209096522
65,0.154693932974
66,0.11829196327
67,0.125004679313
68,0.122737114549
69,0.12686263907
70,0.149867229751
71,0.168926893884
72,0.200965592459
73,0.11691818131
74,0.1360784961
75,0.176227451201
76,0.153946631935
77,0.169741359423
78,0.161095660627
79,0.0847520866272
80,0.151986822279
81,0.17282916999
82,0.156571496752
83,0.131037789546
84,0.105031110559
85,0.123703517032
86,0.0764249872985
87,0.116509147708
88,0.230404035682
89,0.104624161745
90,0.108278153814
91,0.136281117101
92,0.172882144234
93,0.174762497449
94,0.0985311731761
95,0.118305710655
96,0.118133055446
97,0.143006446585
98,0.134838453961
99,0.242653532044
100,0.188071807576
101,0.289639618992
102,0.161848057525
103,0.0906832551606
104,0.100827765918
105,0.127996495242
106,0.110863885591
107,0.111864464869
108,0.0942639261538
109,0.135586859062
110,0.129798104579
111,0.114445691143
112,0.121440323786
113,0.115460755828
114,0.104844603007
115,0.129009544305