site,dnds
1,0.185307830919
2,0.527318165905
3,0.283629732369
4,0.305857841098
5,0.660970092524
6,0.228551864635
7,0.491594339733
8,0.212423147679
9,0.59404986528
10,0.515098742659
11,0.671745192948
12,0.209988510866
13,0.402532145646
14,0.281125673922
15,0.441849986124
16,0.272307861127
17,0.505887006796
18,0.376427753963
19,0.562619552263
20,0.252473411594
21,0.134312881481
22,0.573574153686
23,0.400804912702
24,0.215236345361
25,0.260428230177
26,0.152166199612
27,0.22752400814
28,0.200452795777
29,0.26126519262
30,0.252704433749
31,0.385425630742
32,0.363653470501
33,0.236966537204
34,0.181809936311
35,0.3616513768
36,0.22088780993
37,0.201636786153
38,0.192511063997
39,0.381305448961
40,0.109178763995
41,0.21983979326
42,0.224511152654
43,0.407403183968
44,0.223268039546
45,0.542390551596
46,0.331454999348
47,0.351523326532
48,0.551919751369
49,0.170605996608
50,0.301288609998
51,0.157829069913
52,0.520055164026
53,0.232605190804
54,0.601418716568
55,0.382946648339
56,0.133301106337
57,0.318047910983
58,0.135466831852
59,0.206151024547
60,0.248262485775
61,0.657650406681
62,0.268460558333
63,0.405838499844
64,0.577710017059
65,0.400172539588
66,0.232169004687
67,0.463345255679
68,0.305049054939
69,0.633814572487
70,0.478708341203
71,0.512513210113
72,0.444547888981
73,0.467765999485
74,0.200183055023
75,0.567797366834
76,0.548167418297
77,0.345208897922
78,0.379505037011
79,0.0982472132721
80,0.634754656092
81,0.367620349067
82,0.527572963036
83,0.210001896582
84,0.178954348156
85,0.343853992943
86,0.062746584196
87,0.349257149066
88,0.402328760754
89,0.212530359807
90,0.217706103057
91,0.386985958546
92,0.301481476095
93,0.470978319137
94,0.104943783262
95,0.277411128125
96,0.157311729115
97,0.242795941699
98,0.385322741169
99,0.49220886884
100,0.377551952488
101,0.196386727297
102,0.376508677173
103,0.20579793201
104,0.173830516113
105,0.176890372754
106,0.241264732208
107,0.356815141334
108,0.418873567574
109,0.300626330252
110,0.357971631877
111,0.207649400853
112,0.186394068565
113,0.171131273344
114,0.187866642133
115,0.377566746618
