site,dnds
1,0.383209422429
2,0.655023896907
3,0.557213680426
4,0.459064593258
5,0.818019306547
6,0.455911282777
7,0.717779978552
8,0.405536212752
9,0.756301921221
10,0.683687273594
11,0.803425091891
12,0.36712293879
13,0.615439721458
14,0.497816926956
15,0.563374693117
16,0.498658278658
17,0.656323133416
18,0.572287655418
19,0.640597720925
20,0.290180481216
21,0.215433936282
22,0.655766106504
23,0.524375017892
24,0.345886618449
25,0.436296169978
26,0.334484910723
27,0.266990978734
28,0.359893679265
29,0.437768075894
30,0.217981419378
31,0.672518669434
32,0.710785704912
33,0.305443055442
34,0.317714556835
35,0.519856116794
36,0.383850333266
37,0.3654626961
38,0.337928848216
39,0.649607743411
40,0.182100478724
41,0.392186954439
42,0.25765949502
43,0.499229505845
44,0.398172542679
45,0.708937353426
46,0.595995007335
47,0.559886269294
48,0.660511698324
49,0.297473474209
50,0.465234863977
51,0.358657491404
52,0.677636235771
53,0.45269913104
54,0.72410352437
55,0.638858745718
56,0.149211357269
57,0.473043559408
58,0.198647824364
59,0.307251967908
60,0.384904691609
61,0.690829603264
62,0.527059608035
63,0.578025086644
64,0.685487942876
65,0.615155183862
66,0.413410410666
67,0.554690484685
68,0.574030369154
69,0.83425586001
70,0.625976412602
71,0.714868130815
72,0.581077597122
73,0.594664022491
74,0.277442434555
75,0.53330676812
76,0.701989596584
77,0.526082366099
78,0.480457567049
79,0.187482866445
80,0.695071484265
81,0.486090196074
82,0.723982727179
83,0.289778778915
84,0.404598619733
85,0.491307730827
86,0.240931830827
87,0.50673571658
88,0.634118766598
89,0.231894643061
90,0.319296977123
91,0.552475867293
92,0.636753460301
93,0.664568383384
94,0.151606936487
95,0.521040549099
96,0.190170518465
97,0.437892878041
98,0.654698647416
99,0.631140103768
100,0.559130412817
101,0.423064023594
102,0.438866405783
103,0.212244030633
104,0.19259791822
105,0.327901257476
106,0.396125503404
107,0.631761643961
108,0.576423480375
109,0.45871781523
110,0.275155468823
111,0.274795560779
112,0.411419395933
113,0.379961763507
114,0.378054152678
115,0.483718224437