site,jsd
1,0.321895810536
2,0.184581748099
3,0.229044148896
4,0.265936798467
5,0.173529381682
6,0.476755696927
7,0.196676179808
8,0.252348174262
9,0.337775479411
10,0.241421826018
11,0.241185534021
12,0.264826150104
13,0.195409588126
14,0.153643764037
15,0.175344980869
16,0.214415003801
17,0.22263576828
18,0.190589949408
19,0.247238528225
20,0.220901019829
21,0.138882350585
22,0.187192596459
23,0.270678389601
24,0.288274045001
25,0.167113000384
26,0.240247710768
27,0.259242309323
28,0.243249038011
29,0.214026923264
30,0.191381050567
31,0.203960848798
32,0.285058867185
33,0.338301528747
34,0.260307254304
35,0.233225770812
36,0.243973836897
37,0.153373314901
38,0.152408327769
39,0.178855962292
40,0.254844151833
41,0.182570178444
42,0.224070934486
43,0.210199131056
44,0.182018896206
45,0.362887431587
46,0.131619156045
47,0.357450558171
48,0.230453393691
49,0.232659890694
50,0.149633892965
51,0.25834634613
52,0.227384518993
53,0.314510775133
54,0.168279837993
55,0.159338082888
56,0.217120384747
57,0.161279372077
58,0.233040992263
59,0.291505161442
60,0.285169824495
61,0.101311453847
62,0.170814587011
63,0.208324823301
64,0.274282949857
65,0.218278792911
66,0.186476962016
67,0.216304379876
68,0.435261101557
69,0.199488016465
70,0.409463830892
71,0.335008154015
72,0.17559110507
73,0.216693959899
74,0.222432792114
75,0.202346778762
76,0.240812042444
77,0.120306762077
78,0.156371854653
79,0.212102707152
80,0.141454336997
81,0.358785874105
82,0.231224672938
83,0.248460732813
84,0.196924606146
85,0.238588502431
86,0.261777137931
87,0.245089000122
88,0.113989113886
89,0.20076109821
90,0.19254975347
91,0.187241258552
92,0.247421421738
93,0.256954746411
94,0.217308954001
95,0.256013707666
96,0.233293685899
97,0.321214867737
98,0.279712051423
99,0.207136496596
100,0.173618221618
101,0.149508472213
102,0.180385349239
103,0.194922128132
104,0.181753904825
105,0.344621146764
106,0.160731538988
107,0.252034921071
108,0.233336152448
109,0.342784728279
110,0.130893660351
111,0.12116715205
112,0.268215400408
113,0.173133046458
114,0.240091629203
115,0.180748038004
116,0.174583369372
117,0.215154793551
118,0.165818375397
119,0.190629160862
120,0.434991926862
121,0.37110633617
122,0.186173753751
123,0.158622789663
124,0.155612028614
125,0.144822237009