site,dnds
1,0.214906084816
2,0.229628924342
3,0.295957144998
4,0.326564326936
5,0.44128647132
6,0.185754755471
7,0.322631907101
8,0.145137382732
9,0.143179377881
10,0.195846427182
11,0.122886103729
12,0.426178376119
13,0.107795551413
14,0.370752598392
15,0.185628262953
16,0.322743660927
17,0.272309564355
18,0.630869141191
19,0.2504357379
20,0.478404414193
21,0.50030927187
22,0.0945582932819
23,0.327382382135
24,0.190988201259
25,0.593538618379
26,0.220213149633
27,0.442924050244
28,0.464563374716
29,0.222939199958
30,0.288574038077
31,0.349261465246
32,0.303291770398
33,0.156471543218
34,0.492139591143
35,0.628134314673
36,0.719293463979
37,0.544773173601
38,0.425673371377
39,0.56864959056
40,0.512821804393
41,0.410489965177
42,0.226008867434
43,0.606680942235
44,0.672176040364
45,0.221711285429
46,0.572366097284
47,0.306387635922
48,0.223443288882
49,0.447835086313
50,0.704640051299
51,0.280799205584
52,0.262934497452
53,0.250240009378
54,0.627667269497
55,0.608298107957
56,0.125911126667
57,0.406284475525
58,0.617762630918
59,0.398359520965
60,0.520358970216
61,0.61007008998
62,0.156353535728
63,0.223964154442
64,0.135401687132
65,0.26340174692
66,0.449572493345
67,0.279478714745
68,0.35806766625
69,0.250667826499
70,0.417546858449
71,0.204719532363
72,0.534377595439
73,0.440477069923
74,0.388906459965
75,0.231199994285
76,0.558859959829
77,0.585152376866
78,0.505543160861
79,0.095029722401
80,0.679857238669
81,0.463141552451
82,0.492965080973
83,0.114205251699
84,0.455317418053
85,0.125630639047
86,0.367067750114
87,0.229078806934
88,0.349251511051
89,0.648981997115
90,0.29901639862
91,0.538878484479
92,0.191477627041
93,0.138814294209
94,0.282881201734
95,0.214572262497
96,0.141537072072
97,0.118620600064
98,0.411013766845
99,0.449394514349
100,0.544143393023
101,0.546860876301
102,0.499840677443
103,0.203050327851
104,0.15895067214
105,0.153232417073
106,0.455902053295
107,0.22727997656
108,0.213068655314
109,0.133059262217
110,0.284836481505
111,0.538683389253
112,0.555838100424
113,0.347170683717
114,0.195132014826
115,0.663086777019
116,0.403889775283
117,0.256425746778
118,0.471686529055
119,0.210462980409
120,0.278163427566
121,0.143396610389
122,0.670919637488
123,0.693478087801
124,0.387132268979
125,0.679404610443
