site,jsd
1,0.0543548745452
2,0.0667210244334
3,0.0992402110516
4,0.0784536195938
5,0.0394723937574
6,0.179686777749
7,0.0797595633442
8,0.0485761727152
9,0.0354272341699
10,0.053263519484
11,0.0859098843214
12,0.071850160043
13,0.0439577631426
14,0.0719146935141
15,0.0729257718143
16,0.0559195603879
17,0.0552426300832
18,0.118621827786
19,0.153257772482
20,0.0819195227903
21,0.094534854228
22,0.0428505286108
23,0.0857034377292
24,0.119174933781
25,0.0680402841107
26,0.0700745734812
27,0.104900255302
28,0.0695079323652
29,0.0719002916301
30,0.070752752518
31,0.080371843841
32,0.197401113491
33,0.159674685113
34,0.124757773347
35,0.0850470030936
36,0.119496690505
37,0.0722235895401
38,0.072550259092
39,0.214411635256
40,0.134604105306
41,0.0640653053705
42,0.0523297598554
43,0.0975566990954
44,0.147241882239
45,0.0652576141569
46,0.075119200271
47,0.108463271003
48,0.114793538654
49,0.101678625239
50,0.104349400165
51,0.0896817143409
52,0.063090147638
53,0.156915912956
54,0.10774571215
55,0.0650310695112
56,0.050909018393
57,0.102040323733
58,0.086433952953
59,0.13795168434
60,0.0977486404237
61,0.055274721503
62,0.0409946600237
63,0.0458934444381
64,0.0575128072607
65,0.087344308035
66,0.0937811260835
67,0.103865840627
68,0.0905955830135
69,0.084004252151
70,0.114792515785
71,0.08906343697
72,0.0792356456833
73,0.0414546054084
74,0.0810025201771
75,0.0897899395826
76,0.0840561226127
77,0.0935220438701
78,0.105120180246
79,0.0684124707552
80,0.0859324768053
81,0.0782080049601
82,0.0807649620071
83,0.0832205182131
84,0.143408885193
85,0.0687528503316
86,0.0797177590807
87,0.0686568728915
88,0.144689645542
89,0.122634527755
90,0.0708397898082
91,0.102215342975
92,0.0334403391158
93,0.0439795051361
94,0.0482538615432
95,0.0504664031758
96,0.0889876315775
97,0.0676187775982
98,0.138543283835
99,0.101513842233
100,0.0986122669617
101,0.0968094717606
102,0.103794721175
103,0.184985253775
104,0.0420283249323
105,0.078552825483
106,0.0991078086124
107,0.112149339983
108,0.0698539687285
109,0.0620098361224
110,0.0626752651748
111,0.143991744076
112,0.114429418319
113,0.108517447086
114,0.0953300609658
115,0.0888769417912
116,0.0756984294311
117,0.101082878493
118,0.0876954364595
119,0.0938191869509
120,0.258627144456
121,0.104076733966
122,0.124602356292
123,0.08479762831
124,0.0740513309565
125,0.107342451355