site,dnds
1,0.0914756264629
2,0.100171524448
3,0.245626151484
4,0.274053687314
5,0.306163899346
6,0.247028144588
7,0.220786263906
8,0.0607398757104
9,0.0422719886495
10,0.10630515869
11,0.188086851629
12,0.132135979155
13,0.0691959535366
14,0.296134086398
15,0.153605981126
16,0.17669667455
17,0.101717717869
18,0.573832995873
19,0.424901846466
20,0.40936356819
21,0.499421480899
22,0.0504418310113
23,0.183947122375
24,0.159384460501
25,0.633775310293
26,0.183578787799
27,0.325583547435
28,0.347725219246
29,0.163558282554
30,0.247937172568
31,0.2560067642
32,0.402309109522
33,0.198504434747
34,0.619345764936
35,0.584098792658
36,0.54347139205
37,0.427158847096
38,0.387039055099
39,0.623203249392
40,0.580903494868
41,0.323430363332
42,0.106640146963
43,0.5636445907
44,0.663884255789
45,0.0635110649869
46,0.448634837043
47,0.471992804741
48,0.247723797257
49,0.509043022326
50,0.605763570849
51,0.373440999484
52,0.147459530368
53,0.266189428125
54,0.425092730586
55,0.405396045564
56,0.0994406868826
57,0.40139370347
58,0.607620801512
59,0.388375431874
60,0.398945360092
61,0.488120320638
62,0.0816285704535
63,0.113809576952
64,0.0469541730841
65,0.297497797242
66,0.371534675421
67,0.236932585355
68,0.169190033935
69,0.231471400923
70,0.288793440308
71,0.239072772832
72,0.57297651013
73,0.242539181727
74,0.226539360017
75,0.149478303798
76,0.431489975741
77,0.52585986023
78,0.498402471346
79,0.105617432969
80,0.609692357397
81,0.407836405122
82,0.466497978697
83,0.19149945021
84,0.459451712528
85,0.105032430962
86,0.245980577014
87,0.122588634705
88,0.327025768307
89,0.580946910894
90,0.246156610695
91,0.524254328468
92,0.0526070189069
93,0.0481373766595
94,0.201694080703
95,0.167256024867
96,0.231925921117
97,0.100642098023
98,0.518610613424
99,0.426957501963
100,0.527790801954
101,0.533732692715
102,0.470019731139
103,0.302485065359
104,0.0733068976505
105,0.0824984585847
106,0.424972925438
107,0.27511119797
108,0.148599409749
109,0.0840132587792
110,0.169324933119
111,0.543789008648
112,0.447796076339
113,0.417742712652
114,0.224193472545
115,0.598590393279
116,0.332046232564
117,0.342380823754
118,0.374612834301
119,0.270732270528
120,0.269686657042
121,0.18804220365
122,0.484705326562
123,0.53856873092
124,0.364744804557
125,0.608775661384