site,dnds
1,0.548017606141
2,0.402652598083
3,0.464749034139
4,0.460179414764
5,0.497163958079
6,0.416832668363
7,0.414305941716
8,0.376111671706
9,0.520032767747
10,0.421609772744
11,0.417430077414
12,0.510582491113
13,0.309178998519
14,0.472493625324
15,0.369951561461
16,0.460661550691
17,0.451080082783
18,0.667699086061
19,0.416744245817
20,0.529624349317
21,0.552978942304
22,0.285809179746
23,0.474261910835
24,0.483846008332
25,0.616234572013
26,0.318038835038
27,0.516042794363
28,0.468453804967
29,0.374397529983
30,0.447300835102
31,0.448095384241
32,0.382846237287
33,0.521506851128
34,0.549528857645
35,0.624496578872
36,0.712376373343
37,0.588317292151
38,0.514146503784
39,0.592056222476
40,0.564272993846
41,0.498373254829
42,0.433734247906
43,0.622609383032
44,0.668049501415
45,0.605296539738
46,0.587255927101
47,0.484139867388
48,0.374398400851
49,0.508739171072
50,0.708810070681
51,0.450231447652
52,0.445904995146
53,0.441297429072
54,0.648597336367
55,0.640851417803
56,0.353519715213
57,0.506827087753
58,0.646490498239
59,0.525899728006
60,0.580623820601
61,0.641443785131
62,0.429978769629
63,0.423930064387
64,0.385548618481
65,0.464668435438
66,0.545007026178
67,0.405097527802
68,0.594133098274
69,0.425395181009
70,0.643685885625
71,0.560492692906
72,0.568061026202
73,0.470215996089
74,0.496135202982
75,0.388121654863
76,0.587645803997
77,0.60411642163
78,0.541194039906
79,0.338043951582
80,0.685169323159
81,0.520852368781
82,0.530337310291
83,0.394511879615
84,0.539554830365
85,0.392436747405
86,0.430109123331
87,0.431800476422
88,0.428488957855
89,0.641397772429
90,0.455341532199
91,0.599555232551
92,0.413524139994
93,0.421760995118
94,0.436574101178
95,0.433433526015
96,0.389154005573
97,0.513161052332
98,0.489403783699
99,0.476253363685
100,0.604247887079
101,0.53188009889
102,0.53115322904
103,0.39003602027
104,0.393753703149
105,0.489911698648
106,0.495471993246
107,0.412229942782
108,0.411629789103
109,0.51854649905
110,0.378429612412
111,0.586359532128
112,0.651265093243
113,0.475094960756
114,0.39433788641
115,0.651568326989
116,0.490309833568
117,0.411553628284
118,0.541057852339
119,0.378802165952
120,0.605780654129
121,0.508335378149
122,0.689999892023
123,0.708061900519
124,0.481743033657
125,0.67463947606
