site,jsd
1,0.22908252718
2,0.137613147974
3,0.149341667061
4,0.169158450735
5,0.108959691427
6,0.47995291014
7,0.128287754813
8,0.13964200727
9,0.234422184387
10,0.183417515688
11,0.189272004116
12,0.142879153154
13,0.127020579955
14,0.103018557823
15,0.104864150037
16,0.152483581397
17,0.152182342758
18,0.078138915979
19,0.174109122394
20,0.155226319724
21,0.107024415521
22,0.150121515709
23,0.147538700328
24,0.182498897396
25,0.127726268487
26,0.181556416426
27,0.151568789292
28,0.159151987003
29,0.166416553965
30,0.167928577187
31,0.112293702521
32,0.259858988146
33,0.220650048323
34,0.195734485084
35,0.187895629383
36,0.229306491134
37,0.0774473064256
38,0.133634807662
39,0.135687221102
40,0.203912586365
41,0.116479318462
42,0.186780208729
43,0.147339220644
44,0.106377835796
45,0.252331002905
46,0.134341728616
47,0.255953761732
48,0.155945221212
49,0.179240973238
50,0.0853788485863
51,0.189201053264
52,0.170279653211
53,0.209482874356
54,0.112478776003
55,0.111463923724
56,0.162815885208
57,0.105014182891
58,0.21785402245
59,0.169712933649
60,0.150843017709
61,0.118247667975
62,0.110210674994
63,0.135824531467
64,0.191328013284
65,0.104455628283
66,0.0901482361104
67,0.164682607768
68,0.228000814362
69,0.133001127247
70,0.214108153014
71,0.244628658692
72,0.113182012023
73,0.161200077288
74,0.160082479456
75,0.148053660964
76,0.207710831191
77,0.101638162736
78,0.0969771075204
79,0.151851001365
80,0.137324445224
81,0.261131290541
82,0.191600915196
83,0.20049160084
84,0.137012363813
85,0.157678449653
86,0.12001659242
87,0.153647375811
88,0.0921096349709
89,0.123318380826
90,0.127407912564
91,0.140508035331
92,0.151994368839
93,0.201182142997
94,0.14568472472
95,0.141739592064
96,0.177758587387
97,0.244125115433
98,0.198770734235
99,0.172889298228
100,0.107554787565
101,0.0684585684777
102,0.130043880717
103,0.143157940496
104,0.14180172607
105,0.250230387372
106,0.0828774505945
107,0.201850860608
108,0.1868151203
109,0.256928641603
110,0.0744062410594
111,0.128235526101
112,0.14849015157
113,0.134224028843
114,0.184660318359
115,0.13334514391
116,0.119038768666
117,0.133279212611
118,0.14481045709
119,0.12960323859
120,0.260072673245
121,0.275031511389
122,0.119392556687
123,0.0703360338044
124,0.0815387862046
125,0.152653308766