site,dnds
1,0.0512370551415
2,0.142100626239
3,0.149615540849
4,0.176966406278
5,0.307574604744
6,0.0615001981379
7,0.186343901062
8,0.024923269668
9,0.00919656199574
10,0.0525542101891
11,0.00527609489814
12,0.216867644712
13,0.00761041617148
14,0.216952152824
15,0.0676392027744
16,0.164742576965
17,0.0984577188779
18,0.456158677263
19,0.100257988798
20,0.350602440051
21,0.334964735969
22,6.03043768701e-05
23,0.169846493349
24,0.0373604805099
25,0.466745844262
26,0.0947563850279
27,0.307423741579
28,0.311081951567
29,0.0957537076292
30,0.129981732002
31,0.212192523865
32,0.18008275369
33,0.0061710948224
34,0.393152220371
35,0.487444480005
36,0.555779387001
37,0.368516342315
38,0.274919366859
39,0.406247261289
40,0.393626799675
41,0.241340460869
42,0.0799286681022
43,0.443035863443
44,0.488232028389
45,0.0122364440158
46,0.432222653722
47,0.420152265759
48,0.0854776950882
49,0.300921138602
50,0.541968915153
51,0.113020063734
52,0.08381665694
53,0.110914951189
54,0.409032648612
55,0.454470763237
56,0.00724640706136
57,0.253696571433
58,0.489212456479
59,0.194823295703
60,0.372225089011
61,0.480952724008
62,0.0306439269007
63,0.076277340754
64,0.0147521680598
65,0.110452124153
66,0.257071114736
67,0.141091121821
68,0.107261296165
69,0.0964763409539
70,0.17674317749
71,0.0282651112086
72,0.412465683012
73,0.26609916918
74,0.198291922859
75,0.0973438178449
76,0.36533235641
77,0.394889765238
78,0.361809155745
79,1.99851337941e-07
80,0.561721822602
81,0.29891758262
82,0.368249279402
83,2.17451897177e-07
84,0.259691557577
85,0.0116888199463
86,0.170139249213
87,0.0734843344148
88,0.184054554059
89,0.489823446891
90,0.146571082749
91,0.379097334247
92,0.0467482001057
93,0.00844683338309
94,0.148544831511
95,0.0712589712535
96,0.0205590545599
97,8.48978372133e-08
98,0.286955955057
99,0.306500770213
100,0.385069996389
101,0.4083293431
102,0.365054197059
103,0.0526927265287
104,0.0925818639043
105,0.0139426489364
106,0.32821869783
107,0.0784577525658
108,0.0817922936669
109,0.00478353999721
110,0.161520669052
111,0.305619766841
112,0.306576842155
113,0.209976504261
114,0.0650550700154
115,0.527476017191
116,0.251016889029
117,0.123511310616
118,0.336227552235
119,0.07191811568
120,0.0196780479676
121,0.0048010616394
122,0.509891629035
123,0.503643939693
124,0.249523428394
125,0.566942943161
