site,dnds
1,0.0552867510922
2,0.144091602222
3,0.153031780154
4,0.180019113497
5,0.310703358356
6,0.065039944405
7,0.189315728701
8,0.0273864113202
9,0.0124992992284
10,0.0571349202302
11,0.00821856295797
12,0.221612573728
13,0.0101974902191
14,0.22191224344
15,0.0707827219106
16,0.170324210931
17,0.103622194396
18,0.462019683605
19,0.103898260614
20,0.35348323553
21,0.34459849048
22,0.00174174107434
23,0.173071828106
24,0.0402003198837
25,0.471587833942
26,0.0974795630681
27,0.310846344758
28,0.312115320928
29,0.0988869744826
30,0.135162864716
31,0.215234658513
32,0.187512158972
33,0.00901847415867
34,0.396173210656
35,0.491953462698
36,0.564028250744
37,0.374578084326
38,0.28108406972
39,0.410141206529
40,0.396808806809
41,0.246222614588
42,0.0857217564967
43,0.447691369482
44,0.493360751772
45,0.0175834681442
46,0.44006336457
47,0.417709385286
48,0.0883884718824
49,0.309880685197
50,0.549082396626
51,0.118288960668
52,0.0928725279694
53,0.113551933033
54,0.416916991474
55,0.459526682536
56,0.00976545332545
57,0.257874719134
58,0.494291448917
59,0.200275853415
60,0.375921344926
61,0.485608480296
62,0.0348526768869
63,0.0803204594127
64,0.0181186888362
65,0.114109945687
66,0.265195626233
67,0.144657405865
68,0.114427671246
69,0.100025033064
70,0.186927069112
71,0.0319372152168
72,0.416240123844
73,0.271545028537
74,0.203777528175
75,0.100692366501
76,0.375143334328
77,0.400245509936
78,0.36605540052
79,0.00176272351899
80,0.565065532846
81,0.302747662754
82,0.370943653502
83,0.00198673624016
84,0.266717081523
85,0.0136782674016
86,0.17405984724
87,0.0771355379326
88,0.173611599876
89,0.496774660251
90,0.150350390371
91,0.38749884937
92,0.0503790481373
93,0.0133176699561
94,0.151471051289
95,0.0749623338573
96,0.0229622416747
97,0.00213304901725
98,0.29011008344
99,0.309727790398
100,0.394135870151
101,0.413574711499
102,0.368591485711
103,0.0575609271804
104,0.0926359478206
105,0.017809957572
106,0.330452880805
107,0.0819420550483
108,0.0844070060719
109,0.0082584618555
110,0.166190835077
111,0.312777552682
112,0.316784957253
113,0.217671926949
114,0.0686118742394
115,0.533051623373
116,0.260991726235
117,0.126183184799
118,0.34035776559
119,0.0761924880898
120,0.024366661346
121,0.00855523696177
122,0.51472733701
123,0.510631563894
124,0.253477211138
125,0.570224222525
