site,jsd
1,0.131080146225
2,0.137824740482
3,0.119165622162
4,0.1379306714
5,0.115265345278
6,0.468189063474
7,0.106253306366
8,0.0970359089707
9,0.120676953491
10,0.10867740487
11,0.0909616926084
12,0.192222917729
13,0.08189249731
14,0.12653674703
15,0.0971010013235
16,0.132176134395
17,0.120752816372
18,0.144259222554
19,0.12543052557
20,0.181286343545
21,0.169407612808
22,0.0827457875263
23,0.149993192439
24,0.122113425426
25,0.166457359296
26,0.170938338194
27,0.187482680206
28,0.215161789821
29,0.142203484788
30,0.133290988898
31,0.105446201331
32,0.268932046977
33,0.124048515001
34,0.239232153644
35,0.220248743523
36,0.252379185892
37,0.117571654586
38,0.154617328495
39,0.159565442705
40,0.252279330269
41,0.152920771887
42,0.187595360984
43,0.193025705044
44,0.171704832926
45,0.145388237318
46,0.131046756599
47,0.397478291188
48,0.1517775409
49,0.26068593739
50,0.118077826413
51,0.161134811184
52,0.123108855292
53,0.131052437071
54,0.156924970994
55,0.160418578725
56,0.112707561804
57,0.131188795655
58,0.25107444826
59,0.156306640621
60,0.211626026704
61,0.11215565748
62,0.104137740531
63,0.105381930208
64,0.102249846796
65,0.11382985258
66,0.150654258698
67,0.148221172625
68,0.223866694696
69,0.105505282611
70,0.22861864789
71,0.154288492337
72,0.188686064625
73,0.163443472708
74,0.13825170717
75,0.102778626522
76,0.248441839708
77,0.106908100032
78,0.104930353706
79,0.077509388375
80,0.155527455552
81,0.257516514541
82,0.208153732152
83,0.0925156932262
84,0.176859941621
85,0.0907150505046
86,0.220608349056
87,0.11447050225
88,0.114583073268
89,0.15429969551
90,0.106554923457
91,0.186469405775
92,0.102897117403
93,0.102156713912
94,0.113929060141
95,0.118360730019
96,0.0972551397864
97,0.109124525145
98,0.212083762908
99,0.14984355473
100,0.128847511962
101,0.120314311211
102,0.145235521192
103,0.0946179628982
104,0.140782820175
105,0.129942904137
106,0.103852948879
107,0.206703047815
108,0.101204274542
109,0.120390168779
110,0.0983691064207
111,0.098258507274
112,0.178870316829
113,0.128836639116
114,0.103578945847
115,0.179958533161
116,0.158923605262
117,0.109839322015
118,0.158486380495
119,0.108917993999
120,0.2113528401
121,0.133970862725
122,0.188808915262
123,0.129942337518
124,0.114327641427
125,0.145798796835