site,jsd
1,0.0703599990932
2,0.0556683405277
3,0.128395125495
4,0.0778891585917
5,0.113248159549
6,0.116424919946
7,0.125544738161
8,0.219639366045
9,0.0833528324011
10,0.0617278437054
11,0.0770460442181
12,0.172066466028
13,0.149117796553
14,0.069113105516
15,0.0661886025417
16,0.144540396383
17,0.121410630161
18,0.0960015195131
19,0.0832212058817
20,0.199543234605
<<<<<<< HEAD
21,0.140746462421
=======
21,0.140746462422
>>>>>>> 9b9d8c969f3ccae374e7e875be641560009d74b2
22,0.108670588468
23,0.0756264596604
24,0.0762438111539
25,0.0953084574526
26,0.0896758754005
27,0.130844625609
28,0.186590551958
29,0.0736504937094
30,0.131937485492
31,0.127214029743
32,0.130194733244
33,0.237296009392
34,0.0908675731042
35,0.0777211053471
36,0.103977330683
37,0.133253260768
38,0.323320982472
39,0.0778371891405
40,0.072795089771
41,0.0895844242364
42,0.14900019058
43,0.103336480877
44,0.0869488047945
45,0.123533926237
46,0.182459909096
47,0.0925900752485
48,0.0942858495106
49,0.121263435956
50,0.127703702297
51,0.108337036905
52,0.0579646026596
53,0.0433227166329
54,0.0879480598156
55,0.124581589811
56,0.0768735884139
57,0.118890413457
58,0.0955098218425
59,0.097363735535
60,0.169498689826
61,0.0901545079317
62,0.0815847723582
63,0.173923191362
64,0.0876405837856
65,0.234191169976
66,0.100860763258
67,0.130255816127
68,0.0918782797997
69,0.0673131632994
70,0.0887530676543
71,0.103517482312
72,0.0759601670788
73,0.100296235823
74,0.209445108206
75,0.150889042257
76,0.0758357842007
77,0.0776186074122
78,0.113544573147
79,0.0702649660567
80,0.0901676797621
81,0.0896092242802
82,0.163896544397
83,0.187163061889
84,0.122488709431
85,0.0736162580081
86,0.0994585803567
87,0.0698109872346
88,0.0905719570861
89,0.122163663844
90,0.0984609459061
91,0.0821369023214
92,0.0783214515955
93,0.0882039829435
94,0.0769926249967
95,0.0945246319611
96,0.132763700022
97,0.103289472968
98,0.0745685040983
99,0.0851176463403
100,0.0968058014344
101,0.163599277117
102,0.0957774891251
103,0.131481619623
104,0.179463951346
105,0.107902961755
106,0.109705344626
107,0.19739433608
108,0.126551039916
109,0.125935224587
110,0.118786306713
111,0.0832029656209
112,0.164317427683
113,0.110737446195
114,0.0805683856518
115,0.187286555713