site,jsd
1,0.0804581723955
2,0.0550471619694
3,0.118724684674
4,0.0768433234264
5,0.109974004973
6,0.120096283703
7,0.123745248695
8,0.189583938499
9,0.0796500597652
10,0.0596592122061
11,0.0778022474997
12,0.163114783078
13,0.105749509918
14,0.063308483352
15,0.0671207263501
16,0.142429781499
17,0.126428367503
18,0.0857421791777
19,0.0819930309461
20,0.161175668619
21,0.087101584534
22,0.0954160262471
23,0.0689455655553
24,0.0881105866605
25,0.0611375507087
26,0.0772848049221
27,0.143330884788
28,0.165485425299
29,0.0638092765658
30,0.140398252688
31,0.138196316918
32,0.153028911135
33,0.200430100093
34,0.101144193855
35,0.0717060627913
36,0.101037593525
37,0.148856317554
38,0.224028523243
39,0.0840525516879
40,0.0631164667114
41,0.0990497981043
42,0.109138130023
43,0.0876364230636
44,0.10503081702
45,0.0826841325167
46,0.150609210858
47,0.08292385003
48,0.0838140337227
49,0.138614386926
50,0.121476277818
51,0.118917571583
52,0.0551709595518
53,0.0589181267151
54,0.0715499038906
55,0.127533307076
56,0.071878762655
57,0.0995510273169
58,0.0949799807513
59,0.127047302323
60,0.121886927268
61,0.0966393825305
62,0.0866333820041
63,0.119893353136
64,0.0884356503663
65,0.166984136979
66,0.105724685878
67,0.114838151429
68,0.082767972425
69,0.062106510037
70,0.0813078748699
71,0.0978173663624
72,0.0663652028337
73,0.0958963034423
74,0.190018951091
75,0.142763922587
76,0.0732054114548
77,0.0706005229885
78,0.103821217656
79,0.0641990190019
80,0.0870695841635
81,0.0899234553649
82,0.16416641526
83,0.141496960113
84,0.11744136461
85,0.0580550651147
86,0.0875761575968
87,0.0563840388438
88,0.0804521349731
89,0.137554361488
90,0.0937744723578
91,0.0621134424382
92,0.0969508397037
93,0.0832604112201
94,0.0837786559103
95,0.0846909334922
96,0.157132622295
97,0.0948838413387
98,0.0840778935671
99,0.0861067957576
100,0.105777910714
101,0.188014670138
102,0.0743077469771
103,0.147053060333
104,0.142676200543
105,0.119725267857
106,0.104461205819
107,0.139311925781
108,0.113135888297
109,0.125377076171
110,0.131195184609
111,0.0909438511592
112,0.125641504993
113,0.110958031596
114,0.0963710591157
115,0.137716214284