site,dnds
1,0.241642054384
2,0.561321693234
3,0.403331734295
4,0.321594729908
5,0.746103806009
6,0.30739266356
7,0.619893147641
8,0.270485485245
9,0.637122736719
10,0.60214105393
11,0.706243485026
12,0.223909369172
13,0.395312180248
14,0.362594376981
15,0.459257493675
16,0.355522063181
17,0.588085687097
18,0.429752406124
19,0.521483778799
20,0.0966290657761
21,0.0635364431403
22,0.522596843987
23,0.403631386835
24,0.18940379336
25,0.350786074275
26,0.17996631403
27,0.145117281192
28,0.210957307099
29,0.288690075086
30,0.0923889489741
31,0.532842874108
32,0.536581076217
33,0.224537480049
34,0.18685934591
35,0.376453461306
36,0.241689581174
37,0.227415206988
38,0.218329238679
39,0.51500311997
40,0.0501563396968
41,0.267536078744
42,0.106179030741
43,0.384252070331
44,0.23567323192
45,0.472634073803
46,0.445671037687
47,0.316737445211
48,0.524593561634
49,0.158159200365
50,0.304321865105
51,0.243392212408
52,0.572748276558
53,0.308929569585
54,0.585162683064
55,0.522259800176
56,0.0426752350732
57,0.311308126286
58,0.0909907516962
59,0.199569173159
60,0.213806953856
61,0.577391296855
62,0.402240675234
63,0.414987749432
64,0.584019582063
65,0.471559207969
66,0.265820046746
67,0.424524758789
68,0.398476629753
69,0.734738556227
70,0.496501010114
71,0.570207893041
72,0.425700674379
73,0.430411109155
74,0.0553491492074
75,0.413103234466
76,0.593760361317
77,0.381593201854
78,0.374630866704
79,0.0569891419424
80,0.609142491041
81,0.381253263611
82,0.594302420819
83,0.136715152273
84,0.2653606363
85,0.360022579878
86,0.123559236112
87,0.361447487575
88,0.504671181958
89,0.103402322128
90,0.163594501568
91,0.364877849613
92,0.438195581539
93,0.533449480564
94,0.0426238249641
95,0.357342862229
96,0.0800301305275
97,0.295628818702
98,0.502432891789
99,0.499821200175
100,0.367413056358
101,0.373991658311
102,0.288940703361
103,0.0877720722377
104,0.0351856983988
105,0.213365138198
106,0.235140530183
107,0.393754105587
108,0.422977461739
109,0.340343074249
110,0.0982638321712
111,0.115057149831
112,0.195742974414
113,0.262283616245
114,0.233817597177
115,0.295948264506