site,dnds
1,0.245114322499
2,0.563128026395
3,0.413067042509
4,0.327236742642
5,0.748135381854
6,0.310618896323
7,0.623528715764
8,0.27417862923
9,0.641057606189
10,0.604108720349
11,0.707954099211
12,0.230151886148
13,0.400162993387
14,0.366382324621
15,0.462284588959
16,0.359462603422
17,0.589458029164
18,0.43506170261
19,0.524977062717
20,0.108453156485
21,0.0732708087042
22,0.526444857723
23,0.405326329558
24,0.195276619348
25,0.351460331278
26,0.18451950273
27,0.150795300476
28,0.214595914204
29,0.294391446289
30,0.0950062463676
31,0.535797293918
32,0.540969871082
33,0.227854716508
34,0.189549114777
35,0.382025838826
36,0.246214817695
37,0.234799763359
38,0.226576685618
39,0.517645584363
40,0.0547598266451
41,0.273447751301
42,0.116188619533
43,0.386488042055
44,0.244228704135
45,0.478892045175
46,0.45598187626
47,0.321339601483
48,0.530209835077
49,0.163544757425
50,0.313569116579
51,0.246472410948
52,0.576384095487
53,0.310921409119
54,0.58929048664
55,0.524716858906
56,0.0456859013666
57,0.320771130225
58,0.0924369917483
59,0.208925619782
60,0.225013945174
61,0.579583879642
62,0.408302444819
63,0.428080873716
64,0.586218111442
65,0.479805494348
66,0.271536819173
67,0.430365628031
68,0.405966495388
69,0.73865900767
70,0.500981865131
71,0.575831999484
72,0.430586047532
73,0.434613407611
74,0.0651353700589
75,0.416056975998
76,0.595189232183
77,0.385786490527
78,0.37922945644
79,0.061518535988
80,0.611766185045
81,0.383309512414
82,0.596462617924
83,0.144213200655
84,0.272587090032
85,0.364276592382
86,0.128918913702
87,0.366902292482
88,0.510532502523
89,0.111968169511
90,0.168207213203
91,0.372535324691
92,0.44406292105
93,0.53830386501
94,0.0453767531927
95,0.369950778021
96,0.0816466639192
97,0.301056311793
98,0.508941949407
99,0.503460884203
100,0.371094248535
101,0.382427904821
102,0.292678874465
103,0.0933691278152
104,0.0446637729206
105,0.215628775741
106,0.241831386617
107,0.411399489015
108,0.433033938514
109,0.343871659569
110,0.105989093307
111,0.124484187871
112,0.212669471002
113,0.264847437356
114,0.238074549524
115,0.308191592254