site,dnds
1,0.274764227011
2,0.575202130988
3,0.441376023043
4,0.355815476473
5,0.755752376108
6,0.344137453501
7,0.637340475185
8,0.332175645534
9,0.658207119162
10,0.613328814097
11,0.723214440429
12,0.268491618972
13,0.466048014306
14,0.388370634001
15,0.484177768179
16,0.385203673991
17,0.600034288961
18,0.459778352825
19,0.5437045608
20,0.167649036194
21,0.142605636726
22,0.542882998528
23,0.432870327751
24,0.251786394731
25,0.361663750523
26,0.222843434237
27,0.229360364065
28,0.26614870376
29,0.324614897289
30,0.147234352617
31,0.562765073865
32,0.580824374627
33,0.296166715448
34,0.230986863952
35,0.41271917216
36,0.278672012896
37,0.279720357998
38,0.29256802506
39,0.542816183412
40,0.12712093765
41,0.333085648238
42,0.183539206032
43,0.412693784613
44,0.306870523687
45,0.562430107141
46,0.510702041453
47,0.386565943677
48,0.551128822162
49,0.272501957393
50,0.344920473093
51,0.285947596703
52,0.587544219238
53,0.356653990053
54,0.613824041293
55,0.540499808835
56,0.0891908699863
57,0.3519290739
58,0.128401324151
59,0.284706277982
60,0.257688979584
61,0.594898582573
62,0.424494620027
63,0.46518482863
64,0.60171964443
65,0.514413262203
66,0.310292033243
67,0.459010043587
68,0.434733035487
69,0.751582945721
70,0.518433566899
71,0.591871154827
72,0.454245768625
73,0.458659485072
74,0.150432731038
75,0.442902172801
76,0.608067375538
77,0.41319658906
78,0.401810977385
79,0.11631520731
80,0.622758869227
81,0.403545977751
82,0.621934413578
83,0.209798748397
84,0.311015893173
85,0.392306123274
86,0.175841297683
87,0.390602253349
88,0.526819517062
89,0.234569215734
90,0.207902568731
91,0.410067000575
92,0.493661406209
93,0.558752040739
94,0.107632045425
95,0.428099732689
96,0.191784922346
97,0.331681616368
98,0.538934861377
99,0.529433865367
100,0.409003941331
101,0.420878702002
102,0.322096457901
103,0.212001490264
104,0.154064071904
105,0.250579414658
106,0.284519875223
107,0.477055784701
108,0.461117756505
109,0.370986433633
110,0.207832816152
111,0.197441436292
112,0.266188241267
113,0.302728538994
114,0.27695368983
115,0.350329376661