site,dnds
1,0.356319979589
2,0.665930767105
3,0.567002074791
4,0.328994432519
5,0.77548151103
6,0.42479161589
7,0.688736789352
8,0.348463150641
9,0.648717911125
10,0.650358415093
11,0.776986093919
12,0.388682911005
13,0.574660043547
14,0.328994432519
15,0.54178467622
16,0.495402728208
17,0.635868036291
18,0.470827748243
19,0.568082371304
20,0.221103093395
21,0.156497241015
22,0.594790773179
23,0.411252359211
24,0.392922169302
25,0.397740465873
26,0.392770818405
27,0.220838706153
28,0.41894919332
29,0.328994432519
30,0.3283857958
31,0.623709840811
32,0.647345839965
33,0.220838706153
34,0.27421761478
35,0.508858671844
36,0.322548474127
37,0.312162372888
38,0.221128737191
39,0.519822399944
40,0.347630909654
41,0.447815679133
42,0.220838706153
43,0.516853518553
44,0.466726633321
45,0.654727736182
46,0.597970974768
47,0.527483766109
48,0.62428437974
49,0.221073219179
50,0.438916512492
51,0.418843246182
52,0.609461529185
53,0.41596119107
54,0.648717911125
55,0.588684782985
56,0.216239424323
57,0.445416493882
58,0.155731193251
59,0.220838706153
60,0.328994432519
61,0.632851132244
62,0.33058065357
63,0.52601939585
64,0.657703597899
65,0.609461529185
66,0.397939930786
67,0.498092581741
68,0.376202512509
69,0.736907360178
70,0.557991796343
71,0.630434285686
72,0.559043928114
73,0.552497603471
74,0.276760401917
75,0.535062956568
76,0.660095191194
77,0.537046050133
78,0.484027362032
79,0.20316513734
80,0.688736789352
81,0.411252359211
82,0.603830218101
83,0.378528330743
84,0.311335889549
85,0.470393278794
86,0.216967878728
87,0.477528678268
88,0.605417268697
89,0.389265289968
90,0.328849448142
91,0.550253536556
92,0.518720220594
93,0.622151554053
94,0.155731193251
95,0.580429638199
96,0.220838706153
97,0.450348405707
98,0.633127730303
99,0.633517835985
100,0.538164602331
101,0.400417199163
102,0.430473937081
103,0.366884856425
104,0.220838706153
105,0.371723364548
106,0.423361762619
107,0.589974772751
108,0.580256742058
109,0.438916512492
110,0.38256092366
111,0.220838706153
112,0.329754813989
113,0.311335889549
114,0.222829747262
115,0.464206193584