site,dnds
1,0.245185457794
2,0.562807788194
3,0.409188161297
4,0.325815646334
5,0.747222774259
6,0.311171237156
7,0.622154334854
8,0.276335915484
9,0.639489415933
10,0.603135803545
11,0.708077242622
12,0.227959886377
13,0.404961952925
14,0.365416965226
15,0.462074566245
16,0.358595901287
17,0.589383412419
18,0.433468396173
19,0.523904129171
20,0.105355457874
21,0.0730943332311
22,0.524892587876
23,0.406793356097
24,0.195457694738
25,0.351641860411
26,0.184027762849
27,0.155246571147
28,0.217073134125
29,0.293548347226
30,0.0975344683709
31,0.536352886716
32,0.542233380278
33,0.233311753135
34,0.191421064405
35,0.380241802077
36,0.245250074209
37,0.238476614382
38,0.22720289903
39,0.518165296168
40,0.0552121234419
41,0.276863400789
42,0.114727734324
43,0.386869573437
44,0.244738724977
45,0.486055430897
46,0.457193978662
47,0.324859815594
48,0.527969961683
49,0.176165205469
50,0.309224195754
51,0.247575823285
52,0.574541363067
53,0.314300853302
54,0.588691598205
55,0.524226576568
56,0.0495389111493
57,0.316537379879
58,0.0945959687116
59,0.21439156453
60,0.221114828948
61,0.579277359054
62,0.406856716572
63,0.425001608756
64,0.585788618774
65,0.480792616353
66,0.270365290878
67,0.428445396486
68,0.402622854697
69,0.736729735478
70,0.499008789281
71,0.572863444425
72,0.428825230728
73,0.433556657764
74,0.0633305064645
75,0.416610235261
76,0.595271754683
77,0.385138496908
78,0.377704605431
79,0.061150775487
80,0.610723922484
81,0.38358301074
82,0.597457347498
83,0.143443339341
84,0.270201586889
85,0.36354728643
86,0.128444763458
87,0.364990708458
88,0.50736304358
89,0.119807937648
90,0.168008345738
91,0.369781925267
92,0.445704634059
93,0.536585572732
94,0.0484158774371
95,0.366956714744
96,0.0938061527392
97,0.299183933932
98,0.508343239799
99,0.503106437648
100,0.372235854978
101,0.382498877022
102,0.292086931543
103,0.10232521998
104,0.0454469216307
105,0.217190532209
106,0.240539339258
107,0.411259539671
108,0.428151352154
109,0.343381054409
110,0.120193978547
111,0.124344506512
112,0.209460090754
113,0.266411066221
114,0.238645200938
115,0.305809059898