site,jsd
1,0.0679035933729
2,0.0543781644352
3,0.122474543366
4,0.072294447214
5,0.112457120274
6,0.110186544462
7,0.124316126058
8,0.194947035367
9,0.0806844430721
10,0.0598498640394
11,0.0770295141912
12,0.169931850161
13,0.14617937341
14,0.0658435767189
15,0.0643686143611
16,0.14159460662
17,0.122156099857
18,0.0907512391926
19,0.0814457265048
20,0.182583668921
21,0.119745372859
22,0.105438766991
23,0.0753359937428
24,0.0675887645228
25,0.088390370895
26,0.0854509046451
27,0.116087851396
28,0.174391774183
29,0.0699709733924
30,0.118829581139
31,0.12716115001
32,0.130318032103
33,0.216584255209
34,0.0872792513309
35,0.0737654811361
36,0.097598745569
37,0.123013969212
38,0.288686359926
39,0.0775804122121
40,0.0666388619608
41,0.0787425381521
42,0.129884829038
43,0.0978489378224
44,0.0761945580165
45,0.120672150503
46,0.175852014706
47,0.0909221222287
48,0.0900953466632
49,0.100242342428
50,0.112249577018
51,0.103413120206
52,0.0556079089601
53,0.0434653792155
54,0.0850526099583
55,0.124421767185
56,0.0725689904041
57,0.103693306254
58,0.0838911378803
59,0.0902322999138
60,0.150916666526
61,0.0904917675701
62,0.0789864755936
63,0.155351192959
64,0.0865369252514
65,0.223450615965
66,0.0975377830168
67,0.122724305246
68,0.0843653580165
69,0.0645586949668
70,0.0853866221014
71,0.100694879087
72,0.071789743798
73,0.0990632154547
74,0.198035613038
75,0.150556585138
76,0.0751023679309
77,0.0739452293827
78,0.107131143064
79,0.0638686867872
80,0.0889340177184
81,0.0879498176654
82,0.164067118683
83,0.176172609743
84,0.114652767712
85,0.0677670445063
86,0.0891428870209
87,0.064838975697
88,0.0845098051459
89,0.106949442772
90,0.0924587905238
91,0.0752985846619
92,0.077675894273
93,0.085600065722
94,0.0705076880966
95,0.0873272171419
96,0.122262046795
97,0.0984086670622
98,0.0736877661531
99,0.0814265338683
100,0.0959880989197
101,0.167697587097
102,0.0925071165751
103,0.113108365897
104,0.150403508147
105,0.105651215102
106,0.100215349363
107,0.184666093033
108,0.116621010774
109,0.117154266225
110,0.106541530336
111,0.0734380149254
112,0.144827217412
113,0.0993368788875
114,0.0782452860407
115,0.174677830065