site,jsd
1,0.104127906786
2,0.10411604626
3,0.0900505437203
4,0.0832480008431
5,0.0758146476164
6,0.47276089808
7,0.0716492515083
8,0.0650215548405
9,0.107642355702
10,0.0914334258121
11,0.102593302474
12,0.111138021249
13,0.0717534179569
14,0.120507334444
15,0.0767076508014
16,0.0973550203414
17,0.0949334087319
18,0.0674537868172
19,0.0941400526822
20,0.143858838734
21,0.109280694245
22,0.0996063073938
23,0.0816687911294
24,0.0876342418753
25,0.126135452916
26,0.13450337244
27,0.102676461869
28,0.141648755881
29,0.12070973377
30,0.150748614922
31,0.0562661162528
32,0.25075716309
33,0.101869623262
34,0.188508293321
35,0.182404867214
36,0.2256684312
37,0.0670304967602
38,0.157753740938
39,0.131027622532
40,0.19766139634
41,0.117384474
42,0.146192754625
43,0.144428277648
44,0.0957251606706
45,0.111681259142
46,0.153298787791
47,0.191265739834
48,0.111557545907
49,0.138424703323
50,0.0672199257327
51,0.150427554389
52,0.170038266604
53,0.0970586083996
54,0.099906933438
55,0.104310138708
56,0.113380149057
57,0.108139686395
58,0.218902914377
59,0.0752093572274
60,0.13754954176
61,0.123972104377
62,0.103266955506
63,0.0762536956323
64,0.0797967287207
65,0.0477039458351
66,0.0824902413553
67,0.144741222557
68,0.0930399664809
69,0.0877151827619
70,0.131276595907
71,0.137752247991
72,0.103446054794
73,0.133752581648
74,0.101144047607
75,0.0873128150257
76,0.198301262447
77,0.11233665728
78,0.0674767136834
79,0.0861600577998
80,0.137046512742
81,0.197047605018
82,0.175923231185
83,0.105846858907
84,0.139977461878
85,0.0708927082422
86,0.0819624303229
87,0.0916948907561
88,0.124870566634
89,0.0868077218879
90,0.0740265249182
91,0.141108720234
92,0.0870034532784
93,0.100587839278
94,0.0887856467688
95,0.0712457522083
96,0.0992341593588
97,0.114846482267
98,0.13606610911
99,0.137038200135
100,0.0813785781377
101,0.0506073782891
102,0.1055245557
103,0.0729495393008
104,0.14463312451
105,0.120644605683
106,0.0486109377726
107,0.189739621803
108,0.104080441916
109,0.115365391518
110,0.0696982091718
111,0.157148460711
112,0.098794637503
113,0.120019130343
114,0.096694039433
115,0.128012521196
116,0.123756497264
117,0.0861565336454
118,0.148034005122
119,0.0868267587067
120,0.165690938945
121,0.114639716038
122,0.104994550572
123,0.0657924308838
124,0.0684492290845
125,0.15353578462