site,dnds
1,0.271059552554
2,0.251050732127
3,0.420302735992
4,0.434306930851
5,0.448418774233
6,0.440532607139
7,0.370630381075
8,0.185842466168
9,0.195077714011
10,0.26084032084
11,0.322065710998
12,0.338794613902
13,0.191671798225
14,0.410567867527
15,0.293734044949
16,0.327227632545
17,0.259383293728
18,0.685986709725
19,0.601308866775
20,0.523967747034
21,0.599368800876
22,0.179333642465
23,0.37657481534
24,0.394627626681
25,0.733269475498
26,0.378470273617
27,0.509561670365
28,0.519346955095
29,0.30546236283
30,0.372102518356
31,0.382598947432
32,0.652587466496
33,0.501394887378
34,0.720777643404
35,0.683125786602
36,0.673503452342
37,0.540537662712
38,0.503469714156
39,0.680293154174
40,0.680587121744
41,0.441693194367
42,0.284165765011
43,0.696374321021
44,0.776538151586
45,0.275984506238
46,0.593154046598
47,0.621866504927
48,0.387279485925
49,0.597854855369
50,0.740737631911
51,0.516529372632
52,0.248291289499
53,0.566781457265
54,0.51935674283
55,0.527695379366
56,0.208412139168
57,0.523135357728
58,0.717224813356
59,0.543591673338
60,0.560010066844
61,0.589772806386
62,0.181355333248
63,0.28997259841
64,0.200919054793
65,0.451640616924
66,0.532182186626
67,0.388038341195
68,0.377925671669
69,0.395765586307
70,0.584932563183
71,0.377951198863
72,0.686784868469
73,0.40635966623
74,0.408204215548
75,0.320366610493
76,0.611529273063
77,0.639328892678
78,0.62109129265
79,0.219831126065
80,0.718976849769
81,0.556357983716
82,0.584516022137
83,0.295467660679
84,0.64049451714
85,0.21127200481
86,0.432490951303
87,0.250351128009
88,0.399914643259
89,0.709988495765
90,0.340638718533
91,0.637379043019
92,0.17006939038
93,0.195913358956
94,0.322696689298
95,0.310182224911
96,0.327831320343
97,0.23409662924
98,0.636498344028
99,0.602035223041
100,0.646875803094
101,0.643090311299
102,0.590898093159
103,0.567132656451
104,0.191146116975
105,0.262090919241
106,0.569679644246
107,0.434959520028
108,0.316293638909
109,0.254922122565
110,0.28594735299
111,0.683653596817
112,0.592975640539
113,0.543479438813
114,0.35257903263
115,0.736415503525
116,0.450644838397
117,0.467388425736
118,0.483119774197
119,0.370220613946
120,0.633315569166
121,0.343503681637
122,0.670296178621
123,0.658594330406
124,0.485619002826
125,0.713454388704