site,dnds
1,0.285478769876
2,0.221762306204
3,0.230652239952
4,0.231467789484
5,0.327659065562
6,0.15500811988
7,0.218813147399
8,0.105783205339
9,0.24329424004
10,0.205551586705
11,0.220498125944
12,0.274886127202
13,0.0961103686325
14,0.253391392447
15,0.132557443078
16,0.229511843162
17,0.188708810051
18,0.489948094418
19,0.175041112071
20,0.374360624412
21,0.384252230332
22,0.0972170444176
23,0.221091765162
24,0.132328847578
25,0.487201911343
26,0.14491908562
27,0.337915455439
28,0.330159139195
29,0.177470332163
30,0.210116297677
31,0.248179259419
32,0.224882900153
33,0.207362257679
34,0.419280776232
35,0.502572747576
36,0.581944402282
37,0.400173138835
38,0.321694073891
39,0.426717277538
40,0.418606131951
41,0.278771814182
42,0.216607075511
43,0.468987065702
44,0.515862715015
45,0.319766780516
46,0.461197237595
47,0.420409569748
48,0.150004827436
49,0.350512912342
50,0.563240939241
51,0.189923195473
52,0.188225380475
53,0.222662689185
54,0.451637367778
55,0.492001741729
56,0.123467714043
57,0.285230432698
58,0.513778196522
59,0.263932166367
60,0.395786721049
61,0.503495704577
62,0.181330618207
63,0.152786638241
64,0.155932314094
65,0.16416407615
66,0.306462508138
67,0.197748904905
68,0.211532844545
69,0.15816526495
70,0.303164259603
71,0.221255533342
72,0.446813667976
73,0.287156043001
74,0.258052513643
75,0.166738661681
76,0.403712726635
77,0.437978400745
78,0.384213701401
79,0.127764379408
80,0.578420381999
81,0.346470966004
82,0.380654876004
83,0.222507136064
84,0.297318107017
85,0.141991013142
86,0.213443514718
87,0.164340956314
88,0.227451098463
89,0.513497098484
90,0.239723302687
91,0.416408072464
92,0.14298835177
93,0.239134293475
94,0.218133538741
95,0.148042742018
96,0.179759442976
97,0.29791690127
98,0.333269045629
99,0.324253935288
100,0.422927524836
101,0.421354350717
102,0.37927150931
103,0.197656837038
104,0.206497833396
105,0.233617108182
106,0.343225042144
107,0.14865356534
108,0.221563291057
109,0.279485200726
110,0.198864733977
111,0.368301940082
112,0.370603669884
113,0.265543247826
114,0.204328672953
115,0.543827377219
116,0.29589021663
117,0.164650056576
118,0.369637363231
119,0.146271055393
120,0.26329425954
121,0.28926327728
122,0.547177957937
123,0.530234229536
124,0.283446009168
125,0.581437824077
