site,dnds
1,0.0910227103312
2,0.100040721403
3,0.245222995247
4,0.273926811384
5,0.306047475734
6,0.246993906435
7,0.220694698957
8,0.0604242318206
9,0.0421131898322
10,0.106137118605
11,0.188069304398
12,0.131882628127
13,0.0685099511454
14,0.296061536313
15,0.15339484453
16,0.17650958269
17,0.101578492914
18,0.573785336707
19,0.42489829477
20,0.409245836166
21,0.499378802882
22,0.0503276726638
23,0.183828355328
24,0.159348841854
25,0.633759396039
26,0.183419280791
27,0.325207245646
28,0.347667454211
29,0.163340140743
30,0.247783763407
31,0.255566772945
32,0.40174443389
33,0.198464149124
34,0.61932603685
35,0.584058419835
36,0.543412390619
37,0.427138029157
38,0.386973956999
39,0.62318569774
40,0.58082131818
41,0.323333002129
42,0.106553872274
43,0.56345742128
44,0.66380182897
45,0.0625842556287
46,0.448277231799
47,0.47189256298
48,0.247506906016
49,0.508993208314
50,0.60570947593
51,0.373445260308
52,0.147462766938
53,0.266151963946
54,0.424266386314
55,0.405355282445
56,0.0992605274949
57,0.401263059436
58,0.607589459769
59,0.388360763152
60,0.398868609619
61,0.488030912719
62,0.0815448729358
63,0.113388365476
64,0.0467077227733
65,0.29737216727
66,0.371430999191
67,0.236793282957
68,0.168878722305
69,0.2313416149
70,0.288130799887
71,0.239058061838
72,0.572877996619
73,0.242435528377
74,0.226947238277
75,0.149200928411
76,0.431430581607
77,0.52574275075
78,0.498339947094
79,0.105427866683
80,0.609625825725
81,0.407714414957
82,0.466454667192
83,0.191506664548
84,0.4594102974
85,0.104511524666
86,0.245732844024
87,0.122155051231
88,0.326981295721
89,0.580708879788
90,0.24324501692
91,0.524144166474
92,0.0525658752848
93,0.0480521752397
94,0.201618548427
95,0.16718109097
96,0.231851248046
97,0.100160646637
98,0.518590590024
99,0.426792306801
100,0.526516750896
101,0.533500415077
102,0.469898401771
103,0.302383271507
104,0.0732156739476
105,0.0820617490611
106,0.424839736297
107,0.27507175499
108,0.147872978435
109,0.0838120146177
110,0.169254826549
111,0.543529322634
112,0.447725528955
113,0.417644104185
114,0.224063587421
115,0.598436626032
116,0.331822286727
117,0.342338701615
118,0.374495816542
119,0.270331572937
120,0.269630154315
121,0.187943389497
122,0.484532860146
123,0.53846918065
124,0.36467700487
125,0.608757539712