site,dnds
1,0.0513163054897
2,0.142207027949
3,0.149685560417
4,0.177013360374
5,0.307642698951
6,0.0615855937752
7,0.186401158058
8,0.0249707931459
9,0.00925590448243
10,0.0526589980857
11,0.00533096059402
12,0.216956065964
13,0.00766387884141
14,0.217062620885
15,0.0677002390412
16,0.164901956176
17,0.0985673042789
18,0.456297043548
19,0.100325842658
20,0.350658796052
21,0.335209602938
22,3.05847531277e-05
23,0.169898100593
24,0.0374181172236
25,0.466870847922
26,0.0948100799361
27,0.307463355488
28,0.311100075632
29,0.0958144433816
30,0.130089773799
31,0.212254364141
32,0.180267393307
33,0.00621769434511
34,0.393212209964
35,0.487521792401
36,0.556042461765
37,0.368690434335
38,0.27503903016
39,0.406339785196
40,0.39371116208
41,0.241431382508
42,0.0800690845239
43,0.443124437043
44,0.488357335404
45,0.0123305039532
46,0.432399478364
47,0.420264866012
48,0.085530207493
49,0.301060281571
50,0.54215825576
51,0.113148988152
52,0.0840379575927
53,0.110943462351
54,0.409611018231
55,0.454585580852
56,0.00729227654287
57,0.253788688356
58,0.48939660078
59,0.194918269298
60,0.372303279501
61,0.48106072906
62,0.0307330017517
63,0.0763616034888
64,0.0148246480181
65,0.110520974332
66,0.257222963579
67,0.141168291036
68,0.107400154239
69,0.0965412210359
70,0.176990157493
71,0.0283302406849
72,0.412534434749
73,0.266234709623
74,0.198394505613
75,0.097411495866
76,0.366476759252
77,0.395068837392
78,0.361896473635
79,2.94011131828e-05
80,0.561831747004
81,0.298936170697
82,0.368296561379
83,3.14707665765e-05
84,0.259841739291
85,0.0117236695806
86,0.170211804424
87,0.0735588245629
88,0.168009669094
89,0.490060303401
90,0.146640167844
91,0.379488424207
92,0.0468197269389
93,0.00853838573528
94,0.148608928436
95,0.0713282064005
96,0.0206024504663
97,3.47123469254e-05
98,0.286995627594
99,0.306552398226
100,0.385751718502
101,0.408449596906
102,0.365126505337
103,0.0528164343254
104,0.0926176513532
105,0.0140237772912
106,0.328263212934
107,0.0785242176695
108,0.0818415326428
109,0.00485005671272
110,0.161748935734
111,0.305743420123
112,0.306838738388
113,0.210155093628
114,0.0651470117877
115,0.528485879487
116,0.251210624975
117,0.123560367509
118,0.336366709016
119,0.0720073970971
120,0.0197601112577
121,0.00487954697876
122,0.509970161853
123,0.503957868641
124,0.249605733463
125,0.567006682251
