site,dnds
1,0.206566565738
2,0.163936766269
3,0.321317724682
4,0.314655489113
5,0.333888874087
6,0.311949185968
7,0.253841238887
8,0.163056392327
9,0.190276549572
10,0.183098503679
11,0.241819396544
12,0.221033406464
13,0.125690099877
14,0.332646785865
15,0.207924553104
16,0.228398486718
17,0.173103065493
18,0.593616239863
19,0.478422886367
20,0.439188202692
21,0.514318487328
22,0.132711286211
23,0.232073347167
24,0.255697338599
25,0.647491761854
26,0.230273821872
27,0.382208471716
28,0.388677881836
29,0.229345578046
30,0.298977659277
31,0.307797891637
32,0.499159104085
33,0.337459860978
34,0.635439424006
35,0.605984029723
36,0.575545311308
37,0.44762015318
38,0.405002738277
39,0.638142250159
40,0.59664261497
41,0.353477177469
42,0.160411568315
43,0.592936840193
44,0.68973088044
45,0.252746258334
46,0.478750947534
47,0.50645316908
48,0.292284704609
49,0.523938096355
50,0.622306477875
51,0.405982130963
52,0.190125774315
53,0.357818452835
54,0.453327661399
55,0.435361644098
56,0.183166539792
57,0.426191570778
58,0.622653583711
59,0.419325586146
60,0.428763379469
61,0.508968561628
62,0.160356858038
63,0.17479548812
64,0.15113194034
65,0.339614010844
66,0.40065606977
67,0.281154658505
68,0.280942796171
69,0.272280675638
70,0.458097058744
71,0.281742006374
72,0.595249169008
73,0.268517098322
74,0.282367635068
75,0.220595958541
76,0.469562657727
77,0.541581277466
78,0.523323780046
79,0.176287645125
80,0.628012689438
81,0.443552666196
82,0.487391019289
83,0.266376273431
84,0.49472830641
85,0.154680724297
86,0.292527108606
87,0.180066365581
88,0.348037906719
89,0.605017437614
90,0.323150031024
91,0.540236350095
92,0.0904354585401
93,0.198557966523
94,0.231055258357
95,0.203046681366
96,0.290124061636
97,0.194248509363
98,0.542477527586
99,0.450941654454
100,0.553820698808
101,0.553156228727
102,0.495667299267
103,0.40096710994
104,0.10999192196
105,0.192994256543
106,0.451831157245
107,0.304482764274
108,0.260684676749
109,0.18635882141
110,0.242661331654
111,0.581146187494
112,0.484339353399
113,0.448562964658
114,0.269536826346
115,0.623092973798
116,0.36228198505
117,0.376569457804
118,0.414155593191
119,0.319586280718
120,0.381219735978
121,0.243199819099
122,0.521875934204
123,0.556510954407
124,0.388744214935
125,0.620628201302